[EfficientNav] running file: /home/min/test/EfficientNav/efficientnav.py
[EfficientNav] units module: /home/min/test/EfficientNav/units.py
[EfficientNav] planner model: /home/min/test/models/InternVL3-1B
[EfficientNav] H2O cache: enabled=False budget=2048 recent=256 heavy=256 protected_prefix=0
FlashAttention2 is not installed.
[AI2-THOR WARNING] There has been an update to ProcTHOR-10K that must be used with AI2-THOR version 5.0+. To use the new version of ProcTHOR-10K, please update AI2-THOR to version 5.0+ by running:
    pip install --upgrade ai2thor
Alternatively, to downgrade to the old version of ProcTHOR-10K, run:
   prior.load_dataset("procthor-10k", revision="ab3cacd0fc17754d4c080a3fd50b18395fae8647")
Loading train:   0%|          | 0/10000 [00:00<?, ?it/s]Loading train:  11%|█         | 1062/10000 [00:00<00:00, 10615.20it/s]Loading train:  22%|██▏       | 2190/10000 [00:00<00:00, 11005.64it/s]Loading train:  33%|███▎      | 3322/10000 [00:00<00:00, 11143.96it/s]Loading train:  44%|████▍     | 4437/10000 [00:00<00:00, 10849.21it/s]Loading train:  55%|█████▌    | 5524/10000 [00:00<00:00, 10514.23it/s]Loading train:  66%|██████▌   | 6578/10000 [00:00<00:00, 10453.61it/s]Loading train:  76%|███████▋  | 7625/10000 [00:00<00:00, 10359.85it/s]Loading train:  87%|████████▋ | 8742/10000 [00:00<00:00, 10609.90it/s]Loading train:  99%|█████████▊| 9862/10000 [00:00<00:00, 10788.66it/s]Loading train: 100%|██████████| 10000/10000 [00:00<00:00, 10706.60it/s]
Loading val:   0%|          | 0/1000 [00:00<?, ?it/s]Loading val: 100%|██████████| 1000/1000 [00:00<00:00, 11328.18it/s]
Loading test:   0%|          | 0/1000 [00:00<?, ?it/s]Loading test: 100%|██████████| 1000/1000 [00:00<00:00, 11507.76it/s]
Setting `pad_token_id` to `eos_token_id`:151645 for open-end generation.
Setting `pad_token_id` to `eos_token_id`:151645 for open-end generation.
Setting `pad_token_id` to `eos_token_id`:151645 for open-end generation.
Setting `pad_token_id` to `eos_token_id`:151645 for open-end generation.
Setting `pad_token_id` to `eos_token_id`:151645 for open-end generation.
Setting `pad_token_id` to `eos_token_id`:151645 for open-end generation.
Setting `pad_token_id` to `eos_token_id`:151645 for open-end generation.
Setting `pad_token_id` to `eos_token_id`:151645 for open-end generation.
[Debug] selectable goal names count=35 sample=['apple', 'bowl', 'cellphone', 'chair', 'countertop', 'creditcard', 'cup', 'diningtable', 'doorway', 'egg']
[Debug] requested EFFICIENTNAV_TARGET_OBJECT='toilet' not found in current house; skipping house
[Debug] skipping house because no target object could be selected
[Debug] selectable goal names count=64 sample=['apple', 'baseballbat', 'basketball', 'bed', 'book', 'bowl', 'box', 'bread', 'butterknife', 'candle']
[Debug] using requested target object=toilet
[Debug] reachable_positions=3342 candidate_objects_for_toilet=3
[Debug] starting independent environment episode=1/1
[Debug] experiment setup: seed=7 goal_instance_index=random start_index=random start_rotation=270.0 start_point=(10.250, 0.901, 9.750)
[Timing] pathfinder goal-distance elapsed=28.206s found=True
real_distance:32.909902576697306
[Debug] observation rotation: angle=0 pause=0.25s
[Debug] observation rotation: angle=90 pause=0.25s
[Debug] observation rotation: angle=180 pause=0.25s
[Debug] observation rotation: angle=270 pause=0.25s
[Debug] calling detection service: position_id=big+0+0 angle=0 prompt='toilet .'
[Debug] received detection service result: position_id=big+0+0 angle=0
[Debug] calling detection service: position_id=big+0+0 angle=90 prompt='toilet . doorway . table . floor .'
[Debug] received detection service result: position_id=big+0+0 angle=90
[Debug] calling detection service: position_id=big+0+0 angle=180 prompt='toilet . doorway . ceiling .'
[Debug] received detection service result: position_id=big+0+0 angle=180
[Debug] calling detection service: position_id=big+0+0 angle=270 prompt='toilet . vertical object . black object .'
[Debug] received detection service result: position_id=big+0+0 angle=270
[Debug] box_info_list_sum: [[], [{'label': 'table', 'box': [731, 579, 860, 680]}, {'label': 'floor', 'box': [370, 643, 1023, 1023]}, {'label': 'doorway', 'box': [442, 433, 589, 759]}], [{'label': 'doorway', 'box': [316, 425, 469, 805]}, {'label': 'ceiling', 'box': [0, 0, 1001, 203]}], [{'label': 'black object', 'box': [230, 752, 750, 1021]}, {'label': 'vertical object', 'box': [397, 84, 532, 1020]}]]
floor
doorway
doorway
wall
tv
[Debug] max_similar_objs_list: [[('floor', 90, 97, 0.6794582009315491, 'floor', array([8.1485   , 0.       , 5.0930004], dtype=float32))], [('doorway', 90, 58, 1.0, 'doorway', array([14.478235 ,  1.0376704,  9.763346 ], dtype=float32))], [('doorway', 180, 57, 1.0, 'doorway', array([11.081314 ,  1.0459483,  6.5430164], dtype=float32))], [('wall', 180, 214, 0.6041585206985474, 'wall', array([4.074499 , 1.8875161, 5.0929995], dtype=float32))], [('tv', 270, 180, 0.5620273351669312, 'tv', array([9.025491 , 1.2942309, 9.712589 ], dtype=float32))]]
[Debug] empty_position: []
 {
    "Place": 0,
    "Angle": 0,
    "Objects": [
        "shadow",
        "background"
    ]
}{
    "Place": 0,
    "Angle": 90,
    "Objects": [
        "doorway",
        "ceiling"
    ]
}{
    "Place": 0,
    "Angle": 180,
    "Objects": [
        "doorway",
        "wall"
    ]
}{
    "Place": 0,
    "Angle": 270,
    "Objects": [
        "tv"
    ]
}
[Debug] allowed planner objects: ['doorway', 'tv']
[Debug] allowed planner objects by place: {0: ['doorway', 'tv']}
The above is a description of different places in different angles in the environment.Your can get to any place described in the json data. Your goal is to find the toilet. Based on the above json data, please choose one specific object to travel to as your target. If your goal is already in the description, please choose it as the target. You must choose an object only from this allowed list: doorway, tv. Do not output any object name that is not in the allowed list. Valid choosable objects by place are: Place 0: doorway, tv. The Objects field must contain exactly one object from the chosen place list.Note that you can travel to door or door frame to other spaces if there are no clear evidence to choose the target.  Return exactly one JSON object by referring to the following template.
            {"Place": x, "Angle": x, "Objects": ["xxxx"] }
            If your goal is already in the description, please choose it as the target. You should not output any explanation, markdown, prose, examples, or extra text before or after the JSON. Note that your should choose only one object in one angle of one place in the json data as the target.
{"Place": "tv", "Angle": 0, "Objects": ["tv"]}
[Timing] planning mode=kv elapsed=0.999s
{"Place": 0, "Angle": 0, "Objects": ["tv"]}
[Debug] planner selected: place=0, angle=0, objects=['tv']
last_key:[]
[Debug] allowed_targets_by_place[0] candidates: [('doorway', 90, 58, 1.0, 'doorway', array([14.478235 ,  1.0376704,  9.763346 ], dtype=float32)), ('doorway', 180, 57, 1.0, 'doorway', array([11.081314 ,  1.0459483,  6.5430164], dtype=float32)), ('tv', 270, 180, 0.5620273351669312, 'tv', array([9.025491 , 1.2942309, 9.712589 ], dtype=float32))]
[Debug] resolved target tuple: ('tv', 270, 180, 0.5620273351669312, 'tv', array([9.025491 , 1.2942309, 9.712589 ], dtype=float32)) from representative place 0
[Debug] resolved source place: 0 for representative place 0
0
final_goal:toilet,sub_goal:tv,place:0,trajectory: tv in Place 0.
sub_target_id:180
target:tv
final_goal:toilet
final_length:0
[Timing] pathfinder to-subgoal elapsed=0.625s found=True
[Debug] sub-goal visible on screen: label=tv ratio=0.080317 bbox=154x645
[Debug] observation rotation: angle=0 pause=0.25s
[Debug] observation rotation: angle=90 pause=0.25s
[Debug] observation rotation: angle=180 pause=0.25s
[Debug] observation rotation: angle=270 pause=0.25s
[Debug] calling detection service: position_id=big+1+1 angle=0 prompt='toilet . building . wall .'
[Debug] received detection service result: position_id=big+1+1 angle=0
[Debug] calling detection service: position_id=big+1+1 angle=90 prompt='toilet . doorway . table . floor .'
[Debug] received detection service result: position_id=big+1+1 angle=90
[Debug] calling detection service: position_id=big+1+1 angle=180 prompt='toilet . doorway . floor .'
[Debug] received detection service result: position_id=big+1+1 angle=180
[Debug] calling detection service: position_id=big+1+1 angle=270 prompt='toilet . tv . light source .'
[Debug] received detection service result: position_id=big+1+1 angle=270
[Debug] box_info_list_sum: [[], [{'label': 'floor', 'box': [127, 620, 1023, 1023]}, {'label': 'table', 'box': [635, 569, 728, 645]}, {'label': 'doorway', 'box': [0, 268, 485, 1022]}], [{'label': 'doorway', 'box': [77, 392, 233, 920]}, {'label': 'floor', 'box': [0, 788, 787, 1023]}], [{'label': 'tv', 'box': [930, 254, 1024, 1023]}, {'label': 'light source', 'box': [516, 640, 779, 1023]}]]
[Debug] max_similar_objs_list: []
[Debug] empty_position: [2, 3]
 {
    "Place": 0,
    "Angle": 0,
    "Objects": [
        "shadow",
        "background"
    ]
}{
    "Place": 0,
    "Angle": 90,
    "Objects": [
        "doorway",
        "ceiling"
    ]
}{
    "Place": 0,
    "Angle": 180,
    "Objects": [
        "doorway",
        "wall"
    ]
} {
    "Place": 1,
    "Angle": 0,
    "Objects": [
        "building",
        "wall"
    ]
}{
    "Place": 1,
    "Angle": 270,
    "Objects": [
        "light source"
    ]
}
[Debug] allowed planner objects: ['doorway']
[Debug] allowed planner objects by place: {0: ['doorway']}
[Debug] bypassing planner because only one target is allowed: {"Place": 0, "Angle": 90, "Objects": ["doorway"]}
{"Place": 0, "Angle": 90, "Objects": ["doorway"]}
[Debug] planner selected: place=0, angle=90, objects=['doorway']
last_key:['Place 0']
[Debug] allowed_targets_by_place[0] candidates: [('doorway', 90, 58, 1.0, 'doorway', array([14.478235 ,  1.0376704,  9.763346 ], dtype=float32)), ('doorway', 180, 57, 1.0, 'doorway', array([11.081314 ,  1.0459483,  6.5430164], dtype=float32))]
[Debug] resolved target tuple: ('doorway', 90, 58, 1.0, 'doorway', array([14.478235 ,  1.0376704,  9.763346 ], dtype=float32)) from representative place 0
[Debug] resolved source place: 0 for representative place 0
0
final_goal:toilet,sub_goal:doorway,place:0,trajectory: tv in Place 0.doorway in Place 0.
sub_target_id:58
target:doorway
Setting `pad_token_id` to `eos_token_id`:151645 for open-end generation.
Setting `pad_token_id` to `eos_token_id`:151645 for open-end generation.
Setting `pad_token_id` to `eos_token_id`:151645 for open-end generation.
Setting `pad_token_id` to `eos_token_id`:151645 for open-end generation.
Setting `pad_token_id` to `eos_token_id`:151645 for open-end generation.
Setting `pad_token_id` to `eos_token_id`:151645 for open-end generation.
Setting `pad_token_id` to `eos_token_id`:151645 for open-end generation.
Setting `pad_token_id` to `eos_token_id`:151645 for open-end generation.
final_goal:toilet
final_length:1.9142136573791504
[Timing] pathfinder to-subgoal elapsed=2.932s found=True
[Debug] sub-goal visible on screen: label=doorway ratio=0.039315 bbox=91x474
Agent is within 1m of the target. Stopping.
[Debug] observation rotation: angle=0 pause=0.25s
[Debug] observation rotation: angle=90 pause=0.25s
[Debug] observation rotation: angle=180 pause=0.25s
[Debug] observation rotation: angle=270 pause=0.25s
[Debug] calling detection service: position_id=big+2+2 angle=0 prompt='toilet . bathroom sink . table .'
[Debug] received detection service result: position_id=big+2+2 angle=0
[Debug] calling detection service: position_id=big+2+2 angle=90 prompt='toilet . doorway . wall .'
[Debug] received detection service result: position_id=big+2+2 angle=90
[Debug] calling detection service: position_id=big+2+2 angle=180 prompt='toilet . table . chair .'
[Debug] received detection service result: position_id=big+2+2 angle=180
[Debug] calling detection service: position_id=big+2+2 angle=270 prompt='toilet . doorway . ceiling .'
[Debug] received detection service result: position_id=big+2+2 angle=270
[Debug] box_info_list_sum: [[{'label': 'table', 'box': [359, 572, 512, 651]}, {'label': 'toilet', 'box': [292, 578, 326, 655]}, {'label': 'bathroom sink', 'box': [773, 588, 956, 874]}], [{'label': 'doorway', 'box': [177, 298, 620, 1021]}], [{'label': 'table', 'box': [53, 651, 373, 871]}, {'label': 'chair', 'box': [105, 618, 320, 927]}], [{'label': 'ceiling', 'box': [0, 0, 1022, 327]}]]
floor
[Debug] dropped verified goal candidate: label=toilet angle=0 box=[292, 578, 326, 655] overlaps=bed#5:0.748, floor#102:0.105, doorway#55:0.093, wall#235:0.053
doorway
sink
chair
wall
[Debug] max_similar_objs_list: [[('floor', 0, 102, 0.6794582009315491, 'floor', array([8.1485, 0.    , 9.167 ], dtype=float32))], [('doorway', 0, 55, 0.6767265200614929, 'doorway', array([13.581179 ,  1.0376704, 12.645655 ], dtype=float32))], [('sink', 0, 164, 0.8100252747535706, 'sink', array([15.910654 ,  0.4880426, 11.919998 ], dtype=float32))], [('chair', 180, 33, 0.7113682627677917, 'chair', array([15.677233  ,  0.43747374,  7.344473  ], dtype=float32))], [('wall', 270, 230, 0.6041585206985474, 'wall', array([8.1485   , 1.8875163, 5.093    ], dtype=float32))]]
[Debug] empty_position: [2]
 {
    "Place": 0,
    "Angle": 0,
    "Objects": [
        "shadow",
        "background"
    ]
}{
    "Place": 0,
    "Angle": 180,
    "Objects": [
        "doorway",
        "wall"
    ]
} {
    "Place": 1,
    "Angle": 0,
    "Objects": [
        "building",
        "wall"
    ]
}{
    "Place": 1,
    "Angle": 270,
    "Objects": [
        "light source"
    ]
} {
    "Place": 2,
    "Angle": 0,
    "Objects": [
        "sink",
        "floor"
    ]
}{
    "Place": 2,
    "Angle": 180,
    "Objects": [
        "chair",
        "chair"
    ]
}{
    "Place": 2,
    "Angle": 270,
    "Objects": [
        "doorway",
        "wall"
    ]
}
[Debug] resolver candidates place=2: exact=2 relaxed_or_synthesized=1
[Debug] allowed planner objects: ['doorway', 'sink', 'chair']
[Debug] allowed planner objects by place: {0: [], 2: ['sink', 'chair', 'doorway']}
The above is a description of different places in different angles in the environment.Your can get to any place described in the json data. Your goal is to find the toilet. Based on the above json data, please choose one specific object to travel to as your target. If your goal is already in the description, please choose it as the target. You must choose an object only from this allowed list: doorway, sink, chair. Do not output any object name that is not in the allowed list. Valid choosable objects by place are: Place 2: sink, chair, doorway. The Objects field must contain exactly one object from the chosen place list.Note that you can travel to door or door frame to other spaces if there are no clear evidence to choose the target.  Return exactly one JSON object by referring to the following template.
            {"Place": x, "Angle": x, "Objects": ["xxxx"] }
            If your goal is already in the description, please choose it as the target. You should not output any explanation, markdown, prose, examples, or extra text before or after the JSON. Note that your should choose only one object in one angle of one place in the json data as the target.
{"Place": 2, "Angle": 270, "Objects": ["doorway", "wall"]}
[Timing] planning mode=kv elapsed=1.080s
{"Place": 2, "Angle": 270, "Objects": ["doorway"]}
[Debug] planner selected: place=2, angle=270, objects=['doorway']
last_key:['Place 0', 'Place 0']
[Debug] allowed_targets_by_place[2] candidates: [('sink', 0, 164, 0.8100252747535706, 'sink', array([15.910654 ,  0.4880426, 11.919998 ], dtype=float32)), ('chair', 180, 33, 0.7113682627677917, 'chair', array([15.677233  ,  0.43747374,  7.344473  ], dtype=float32)), ('doorway', 0, 55, 0.6767265200614929, 'doorway', array([13.581179 ,  1.0376704, 12.645655 ], dtype=float32))]
[Debug] resolved target tuple: ('doorway', 0, 55, 0.6767265200614929, 'doorway', array([13.581179 ,  1.0376704, 12.645655 ], dtype=float32)) from representative place 2
[Debug] resolved source place: 2 for representative place 2
2
final_goal:toilet,sub_goal:doorway,place:2,trajectory: tv in Place 0.doorway in Place 0.
sub_target_id:55
target:doorway
final_goal:toilet
final_length:7.46751594543457
[Timing] pathfinder to-subgoal elapsed=3.622s found=True
[Debug] sub-goal visible on screen: label=doorway ratio=0.033486 bbox=376x438
Agent is within 1m of the target. Stopping.
[Debug] observation rotation: angle=0 pause=0.25s
[Debug] observation rotation: angle=90 pause=0.25s
[Debug] observation rotation: angle=180 pause=0.25s
[Debug] observation rotation: angle=270 pause=0.25s
[Debug] calling detection service: position_id=big+3+3 angle=0 prompt='toilet . desk . bed . chair .'
[Debug] received detection service result: position_id=big+3+3 angle=0
[Debug] calling detection service: position_id=big+3+3 angle=90 prompt='toilet . doorway . wall .'
[Debug] received detection service result: position_id=big+3+3 angle=90
[Debug] calling detection service: position_id=big+3+3 angle=180 prompt='toilet . doorway . table . wall .'
[Debug] received detection service result: position_id=big+3+3 angle=180
[Debug] calling detection service: position_id=big+3+3 angle=270 prompt='toilet . bed .'
[Debug] received detection service result: position_id=big+3+3 angle=270
[Debug] box_info_list_sum: [[{'label': 'desk', 'box': [290, 624, 599, 793]}, {'label': 'bed', 'box': [0, 610, 257, 947]}, {'label': 'chair', 'box': [399, 653, 481, 823]}], [{'label': 'doorway', 'box': [138, 302, 629, 1008]}], [{'label': 'table', 'box': [266, 580, 401, 666]}, {'label': 'doorway', 'box': [128, 396, 566, 869]}, {'label': 'wall', 'box': [1, 20, 1023, 866]}], [{'label': 'toilet', 'box': [185, 602, 324, 811]}, {'label': 'bed', 'box': [822, 640, 1023, 991]}]]
chair
bed
wall
[Debug] preserving goal candidate: label=toilet angle=270 obj_id=186 visible_ratio=0.016546 bbox=139x206 box_match=0.5972 detection_bbox=139x209
toilet
[Debug] max_similar_objs_list: [[('chair', 0, 32, 0.6835057735443115, 'chair', array([13.373507 ,  0.4374691, 15.2606   ], dtype=float32))], [('bed', 0, 5, 1.0, 'bed', array([11.041425  ,  0.41503024, 15.152356  ], dtype=float32))], [('wall', 180, 260, 1.0, 'wall', array([8.1485   , 1.8875163, 5.093    ], dtype=float32))], [('toilet', 270, 186, 1.0, 'toilet', array([10.642204 ,  0.4727599, 10.986129 ], dtype=float32))]]
[Debug] empty_position: []
Setting `pad_token_id` to `eos_token_id`:151645 for open-end generation.
Setting `pad_token_id` to `eos_token_id`:151645 for open-end generation.
Setting `pad_token_id` to `eos_token_id`:151645 for open-end generation.
Setting `pad_token_id` to `eos_token_id`:151645 for open-end generation.
 {
    "Place": 0,
    "Angle": 0,
    "Objects": [
        "shadow",
        "background"
    ]
}{
    "Place": 0,
    "Angle": 180,
    "Objects": [
        "doorway",
        "wall"
    ]
} {
    "Place": 1,
    "Angle": 0,
    "Objects": [
        "building",
        "wall"
    ]
}{
    "Place": 1,
    "Angle": 270,
    "Objects": [
        "light source"
    ]
} {
    "Place": 2,
    "Angle": 180,
    "Objects": [
        "chair",
        "chair"
    ]
}{
    "Place": 2,
    "Angle": 270,
    "Objects": [
        "doorway",
        "wall"
    ]
} {
    "Place": 3,
    "Angle": 0,
    "Objects": [
        "bed"
    ]
}{
    "Place": 3,
    "Angle": 270,
    "Objects": [
        "toilet"
    ]
}
[Debug] resolver candidates place=2: exact=1 relaxed_or_synthesized=1
[Debug] allowed planner objects: ['doorway']
[Debug] allowed planner objects by place: {0: ['doorway'], 2: []}
[Debug] bypassing planner because goal is already observed: {"Place": 2, "Angle": 270, "Objects": ["toilet"]}
{"Place": 2, "Angle": 270, "Objects": ["toilet"]}
[Debug] planner selected: place=2, angle=270, objects=['toilet']
last_key:['Place 0', 'Place 0', 'Place 2']
[Debug] allowed_targets_by_place[2] candidates: [('toilet', 270, 186, 1.0, 'toilet', array([10.642204 ,  0.4727599, 10.986129 ], dtype=float32)), ('bed', 0, 5, 1.0, 'bed', array([11.041425  ,  0.41503024, 15.152356  ], dtype=float32)), ('chair', 180, 33, 0.7113682627677917, 'chair', array([15.677233  ,  0.43747374,  7.344473  ], dtype=float32)), ('sink', 0, 164, 0.8100252747535706, 'sink', array([15.910654 ,  0.4880426, 11.919998 ], dtype=float32))]
[Debug] resolved target tuple: ('toilet', 270, 186, 1.0, 'toilet', array([10.642204 ,  0.4727599, 10.986129 ], dtype=float32)) from representative place 2
[Debug] resolved source place: 3 for representative place 2
2
final_goal:toilet,sub_goal:toilet,place:2,trajectory: tv in Place 0.doorway in Place 0.toilet in Place 2.
sub_target_id:186
target:toilet
final_goal:toilet
final_length:10.674622535705566
[Timing] pathfinder to-subgoal elapsed=3.014s found=True
[Debug] sub-goal visible on screen: label=toilet ratio=0.016541 bbox=133x206
[Debug] calling detection service: position_id=goal-visible-4-3-1 angle=225 prompt='toilet .'
[Debug] received detection service result: position_id=goal-visible-4-3-1 angle=225
[Debug] final goal visible on screen: label=toilet ratio=0.016541 semantic_bbox=133x206 rgb_bbox=133x207
[Debug] saved final goal bbox: tmp/navigation_images/final_goal_visible_step_1.png
[Debug] final goal detected; approaching GT coordinates before stopping
[Timing] pathfinder final-approach elapsed=2.823s found=True
[Debug] close enough to final goal coordinates: label=toilet distance=1.443
[Timing] episode elapsed=107.202s sr=1 spl=1.0000 final_length=13.0459
[Timing] val_auto episode total elapsed=107.202s goal=toilet sr=1 spl=1.0000 completed_eval_episodes=1/5
[Debug] episode success: final_goal=toilet sr=1 spl=1.0000 final_length=13.0459
[Debug] selectable goal names count=41 sample=['apple', 'basketball', 'bed', 'book', 'bowl', 'box', 'butterknife', 'candle', 'cd', 'chair']
[Debug] requested EFFICIENTNAV_TARGET_OBJECT='toilet' not found in current house; skipping house
[Debug] skipping house because no target object could be selected
[Debug] selectable goal names count=29 sample=['alarmclock', 'baseballbat', 'bed', 'book', 'bowl', 'box', 'cellphone', 'chair', 'desk', 'dogbed']
[Debug] requested EFFICIENTNAV_TARGET_OBJECT='toilet' not found in current house; skipping house
[Debug] skipping house because no target object could be selected
[Debug] selectable goal names count=25 sample=['apple', 'bed', 'bottle', 'bowl', 'bread', 'cellphone', 'countertop', 'doorway', 'floor', 'microwave']
[Debug] requested EFFICIENTNAV_TARGET_OBJECT='toilet' not found in current house; skipping house
[Debug] skipping house because no target object could be selected
[Debug] selectable goal names count=36 sample=['apple', 'bottle', 'bowl', 'butterknife', 'candle', 'cart', 'countertop', 'creditcard', 'desklamp', 'diningtable']
[Debug] requested EFFICIENTNAV_TARGET_OBJECT='toilet' not found in current house; skipping house
[Debug] skipping house because no target object could be selected
[Debug] selectable goal names count=35 sample=['basketball', 'bed', 'bowl', 'cellphone', 'chair', 'creditcard', 'diningtable', 'dishsponge', 'doorway', 'drawer']
[Debug] using requested target object=toilet
[Debug] reachable_positions=723 candidate_objects_for_toilet=1
[Debug] starting independent environment episode=1/1
[Debug] experiment setup: seed=7 goal_instance_index=random start_index=random start_rotation=270.0 start_point=(2.750, 0.901, 5.750)
[Timing] pathfinder goal-distance elapsed=1.248s found=True
real_distance:6.078427124746191
[Debug] observation rotation: angle=0 pause=0.25s
[Debug] observation rotation: angle=90 pause=0.25s
[Debug] observation rotation: angle=180 pause=0.25s
[Debug] observation rotation: angle=270 pause=0.25s
[Debug] calling detection service: position_id=big+0+0 angle=0 prompt='toilet . doorway . marble tiles . wall .'
[Debug] received detection service result: position_id=big+0+0 angle=0
[Debug] calling detection service: position_id=big+0+0 angle=90 prompt='toilet . desk . chair . tv .'
[Debug] received detection service result: position_id=big+0+0 angle=90
[Debug] calling detection service: position_id=big+0+0 angle=180 prompt='toilet . broom .'
[Debug] received detection service result: position_id=big+0+0 angle=180
[Debug] calling detection service: position_id=big+0+0 angle=270 prompt='toilet . sink . trash bin . wall .'
[Debug] received detection service result: position_id=big+0+0 angle=270
[Debug] box_info_list_sum: [[{'label': 'marble tiles', 'box': [1, 824, 697, 1022]}, {'label': 'wall', 'box': [1, 169, 626, 825]}], [{'label': 'chair', 'box': [582, 621, 693, 793]}, {'label': 'desk', 'box': [205, 595, 742, 758]}, {'label': 'tv', 'box': [684, 511, 742, 579]}], [{'label': 'toilet', 'box': [709, 554, 791, 678]}, {'label': 'broom', 'box': [544, 605, 556, 656]}], [{'label': 'trash bin', 'box': [493, 708, 577, 846]}, {'label': 'sink', 'box': [855, 620, 1023, 694]}, {'label': 'wall', 'box': [1, 187, 1022, 805]}]]
floor
wall
chair
floor
tv
[Debug] preserving goal candidate: label=toilet angle=180 obj_id=50 visible_ratio=0.005969 bbox=82x118 box_match=0.6156 detection_bbox=82x124
toilet
wall
garbagecan
sink
wall
[Debug] max_similar_objs_list: [[('floor', 0, 22, 0.5696637630462646, 'floor', array([1.663, 0.   , 4.157], dtype=float32))], [('wall', 0, 55, 1.0, 'wall', array([1.663    , 1.6391135, 4.157    ], dtype=float32))], [('chair', 90, 8, 1.0, 'chair', array([5.8587475, 0.4709327, 5.0080194], dtype=float32))], [('floor', 90, 23, 0.6499540209770203, 'floor', array([4.157, 0.   , 4.157], dtype=float32))], [('tv', 90, 48, 1.0, 'tv', array([8.27535 , 1.212923, 3.333195], dtype=float32))], [('toilet', 180, 50, 1.0, 'toilet', array([0.28974205, 0.51895654, 0.5114336 ], dtype=float32))], [('wall', 180, 66, 0.5597692131996155, 'wall', array([1.663    , 1.6391135, 0.       ], dtype=float32))], [('garbagecan', 270, 25, 0.6123936772346497, 'garbagecan', array([0.21869409, 0.2631477 , 5.85911   ], dtype=float32))], [('sink', 270, 44, 1.0, 'sink', array([0.3461714, 0.4927994, 7.871542 ], dtype=float32))], [('wall', 270, 60, 1.0, 'wall', array([0.       , 1.6391134, 4.1569996], dtype=float32))]]
[Debug] empty_position: []
 {
    "Place": 0,
    "Angle": 0,
    "Objects": [
        "doorway",
        "wall",
        "floor"
    ]
}{
    "Place": 0,
    "Angle": 90,
    "Objects": [
        "floor",
        "tv",
        "laptop",
        "chair"
    ]
}{
    "Place": 0,
    "Angle": 180,
    "Objects": [
        "wall",
        "toilet"
    ]
}{
    "Place": 0,
    "Angle": 270,
    "Objects": [
        "sink",
        "wall",
        "garbagecan"
    ]
}
[Debug] allowed planner objects: ['toilet', 'sink', 'chair', 'tv', 'garbagecan']
[Debug] allowed planner objects by place: {0: ['toilet', 'sink', 'chair', 'tv', 'garbagecan']}
[Debug] bypassing planner because goal is already observed: {"Place": 0, "Angle": 180, "Objects": ["toilet"]}
Setting `pad_token_id` to `eos_token_id`:151645 for open-end generation.
Setting `pad_token_id` to `eos_token_id`:151645 for open-end generation.
Setting `pad_token_id` to `eos_token_id`:151645 for open-end generation.
Setting `pad_token_id` to `eos_token_id`:151645 for open-end generation.
{"Place": 0, "Angle": 180, "Objects": ["toilet"]}
[Debug] planner selected: place=0, angle=180, objects=['toilet']
last_key:[]
[Debug] allowed_targets_by_place[0] candidates: [('toilet', 180, 50, 1.0, 'toilet', array([0.28974205, 0.51895654, 0.5114336 ], dtype=float32)), ('sink', 270, 44, 1.0, 'sink', array([0.3461714, 0.4927994, 7.871542 ], dtype=float32)), ('chair', 90, 8, 1.0, 'chair', array([5.8587475, 0.4709327, 5.0080194], dtype=float32)), ('tv', 90, 48, 1.0, 'tv', array([8.27535 , 1.212923, 3.333195], dtype=float32)), ('garbagecan', 270, 25, 0.6123936772346497, 'garbagecan', array([0.21869409, 0.2631477 , 5.85911   ], dtype=float32))]
[Debug] resolved target tuple: ('toilet', 180, 50, 1.0, 'toilet', array([0.28974205, 0.51895654, 0.5114336 ], dtype=float32)) from representative place 0
[Debug] resolved source place: 0 for representative place 0
0
final_goal:toilet,sub_goal:toilet,place:0,trajectory: toilet in Place 0.
sub_target_id:50
target:toilet
final_goal:toilet
final_length:0
[Timing] pathfinder to-subgoal elapsed=1.261s found=True
[Debug] sub-goal visible on screen: label=toilet ratio=0.005934 bbox=79x118
[Debug] calling detection service: position_id=goal-visible-1-0-8 angle=180 prompt='toilet .'
[Debug] received detection service result: position_id=goal-visible-1-0-8 angle=180
[Debug] final goal visible on screen: label=toilet ratio=0.010246 semantic_bbox=103x162 rgb_bbox=102x167
[Debug] saved final goal bbox: tmp/navigation_images/final_goal_visible_step_8.png
[Debug] final goal detected; approaching GT coordinates before stopping
[Timing] pathfinder final-approach elapsed=0.956s found=True
[Debug] close enough to final goal coordinates: label=toilet distance=1.468
[Timing] episode elapsed=22.186s sr=1 spl=1.0000 final_length=4.9142
[Timing] val_auto episode total elapsed=22.186s goal=toilet sr=1 spl=1.0000 completed_eval_episodes=2/5
[Debug] episode success: final_goal=toilet sr=1 spl=1.0000 final_length=4.9142
[Debug] selectable goal names count=28 sample=['cart', 'cellphone', 'chair', 'coffeemachine', 'countertop', 'creditcard', 'desklamp', 'diningtable', 'dogbed', 'doorway']
[Debug] requested EFFICIENTNAV_TARGET_OBJECT='toilet' not found in current house; skipping house
[Debug] skipping house because no target object could be selected
[Debug] selectable goal names count=16 sample=['book', 'candle', 'cellphone', 'diningtable', 'doorway', 'floor', 'floorlamp', 'painting', 'pillow', 'plant']
[Debug] requested EFFICIENTNAV_TARGET_OBJECT='toilet' not found in current house; skipping house
[Debug] skipping house because no target object could be selected
[Debug] selectable goal names count=21 sample=['baseballbat', 'basketball', 'bed', 'book', 'box', 'cellphone', 'chair', 'desklamp', 'diningtable', 'doorway']
[Debug] requested EFFICIENTNAV_TARGET_OBJECT='toilet' not found in current house; skipping house
[Debug] skipping house because no target object could be selected
[Debug] selectable goal names count=40 sample=['apple', 'baseballbat', 'bed', 'book', 'box', 'cd', 'chair', 'countertop', 'creditcard', 'desk']
[Debug] requested EFFICIENTNAV_TARGET_OBJECT='toilet' not found in current house; skipping house
[Debug] skipping house because no target object could be selected
[Debug] selectable goal names count=43 sample=['baseballbat', 'bed', 'book', 'boots', 'bowl', 'box', 'chair', 'countertop', 'desk', 'desklamp']
[Debug] using requested target object=toilet
[Debug] reachable_positions=347 candidate_objects_for_toilet=1
[Debug] starting independent environment episode=1/1
[Debug] experiment setup: seed=7 goal_instance_index=random start_index=random start_rotation=270.0 start_point=(1.250, 0.901, 2.000)
[Timing] pathfinder goal-distance elapsed=0.319s found=True
real_distance:9.13908729652601
[Debug] observation rotation: angle=0 pause=0.25s
[Debug] observation rotation: angle=90 pause=0.25s
[Debug] observation rotation: angle=180 pause=0.25s
[Debug] observation rotation: angle=270 pause=0.25s
[Debug] calling detection service: position_id=big+0+0 angle=0 prompt='toilet . table . lamp . sofa .'
[Debug] received detection service result: position_id=big+0+0 angle=0
[Debug] calling detection service: position_id=big+0+0 angle=90 prompt='toilet . bowl . table . chair .'
[Debug] received detection service result: position_id=big+0+0 angle=90
[Debug] calling detection service: position_id=big+0+0 angle=180 prompt='toilet . wooden door . wooden shelf . toaster oven .'
[Debug] received detection service result: position_id=big+0+0 angle=180
[Debug] calling detection service: position_id=big+0+0 angle=270 prompt='toilet . cave . wall .'
[Debug] received detection service result: position_id=big+0+0 angle=270
[Debug] box_info_list_sum: [[{'label': 'sofa', 'box': [593, 629, 974, 842]}, {'label': 'lamp', 'box': [931, 455, 1023, 811]}, {'label': 'table', 'box': [251, 658, 476, 849]}], [{'label': 'chair', 'box': [361, 726, 442, 1009]}, {'label': 'table', 'box': [416, 657, 926, 1022]}], [{'label': 'wooden door', 'box': [313, 389, 554, 925]}, {'label': 'wooden shelf', 'box': [0, 760, 215, 963]}], [{'label': 'wall', 'box': [1, 0, 1022, 830]}]]
sofa
floorlamp
floor
chair
floor
doorway
shelf
wall
[Debug] max_similar_objs_list: [[('sofa', 0, 75, 1.0, 'sofa', array([2.5741389, 0.4475542, 4.7152805], dtype=float32))], [('floorlamp', 0, 32, 0.7215485572814941, 'floorlamp', array([3.8608205 , 0.93425405, 4.837762  ], dtype=float32))], [('floor', 0, 30, 0.6794582009315491, 'floor', array([2.54, 0.  , 2.54], dtype=float32))], [('chair', 90, 11, 1.0, 'chair', array([3.1250348, 0.3868456, 2.290052 ], dtype=float32))], [('floor', 90, 28, 0.6794582009315491, 'floor', array([2.54  , 0.    , 1.6935], dtype=float32))], [('doorway', 180, 19, 0.7448769807815552, 'doorway', array([1.5510572, 1.0500227, 0.       ], dtype=float32))], [('shelf', 180, 56, 0.7909312844276428, 'shelf', array([2.6667285 , 0.45092985, 0.12104821], dtype=float32))], [('wall', 270, 84, 1.0, 'wall', array([0.       , 2.0083504, 1.6935   ], dtype=float32))]]
[Debug] empty_position: []
 {
    "Place": 0,
    "Angle": 0,
    "Objects": [
        "floor lamp",
        "sofa",
        "floor",
        "floorlamp"
    ]
}{
    "Place": 0,
    "Angle": 90,
    "Objects": [
        "bowl",
        "apple",
        "floor",
        "chair"
    ]
}{
    "Place": 0,
    "Angle": 180,
    "Objects": [
        "shelf",
        "marble countertop",
        "doorway",
        "toaster oven"
    ]
}{
    "Place": 0,
    "Angle": 270,
    "Objects": [
        "cave",
        "wall"
    ]
}
[Debug] allowed planner objects: ['doorway', 'shelf', 'chair', 'sofa', 'floorlamp']
[Debug] allowed planner objects by place: {0: ['doorway', 'chair', 'sofa', 'shelf', 'floorlamp']}
The above is a description of different places in different angles in the environment.Your can get to any place described in the json data. Your goal is to find the toilet. Based on the above json data, please choose one specific object to travel to as your target. If your goal is already in the description, please choose it as the target. You must choose an object only from this allowed list: doorway, shelf, chair, sofa, floorlamp. Do not output any object name that is not in the allowed list. Valid choosable objects by place are: Place 0: doorway, chair, sofa, shelf, floorlamp. The Objects field must contain exactly one object from the chosen place list.Note that you can travel to door or door frame to other spaces if there are no clear evidence to choose the target.  Return exactly one JSON object by referring to the following template.
            {"Place": x, "Angle": x, "Objects": ["xxxx"] }
            If your goal is already in the description, please choose it as the target. You should not output any explanation, markdown, prose, examples, or extra text before or after the JSON. Note that your should choose only one object in one angle of one place in the json data as the target.
{"Place": "shelf", "Angle": 180, "Objects": ["marble countertop"]}
[Timing] planning mode=kv elapsed=1.098s
{"Place": 0, "Angle": 180, "Objects": ["shelf"]}
[Debug] planner selected: place=0, angle=180, objects=['shelf']
last_key:[]
Setting `pad_token_id` to `eos_token_id`:151645 for open-end generation.
Setting `pad_token_id` to `eos_token_id`:151645 for open-end generation.
Setting `pad_token_id` to `eos_token_id`:151645 for open-end generation.
Setting `pad_token_id` to `eos_token_id`:151645 for open-end generation.
Setting `pad_token_id` to `eos_token_id`:151645 for open-end generation.
Setting `pad_token_id` to `eos_token_id`:151645 for open-end generation.
Setting `pad_token_id` to `eos_token_id`:151645 for open-end generation.
Setting `pad_token_id` to `eos_token_id`:151645 for open-end generation.
[Debug] allowed_targets_by_place[0] candidates: [('doorway', 180, 19, 0.7448769807815552, 'doorway', array([1.5510572, 1.0500227, 0.       ], dtype=float32)), ('chair', 90, 11, 1.0, 'chair', array([3.1250348, 0.3868456, 2.290052 ], dtype=float32)), ('sofa', 0, 75, 1.0, 'sofa', array([2.5741389, 0.4475542, 4.7152805], dtype=float32)), ('shelf', 180, 56, 0.7909312844276428, 'shelf', array([2.6667285 , 0.45092985, 0.12104821], dtype=float32)), ('floorlamp', 0, 32, 0.7215485572814941, 'floorlamp', array([3.8608205 , 0.93425405, 4.837762  ], dtype=float32))]
[Debug] resolved target tuple: ('shelf', 180, 56, 0.7909312844276428, 'shelf', array([2.6667285 , 0.45092985, 0.12104821], dtype=float32)) from representative place 0
[Debug] resolved source place: 0 for representative place 0
0
final_goal:toilet,sub_goal:shelf,place:0,trajectory: shelf in Place 0.
sub_target_id:56
target:shelf
final_goal:toilet
final_length:0
[Timing] pathfinder to-subgoal elapsed=0.095s found=True
[Debug] sub-goal visible on screen: label=shelf ratio=0.006126 bbox=103x120
[Debug] observation rotation: angle=0 pause=0.25s
[Debug] observation rotation: angle=90 pause=0.25s
[Debug] observation rotation: angle=180 pause=0.25s
[Debug] observation rotation: angle=270 pause=0.25s
[Debug] calling detection service: position_id=big+1+1 angle=0 prompt='toilet . shelf . lamp . sofa .'
[Debug] received detection service result: position_id=big+1+1 angle=0
[Debug] calling detection service: position_id=big+1+1 angle=90 prompt='toilet . table . window .'
[Debug] received detection service result: position_id=big+1+1 angle=90
[Debug] calling detection service: position_id=big+1+1 angle=180 prompt='toilet . person .'
[Debug] received detection service result: position_id=big+1+1 angle=180
[Debug] calling detection service: position_id=big+1+1 angle=270 prompt='toilet . counter . picture . toaster .'
[Debug] received detection service result: position_id=big+1+1 angle=270
[Debug] box_info_list_sum: [[{'label': 'sofa', 'box': [379, 590, 599, 715]}, {'label': 'lamp', 'box': [237, 475, 671, 704]}], [{'label': 'window', 'box': [0, 350, 68, 709]}, {'label': 'table', 'box': [0, 833, 227, 1022]}], [], [{'label': 'counter', 'box': [524, 629, 1023, 949]}, {'label': 'toaster', 'box': [568, 602, 621, 666]}, {'label': 'picture', 'box': [845, 389, 973, 482]}]]
wall
window
countertop
toaster
painting
[Debug] max_similar_objs_list: [[('wall', 0, 110, 0.579981803894043, 'wall', array([2.54     , 2.0083504, 2.54     ], dtype=float32))], [('window', 90, 112, 1.0, 'window', array([5.08     , 1.4987931, 2.94943  ], dtype=float32))], [('countertop', 270, 12, 0.8331171870231628, 'countertop', array([0.48542398, 0.4709986 , 1.7771144 ], dtype=float32))], [('toaster', 270, 78, 1.0, 'toaster', array([0.49800885, 1.0452058 , 0.85805106], dtype=float32))], [('painting', 270, 40, 0.7150622606277466, 'painting', array([0.02087049, 1.9815652 , 2.621764  ], dtype=float32))]]
[Debug] empty_position: []
 {
    "Place": 0,
    "Angle": 0,
    "Objects": [
        "floor lamp",
        "sofa",
        "floor",
        "floorlamp"
    ]
}{
    "Place": 0,
    "Angle": 90,
    "Objects": [
        "bowl",
        "apple",
        "floor",
        "chair"
    ]
}{
    "Place": 0,
    "Angle": 270,
    "Objects": [
        "cave",
        "wall"
    ]
} {
    "Place": 1,
    "Angle": 0,
    "Objects": [
        "shelf",
        "coffee table",
        "wall"
    ]
}{
    "Place": 1,
    "Angle": 90,
    "Objects": [
        "window"
    ]
}{
    "Place": 1,
    "Angle": 180,
    "Objects": [
        "shadow",
        "person"
    ]
}{
    "Place": 1,
    "Angle": 270,
    "Objects": [
        "toaster",
        "countertop",
        "painting"
    ]
}
[Debug] resolver candidates place=0: exact=3 relaxed_or_synthesized=1
[Debug] allowed planner objects: ['window', 'toaster', 'painting', 'countertop']
[Debug] allowed planner objects by place: {0: [], 1: ['window', 'toaster', 'countertop', 'painting']}
The above is a description of different places in different angles in the environment.Your can get to any place described in the json data. Your goal is to find the toilet. Based on the above json data, please choose one specific object to travel to as your target. If your goal is already in the description, please choose it as the target. You must choose an object only from this allowed list: window, toaster, painting, countertop. Do not output any object name that is not in the allowed list. Valid choosable objects by place are: Place 1: window, toaster, countertop, painting. The Objects field must contain exactly one object from the chosen place list.Note that you can travel to door or door frame to other spaces if there are no clear evidence to choose the target.  Return exactly one JSON object by referring to the following template.
            {"Place": x, "Angle": x, "Objects": ["xxxx"] }
            If your goal is already in the description, please choose it as the target. You should not output any explanation, markdown, prose, examples, or extra text before or after the JSON. Note that your should choose only one object in one angle of one place in the json data as the target.
{"Place": 1, "Angle": 270, "Objects": ["toaster"]}
[Timing] planning mode=kv elapsed=1.072s
{"Place": 1, "Angle": 270, "Objects": ["toaster"]}
[Debug] planner selected: place=1, angle=270, objects=['toaster']
last_key:['Place 0']
[Debug] allowed_targets_by_place[1] candidates: [('window', 90, 112, 1.0, 'window', array([5.08     , 1.4987931, 2.94943  ], dtype=float32)), ('toaster', 270, 78, 1.0, 'toaster', array([0.49800885, 1.0452058 , 0.85805106], dtype=float32)), ('countertop', 270, 12, 0.8331171870231628, 'countertop', array([0.48542398, 0.4709986 , 1.7771144 ], dtype=float32)), ('painting', 270, 40, 0.7150622606277466, 'painting', array([0.02087049, 1.9815652 , 2.621764  ], dtype=float32))]
[Debug] resolved target tuple: ('toaster', 270, 78, 1.0, 'toaster', array([0.49800885, 1.0452058 , 0.85805106], dtype=float32)) from representative place 1
[Debug] resolved source place: 1 for representative place 1
1
final_goal:toilet,sub_goal:toaster,place:1,trajectory: shelf in Place 0.toaster in Place 1.
sub_target_id:78
target:toaster
final_goal:toilet
final_length:2.2677669525146484
[Timing] pathfinder to-subgoal elapsed=0.042s found=True
[Debug] sub-goal visible on screen: label=toaster ratio=0.006871 bbox=87x99
[Debug] observation rotation: angle=0 pause=0.25s
[Debug] observation rotation: angle=90 pause=0.25s
[Debug] observation rotation: angle=180 pause=0.25s
[Debug] observation rotation: angle=270 pause=0.25s
[Debug] calling detection service: position_id=big+2+2 angle=0 prompt='toilet . box . counter . lamp .'
[Debug] received detection service result: position_id=big+2+2 angle=0
[Debug] calling detection service: position_id=big+2+2 angle=90 prompt='toilet . phone . basket . table .'
[Debug] received detection service result: position_id=big+2+2 angle=90
[Debug] calling detection service: position_id=big+2+2 angle=180 prompt='toilet . doorway . mountain landscape .'
[Debug] received detection service result: position_id=big+2+2 angle=180
[Debug] calling detection service: position_id=big+2+2 angle=270 prompt='toilet . tv . mountain landscape .'
[Debug] received detection service result: position_id=big+2+2 angle=270
[Debug] box_info_list_sum: [[{'label': 'lamp', 'box': [421, 472, 874, 716]}, {'label': 'box', 'box': [859, 669, 950, 722]}], [{'label': 'table', 'box': [0, 656, 428, 1022]}], [{'label': 'doorway', 'box': [3, 140, 663, 1021]}, {'label': 'mountain landscape', 'box': [697, 311, 1022, 753]}], [{'label': 'mountain landscape', 'box': [0, 410, 199, 751]}]]
box
painting
wall
[Debug] max_similar_objs_list: [[('box', 0, 10, 1.0, 'box', array([4.3102436 , 0.12692167, 4.7781076 ], dtype=float32))], [('painting', 180, 39, 0.5408273339271545, 'painting', array([0.50519466, 1.5530092 , 0.02087049], dtype=float32))], [('wall', 270, 103, 0.5415487289428711, 'wall', array([2.5400000e+00, 2.0083501e+00, 2.8421709e-14], dtype=float32))]]
[Debug] empty_position: []
Setting `pad_token_id` to `eos_token_id`:151645 for open-end generation.
Setting `pad_token_id` to `eos_token_id`:151645 for open-end generation.
Setting `pad_token_id` to `eos_token_id`:151645 for open-end generation.
Setting `pad_token_id` to `eos_token_id`:151645 for open-end generation.
 {
    "Place": 0,
    "Angle": 0,
    "Objects": [
        "floor lamp",
        "sofa",
        "floor",
        "floorlamp"
    ]
}{
    "Place": 0,
    "Angle": 90,
    "Objects": [
        "bowl",
        "apple",
        "floor",
        "chair"
    ]
}{
    "Place": 0,
    "Angle": 270,
    "Objects": [
        "cave",
        "wall"
    ]
} {
    "Place": 1,
    "Angle": 0,
    "Objects": [
        "shelf",
        "coffee table",
        "wall"
    ]
}{
    "Place": 1,
    "Angle": 90,
    "Objects": [
        "window"
    ]
}{
    "Place": 1,
    "Angle": 180,
    "Objects": [
        "shadow",
        "person"
    ]
} {
    "Place": 2,
    "Angle": 0,
    "Objects": [
        "box",
        "counter",
        "sofa"
    ]
}{
    "Place": 2,
    "Angle": 90,
    "Objects": [
        "basket",
        "phone",
        "apple"
    ]
}{
    "Place": 2,
    "Angle": 180,
    "Objects": [
        "painting"
    ]
}{
    "Place": 2,
    "Angle": 270,
    "Objects": [
        "wall",
        "tv"
    ]
}
[Debug] resolver candidates place=0: exact=3 relaxed_or_synthesized=1
[Debug] resolver candidates place=1: exact=1 relaxed_or_synthesized=2
[Debug] allowed planner objects: ['box', 'painting']
[Debug] allowed planner objects by place: {0: [], 1: [], 2: ['box', 'painting']}
The above is a description of different places in different angles in the environment.Your can get to any place described in the json data. Your goal is to find the toilet. Based on the above json data, please choose one specific object to travel to as your target. If your goal is already in the description, please choose it as the target. You must choose an object only from this allowed list: box, painting. Do not output any object name that is not in the allowed list. Valid choosable objects by place are: Place 2: box, painting. The Objects field must contain exactly one object from the chosen place list.Note that you can travel to door or door frame to other spaces if there are no clear evidence to choose the target.  Return exactly one JSON object by referring to the following template.
            {"Place": x, "Angle": x, "Objects": ["xxxx"] }
            If your goal is already in the description, please choose it as the target. You should not output any explanation, markdown, prose, examples, or extra text before or after the JSON. Note that your should choose only one object in one angle of one place in the json data as the target.
{"Place": "box", "Angle": 180, "Objects": ["phone", "apple"]}
[Timing] planning mode=kv elapsed=1.101s
{"Place": 2, "Angle": 180, "Objects": ["box"]}
[Debug] planner selected: place=2, angle=180, objects=['box']
last_key:['Place 0', 'Place 1']
[Debug] allowed_targets_by_place[2] candidates: [('box', 0, 10, 1.0, 'box', array([4.3102436 , 0.12692167, 4.7781076 ], dtype=float32)), ('painting', 180, 39, 0.5408273339271545, 'painting', array([0.50519466, 1.5530092 , 0.02087049], dtype=float32))]
[Debug] resolved target tuple: ('box', 0, 10, 1.0, 'box', array([4.3102436 , 0.12692167, 4.7781076 ], dtype=float32)) from representative place 2
[Debug] resolved source place: 2 for representative place 2
2
final_goal:toilet,sub_goal:box,place:2,trajectory: shelf in Place 0.toaster in Place 1.box in Place 2.
sub_target_id:10
target:box
final_goal:toilet
final_length:4.285533905029297
[Timing] pathfinder to-subgoal elapsed=0.197s found=True
[Debug] sub-goal visible on screen: label=box ratio=0.003306 bbox=97x56
[Debug] observation rotation: angle=0 pause=0.25s
[Debug] observation rotation: angle=90 pause=0.25s
[Debug] observation rotation: angle=180 pause=0.25s
[Debug] observation rotation: angle=270 pause=0.25s
[Debug] calling detection service: position_id=big+3+3 angle=0 prompt='toilet . wall .'
[Debug] received detection service result: position_id=big+3+3 angle=0
[Debug] calling detection service: position_id=big+3+3 angle=90 prompt='toilet . frame . wall .'
[Debug] received detection service result: position_id=big+3+3 angle=90
[Debug] calling detection service: position_id=big+3+3 angle=180 prompt='toilet . table . chair .'
[Debug] received detection service result: position_id=big+3+3 angle=180
[Debug] calling detection service: position_id=big+3+3 angle=270 prompt='toilet . table . lamp . sofa .'
[Debug] received detection service result: position_id=big+3+3 angle=270
[Debug] box_info_list_sum: [[{'label': 'wall', 'box': [0, 0, 1024, 1024]}], [], [{'label': 'table', 'box': [619, 625, 1013, 820]}, {'label': 'chair', 'box': [781, 689, 927, 880]}], [{'label': 'lamp', 'box': [433, 287, 696, 1021]}, {'label': 'table', 'box': [0, 578, 321, 722]}]]
[Debug] max_similar_objs_list: []
[Debug] empty_position: [2]
 {
    "Place": 0,
    "Angle": 0,
    "Objects": [
        "floor lamp",
        "sofa",
        "floor",
        "floorlamp"
    ]
}{
    "Place": 0,
    "Angle": 90,
    "Objects": [
        "bowl",
        "apple",
        "floor",
        "chair"
    ]
}{
    "Place": 0,
    "Angle": 270,
    "Objects": [
        "cave",
        "wall"
    ]
} {
    "Place": 1,
    "Angle": 0,
    "Objects": [
        "shelf",
        "coffee table",
        "wall"
    ]
}{
    "Place": 1,
    "Angle": 90,
    "Objects": [
        "window"
    ]
}{
    "Place": 1,
    "Angle": 180,
    "Objects": [
        "shadow",
        "person"
    ]
} {
    "Place": 2,
    "Angle": 90,
    "Objects": [
        "basket",
        "phone",
        "apple"
    ]
}{
    "Place": 2,
    "Angle": 180,
    "Objects": [
        "painting"
    ]
}{
    "Place": 2,
    "Angle": 270,
    "Objects": [
        "wall",
        "tv"
    ]
} {
    "Place": 3,
    "Angle": 0,
    "Objects": [
        "shadow"
    ]
}{
    "Place": 3,
    "Angle": 90,
    "Objects": [
        "frame",
        "wall"
    ]
}{
    "Place": 3,
    "Angle": 180,
    "Objects": [
        "chair"
    ]
}{
    "Place": 3,
    "Angle": 270,
    "Objects": [
        "sofa"
    ]
}
[Debug] resolver candidates place=0: exact=3 relaxed_or_synthesized=1
[Debug] resolver candidates place=1: exact=1 relaxed_or_synthesized=2
[Debug] allowed planner objects: ['chair', 'sofa']
[Debug] allowed planner objects by place: {0: [], 1: [], 2: [], 3: ['chair', 'sofa']}
The above is a description of different places in different angles in the environment.Your can get to any place described in the json data. Your goal is to find the toilet. Based on the above json data, please choose one specific object to travel to as your target. If your goal is already in the description, please choose it as the target. You must choose an object only from this allowed list: chair, sofa. Do not output any object name that is not in the allowed list. Valid choosable objects by place are: Place 3: chair, sofa. The Objects field must contain exactly one object from the chosen place list.Note that you can travel to door or door frame to other spaces if there are no clear evidence to choose the target.  Return exactly one JSON object by referring to the following template.
            {"Place": x, "Angle": x, "Objects": ["xxxx"] }
            If your goal is already in the description, please choose it as the target. You should not output any explanation, markdown, prose, examples, or extra text before or after the JSON. Note that your should choose only one object in one angle of one place in the json data as the target.
{"Place": "chair", "Angle": 180, "Objects": ["chair"]}
[Timing] planning mode=kv elapsed=1.063s
{"Place": 3, "Angle": 180, "Objects": ["chair"]}
[Debug] planner selected: place=3, angle=180, objects=['chair']
last_key:['Place 0', 'Place 1', 'Place 2']
[Debug] allowed_targets_by_place[3] candidates: [('chair', 180, 11, 0.5, 'chair', array([3.1250348, 0.3868456, 2.290052 ], dtype=float32)), ('sofa', 270, 75, 0.5, 'sofa', array([2.5741389, 0.4475542, 4.7152805], dtype=float32))]
[Debug] resolved target tuple: ('chair', 180, 11, 0.5, 'chair', array([3.1250348, 0.3868456, 2.290052 ], dtype=float32)) from representative place 3
[Debug] resolved source place: 3 for representative place 3
3
final_goal:toilet,sub_goal:chair,place:3,trajectory: shelf in Place 0.toaster in Place 1.box in Place 2.chair in Place 3.
sub_target_id:11
Setting `pad_token_id` to `eos_token_id`:151645 for open-end generation.
Setting `pad_token_id` to `eos_token_id`:151645 for open-end generation.
Setting `pad_token_id` to `eos_token_id`:151645 for open-end generation.
Setting `pad_token_id` to `eos_token_id`:151645 for open-end generation.
target:chair
final_goal:toilet
final_length:10.028175354003906
[Timing] pathfinder to-subgoal elapsed=0.082s found=True
[Debug] sub-goal visible on screen: label=chair ratio=0.006227 bbox=110x177
[Debug] observation rotation: angle=0 pause=0.25s
[Debug] observation rotation: angle=90 pause=0.25s
[Debug] observation rotation: angle=180 pause=0.25s
[Debug] observation rotation: angle=270 pause=0.25s
[Debug] calling detection service: position_id=big+4+4 angle=0 prompt='toilet . box . lamp . sofa .'
[Debug] received detection service result: position_id=big+4+4 angle=0
[Debug] calling detection service: position_id=big+4+4 angle=90 prompt='toilet . doorway . window .'
[Debug] received detection service result: position_id=big+4+4 angle=90
[Debug] calling detection service: position_id=big+4+4 angle=180 prompt='toilet . shelf . table .'
[Debug] received detection service result: position_id=big+4+4 angle=180
[Debug] calling detection service: position_id=big+4+4 angle=270 prompt='toilet . box . counter . apple .'
[Debug] received detection service result: position_id=big+4+4 angle=270
[Debug] box_info_list_sum: [[{'label': 'lamp', 'box': [542, 441, 642, 880]}, {'label': 'sofa', 'box': [34, 653, 493, 929]}, {'label': 'box', 'box': [633, 779, 766, 898]}], [{'label': 'window', 'box': [204, 273, 505, 809]}], [{'label': 'shelf', 'box': [163, 711, 757, 863]}, {'label': 'table', 'box': [187, 823, 1022, 1023]}], [{'label': 'apple', 'box': [531, 587, 555, 616]}, {'label': 'box', 'box': [773, 620, 833, 669]}, {'label': 'counter', 'box': [122, 603, 610, 823]}]]
diningtable
box
[Debug] max_similar_objs_list: [[('diningtable', 180, 15, 0.6230829358100891, 'diningtable', array([3.1220288, 0.3906947, 1.6924254], dtype=float32))], [('box', 270, 9, 1.0, 'box', array([0.5544365 , 0.81227887, 4.170649  ], dtype=float32))]]
[Debug] empty_position: [0]
 {
    "Place": 0,
    "Angle": 0,
    "Objects": [
        "floor lamp",
        "sofa",
        "floor",
        "floorlamp"
    ]
}{
    "Place": 0,
    "Angle": 90,
    "Objects": [
        "bowl",
        "apple",
        "floor",
        "chair"
    ]
}{
    "Place": 0,
    "Angle": 270,
    "Objects": [
        "cave",
        "wall"
    ]
} {
    "Place": 1,
    "Angle": 0,
    "Objects": [
        "shelf",
        "coffee table",
        "wall"
    ]
}{
    "Place": 1,
    "Angle": 90,
    "Objects": [
        "window"
    ]
}{
    "Place": 1,
    "Angle": 180,
    "Objects": [
        "shadow",
        "person"
    ]
} {
    "Place": 2,
    "Angle": 90,
    "Objects": [
        "basket",
        "phone",
        "apple"
    ]
}{
    "Place": 2,
    "Angle": 180,
    "Objects": [
        "painting"
    ]
}{
    "Place": 2,
    "Angle": 270,
    "Objects": [
        "wall",
        "tv"
    ]
} {
    "Place": 3,
    "Angle": 0,
    "Objects": [
        "shadow"
    ]
}{
    "Place": 3,
    "Angle": 90,
    "Objects": [
        "frame",
        "wall"
    ]
}{
    "Place": 3,
    "Angle": 270,
    "Objects": [
        "sofa"
    ]
} {
    "Place": 4,
    "Angle": 0,
    "Objects": [
        "box"
    ]
}{
    "Place": 4,
    "Angle": 90,
    "Objects": [
        "doorway"
    ]
}{
    "Place": 4,
    "Angle": 180,
    "Objects": [
        "diningtable"
    ]
}{
    "Place": 4,
    "Angle": 270,
    "Objects": [
        "lamp",
        "box"
    ]
}
[Debug] resolver candidates place=0: exact=2 relaxed_or_synthesized=1
[Debug] resolver candidates place=1: exact=1 relaxed_or_synthesized=2
[Debug] allowed planner objects: ['box', 'diningtable']
[Debug] allowed planner objects by place: {0: [], 1: [], 2: [], 3: [], 4: ['box', 'diningtable']}
The above is a description of different places in different angles in the environment.Your can get to any place described in the json data. Your goal is to find the toilet. Based on the above json data, please choose one specific object to travel to as your target. If your goal is already in the description, please choose it as the target. You must choose an object only from this allowed list: box, diningtable. Do not output any object name that is not in the allowed list. Valid choosable objects by place are: Place 4: box, diningtable. The Objects field must contain exactly one object from the chosen place list.Note that you can travel to door or door frame to other spaces if there are no clear evidence to choose the target.  Return exactly one JSON object by referring to the following template.
            {"Place": x, "Angle": x, "Objects": ["xxxx"] }
            If your goal is already in the description, please choose it as the target. You should not output any explanation, markdown, prose, examples, or extra text before or after the JSON. Note that your should choose only one object in one angle of one place in the json data as the target.
{"Place": "diningtable", "Angle": 270, "Objects": ["lamp"]}
[Timing] planning mode=kv elapsed=1.107s
{"Place": 4, "Angle": 270, "Objects": ["diningtable"]}
[Debug] planner selected: place=4, angle=270, objects=['diningtable']
last_key:['Place 0', 'Place 1', 'Place 2', 'Place 3']
[Debug] allowed_targets_by_place[4] candidates: [('box', 270, 9, 1.0, 'box', array([0.5544365 , 0.81227887, 4.170649  ], dtype=float32)), ('diningtable', 180, 15, 0.6230829358100891, 'diningtable', array([3.1220288, 0.3906947, 1.6924254], dtype=float32))]
[Debug] resolved target tuple: ('diningtable', 180, 15, 0.6230829358100891, 'diningtable', array([3.1220288, 0.3906947, 1.6924254], dtype=float32)) from representative place 4
[Debug] resolved source place: 4 for representative place 4
4
final_goal:toilet,sub_goal:diningtable,place:4,trajectory: shelf in Place 0.toaster in Place 1.box in Place 2.chair in Place 3.diningtable in Place 4.
sub_target_id:15
target:diningtable
final_goal:toilet
final_length:13.00304889678955
[Timing] pathfinder to-subgoal elapsed=0.002s found=True
 {
    "Place": 0,
    "Angle": 0,
    "Objects": [
        "floor lamp",
        "sofa",
        "floor",
        "floorlamp"
    ]
}{
    "Place": 0,
    "Angle": 90,
    "Objects": [
        "bowl",
        "apple",
        "floor",
        "chair"
    ]
}{
    "Place": 0,
    "Angle": 270,
    "Objects": [
        "cave",
        "wall"
    ]
} {
    "Place": 1,
    "Angle": 0,
    "Objects": [
        "shelf",
        "coffee table",
        "wall"
    ]
}{
    "Place": 1,
    "Angle": 90,
    "Objects": [
        "window"
    ]
}{
    "Place": 1,
    "Angle": 180,
    "Objects": [
        "shadow",
        "person"
    ]
} {
    "Place": 2,
    "Angle": 90,
    "Objects": [
        "basket",
        "phone",
        "apple"
    ]
}{
    "Place": 2,
    "Angle": 180,
    "Objects": [
        "painting"
    ]
}{
    "Place": 2,
    "Angle": 270,
    "Objects": [
        "wall",
        "tv"
    ]
} {
    "Place": 3,
    "Angle": 0,
    "Objects": [
        "shadow"
    ]
}{
    "Place": 3,
    "Angle": 90,
    "Objects": [
        "frame",
        "wall"
    ]
}{
    "Place": 3,
    "Angle": 270,
    "Objects": [
        "sofa"
    ]
} {
    "Place": 4,
    "Angle": 0,
    "Objects": [
        "box"
    ]
}{
    "Place": 4,
    "Angle": 90,
    "Objects": [
        "doorway"
    ]
}{
    "Place": 4,
    "Angle": 270,
    "Objects": [
        "lamp",
        "box"
    ]
}
[Debug] resolver candidates place=0: exact=2 relaxed_or_synthesized=1
[Debug] resolver candidates place=1: exact=1 relaxed_or_synthesized=2
[Debug] allowed planner objects: ['doorway']
[Debug] allowed planner objects by place: {0: ['doorway'], 1: [], 2: [], 3: [], 4: []}
[Debug] bypassing planner because only one target is allowed: {"Place": 0, "Angle": 180, "Objects": ["doorway"]}
{"Place": 0, "Angle": 180, "Objects": ["doorway"]}
[Debug] planner selected: place=0, angle=180, objects=['doorway']
last_key:['Place 0', 'Place 1', 'Place 2', 'Place 3', 'Place 4']
[Debug] allowed_targets_by_place[0] candidates: [('sofa', 0, 75, 1.0, 'sofa', array([2.5741389, 0.4475542, 4.7152805], dtype=float32)), ('floorlamp', 0, 32, 0.7215485572814941, 'floorlamp', array([3.8608205 , 0.93425405, 4.837762  ], dtype=float32)), ('doorway', 180, 19, 0.7448769807815552, 'doorway', array([1.5510572, 1.0500227, 0.       ], dtype=float32))]
Setting `pad_token_id` to `eos_token_id`:151645 for open-end generation.
Setting `pad_token_id` to `eos_token_id`:151645 for open-end generation.
Setting `pad_token_id` to `eos_token_id`:151645 for open-end generation.
Setting `pad_token_id` to `eos_token_id`:151645 for open-end generation.
Setting `pad_token_id` to `eos_token_id`:151645 for open-end generation.
Setting `pad_token_id` to `eos_token_id`:151645 for open-end generation.
Setting `pad_token_id` to `eos_token_id`:151645 for open-end generation.
Setting `pad_token_id` to `eos_token_id`:151645 for open-end generation.
[Debug] resolved target tuple: ('doorway', 180, 19, 0.7448769807815552, 'doorway', array([1.5510572, 1.0500227, 0.       ], dtype=float32)) from representative place 0
[Debug] resolved source place: 0 for representative place 0
0
final_goal:toilet,sub_goal:doorway,place:0,trajectory: shelf in Place 0.toaster in Place 1.box in Place 2.chair in Place 3.diningtable in Place 4.doorway in Place 0.
sub_target_id:19
target:doorway
final_goal:toilet
final_length:13.00304889678955
[Timing] pathfinder to-subgoal elapsed=0.094s found=True
[Debug] sub-goal visible on screen: label=doorway ratio=0.181170 bbox=274x728
[Debug] observation rotation: angle=0 pause=0.25s
[Debug] observation rotation: angle=90 pause=0.25s
[Debug] observation rotation: angle=180 pause=0.25s
[Debug] observation rotation: angle=270 pause=0.25s
[Debug] get_observation skip angle=180 reason=depth
[Debug] calling detection service: position_id=big+5+6 angle=0 prompt='toilet . counter . table . lamp .'
[Debug] received detection service result: position_id=big+5+6 angle=0
[Debug] calling detection service: position_id=big+5+6 angle=90 prompt='toilet . table . books . tomato .'
[Debug] received detection service result: position_id=big+5+6 angle=90
[Debug] calling detection service: position_id=big+5+6 angle=270 prompt='toilet . table . toaster .'
[Debug] received detection service result: position_id=big+5+6 angle=270
[Debug] box_info_list_sum: [[{'label': 'lamp', 'box': [747, 477, 804, 694]}], [{'label': 'table', 'box': [0, 669, 318, 964]}, {'label': 'tomato', 'box': [148, 726, 195, 767]}], [{'label': 'table', 'box': [618, 728, 1023, 1023]}, {'label': 'toaster', 'box': [738, 701, 928, 893]}]]
[Debug] max_similar_objs_list: []
[Debug] empty_position: [2]
 {
    "Place": 0,
    "Angle": 0,
    "Objects": [
        "floor lamp",
        "sofa",
        "floor",
        "floorlamp"
    ]
}{
    "Place": 0,
    "Angle": 90,
    "Objects": [
        "bowl",
        "apple",
        "floor",
        "chair"
    ]
}{
    "Place": 0,
    "Angle": 270,
    "Objects": [
        "cave",
        "wall"
    ]
} {
    "Place": 1,
    "Angle": 0,
    "Objects": [
        "shelf",
        "coffee table",
        "wall"
    ]
}{
    "Place": 1,
    "Angle": 90,
    "Objects": [
        "window"
    ]
}{
    "Place": 1,
    "Angle": 180,
    "Objects": [
        "shadow",
        "person"
    ]
} {
    "Place": 2,
    "Angle": 90,
    "Objects": [
        "basket",
        "phone",
        "apple"
    ]
}{
    "Place": 2,
    "Angle": 180,
    "Objects": [
        "painting"
    ]
}{
    "Place": 2,
    "Angle": 270,
    "Objects": [
        "wall",
        "tv"
    ]
} {
    "Place": 3,
    "Angle": 0,
    "Objects": [
        "shadow"
    ]
}{
    "Place": 3,
    "Angle": 90,
    "Objects": [
        "frame",
        "wall"
    ]
}{
    "Place": 3,
    "Angle": 270,
    "Objects": [
        "sofa"
    ]
} {
    "Place": 4,
    "Angle": 0,
    "Objects": [
        "box"
    ]
}{
    "Place": 4,
    "Angle": 90,
    "Objects": [
        "doorway"
    ]
}{
    "Place": 4,
    "Angle": 270,
    "Objects": [
        "lamp",
        "box"
    ]
} {
    "Place": 5,
    "Angle": 0,
    "Objects": [
        "counter",
        "sofa",
        "table"
    ]
}{
    "Place": 5,
    "Angle": 90,
    "Objects": [
        "window",
        "books"
    ]
}{
    "Place": 5,
    "Angle": 270,
    "Objects": [
        "toaster"
    ]
}
[Debug] resolver candidates place=1: exact=1 relaxed_or_synthesized=2
[Debug] allowed planner objects: ['window', 'countertop', 'sofa']
[Debug] allowed planner objects by place: {0: [], 1: [], 2: [], 3: [], 4: [], 5: ['window', 'countertop', 'sofa']}
The above is a description of different places in different angles in the environment.Your can get to any place described in the json data. Your goal is to find the toilet. Based on the above json data, please choose one specific object to travel to as your target. If your goal is already in the description, please choose it as the target. You must choose an object only from this allowed list: window, countertop, sofa. Do not output any object name that is not in the allowed list. Valid choosable objects by place are: Place 5: window, countertop, sofa. The Objects field must contain exactly one object from the chosen place list.Note that you can travel to door or door frame to other spaces if there are no clear evidence to choose the target.  Return exactly one JSON object by referring to the following template.
            {"Place": x, "Angle": x, "Objects": ["xxxx"] }
            If your goal is already in the description, please choose it as the target. You should not output any explanation, markdown, prose, examples, or extra text before or after the JSON. Note that your should choose only one object in one angle of one place in the json data as the target.
{"Place": "countertop", "Angle": 90, "Objects": ["window"]}
[Timing] planning mode=kv elapsed=1.096s
{"Place": 5, "Angle": 90, "Objects": ["countertop"]}
[Debug] planner selected: place=5, angle=90, objects=['countertop']
last_key:['Place 0', 'Place 1', 'Place 2', 'Place 3', 'Place 4', 'Place 0']
[Debug] allowed_targets_by_place[5] candidates: [('window', 90, 112, 0.5, 'window', array([5.08     , 1.4987931, 2.94943  ], dtype=float32)), ('countertop', 0, 12, 0.5, 'countertop', array([0.48542398, 0.4709986 , 1.7771144 ], dtype=float32)), ('sofa', 0, 75, 0.5, 'sofa', array([2.5741389, 0.4475542, 4.7152805], dtype=float32))]
[Debug] resolved target tuple: ('countertop', 0, 12, 0.5, 'countertop', array([0.48542398, 0.4709986 , 1.7771144 ], dtype=float32)) from representative place 5
[Debug] resolved source place: 5 for representative place 5
5
final_goal:toilet,sub_goal:countertop,place:5,trajectory: shelf in Place 0.toaster in Place 1.box in Place 2.chair in Place 3.diningtable in Place 4.doorway in Place 0.countertop in Place 5.
sub_target_id:12
target:countertop
final_goal:toilet
final_length:14.856602668762207
[Timing] pathfinder to-subgoal elapsed=0.033s found=True
[Debug] sub-goal visible on screen: label=countertop ratio=0.125326 bbox=398x381
[Debug] observation rotation: angle=0 pause=0.25s
[Debug] observation rotation: angle=90 pause=0.25s
[Debug] observation rotation: angle=180 pause=0.25s
[Debug] observation rotation: angle=270 pause=0.25s
[Debug] calling detection service: position_id=big+6+7 angle=0 prompt='toilet . lamp . sofa . coffee table .'
[Debug] received detection service result: position_id=big+6+7 angle=0
[Debug] calling detection service: position_id=big+6+7 angle=90 prompt='toilet . box . basket . table .'
[Debug] received detection service result: position_id=big+6+7 angle=90
[Debug] calling detection service: position_id=big+6+7 angle=180 prompt='toilet . doorway . counter .'
[Debug] received detection service result: position_id=big+6+7 angle=180
[Debug] calling detection service: position_id=big+6+7 angle=270 prompt='toilet . green object . marble floor . picture frame .'
[Debug] received detection service result: position_id=big+6+7 angle=270
[Debug] box_info_list_sum: [[{'label': 'lamp', 'box': [898, 459, 996, 786]}, {'label': 'sofa', 'box': [587, 620, 930, 811]}], [{'label': 'table', 'box': [288, 656, 796, 1022]}], [{'label': 'doorway', 'box': [261, 351, 579, 994]}, {'label': 'counter', 'box': [643, 782, 1023, 1023]}], [{'label': 'marble floor', 'box': [1, 776, 1022, 1021]}, {'label': 'picture frame', 'box': [732, 238, 1014, 446]}, {'label': 'green object', 'box': [773, 775, 847, 827]}]]
[Debug] max_similar_objs_list: []
[Debug] empty_position: [2]
Setting `pad_token_id` to `eos_token_id`:151645 for open-end generation.
Setting `pad_token_id` to `eos_token_id`:151645 for open-end generation.
Setting `pad_token_id` to `eos_token_id`:151645 for open-end generation.
Setting `pad_token_id` to `eos_token_id`:151645 for open-end generation.
 {
    "Place": 0,
    "Angle": 0,
    "Objects": [
        "floor lamp",
        "sofa",
        "floor",
        "floorlamp"
    ]
}{
    "Place": 0,
    "Angle": 90,
    "Objects": [
        "bowl",
        "apple",
        "floor",
        "chair"
    ]
}{
    "Place": 0,
    "Angle": 270,
    "Objects": [
        "cave",
        "wall"
    ]
} {
    "Place": 1,
    "Angle": 0,
    "Objects": [
        "shelf",
        "coffee table",
        "wall"
    ]
}{
    "Place": 1,
    "Angle": 90,
    "Objects": [
        "window"
    ]
}{
    "Place": 1,
    "Angle": 180,
    "Objects": [
        "shadow",
        "person"
    ]
} {
    "Place": 2,
    "Angle": 90,
    "Objects": [
        "basket",
        "phone",
        "apple"
    ]
}{
    "Place": 2,
    "Angle": 180,
    "Objects": [
        "painting"
    ]
}{
    "Place": 2,
    "Angle": 270,
    "Objects": [
        "wall",
        "tv"
    ]
} {
    "Place": 3,
    "Angle": 0,
    "Objects": [
        "shadow"
    ]
}{
    "Place": 3,
    "Angle": 90,
    "Objects": [
        "frame",
        "wall"
    ]
}{
    "Place": 3,
    "Angle": 270,
    "Objects": [
        "sofa"
    ]
} {
    "Place": 4,
    "Angle": 0,
    "Objects": [
        "box"
    ]
}{
    "Place": 4,
    "Angle": 90,
    "Objects": [
        "doorway"
    ]
}{
    "Place": 4,
    "Angle": 270,
    "Objects": [
        "lamp",
        "box"
    ]
} {
    "Place": 5,
    "Angle": 90,
    "Objects": [
        "window",
        "books"
    ]
}{
    "Place": 5,
    "Angle": 270,
    "Objects": [
        "toaster"
    ]
} {
    "Place": 6,
    "Angle": 0,
    "Objects": [
        "marble countertop",
        "coffee table"
    ]
}{
    "Place": 6,
    "Angle": 90,
    "Objects": [
        "basket",
        "box",
        "apple"
    ]
}{
    "Place": 6,
    "Angle": 180,
    "Objects": [
        "counter"
    ]
}
[Debug] resolver candidates place=1: exact=1 relaxed_or_synthesized=1
[Debug] resolver candidates place=5: exact=1 relaxed_or_synthesized=2
[Debug] allowed planner objects: []
[Debug] allowed planner objects by place: {0: [], 1: [], 2: [], 3: [], 4: [], 5: []}
[Debug] resolver candidates place=1: exact=1 relaxed_or_synthesized=1
[Debug] resolver candidates place=5: exact=1 relaxed_or_synthesized=2
[Debug] bypassing planner because allowed target list is empty: {"Place": 1, "Angle": 90, "Objects": ["window"]}
{"Place": 1, "Angle": 90, "Objects": ["window"]}
[Debug] planner selected: place=1, angle=90, objects=['window']
last_key:['Place 0', 'Place 1', 'Place 2', 'Place 3', 'Place 4', 'Place 0', 'Place 5']
[Debug] allowed_targets_by_place[1] candidates: [('window', 90, 112, 1.0, 'window', array([5.08     , 1.4987931, 2.94943  ], dtype=float32)), ('painting', 270, 40, 0.7150622606277466, 'painting', array([0.02087049, 1.9815652 , 2.621764  ], dtype=float32))]
[Debug] resolved target tuple: ('window', 90, 112, 1.0, 'window', array([5.08     , 1.4987931, 2.94943  ], dtype=float32)) from representative place 1
[Debug] resolved source place: 5 for representative place 1
1
final_goal:toilet,sub_goal:window,place:1,trajectory: shelf in Place 0.toaster in Place 1.box in Place 2.chair in Place 3.diningtable in Place 4.doorway in Place 0.countertop in Place 5.window in Place 1.
sub_target_id:112
target:window
final_goal:toilet
final_length:16.460155487060547
[Timing] pathfinder to-subgoal elapsed=0.201s found=True
[Debug] sub-goal visible on screen: label=window ratio=0.031454 bbox=147x266
[Debug] observation rotation: angle=0 pause=0.25s
[Debug] observation rotation: angle=90 pause=0.25s
[Debug] observation rotation: angle=180 pause=0.25s
[Debug] observation rotation: angle=270 pause=0.25s
[Debug] calling detection service: position_id=big+7+8 angle=0 prompt='toilet . box . lamp .'
[Debug] received detection service result: position_id=big+7+8 angle=0
[Debug] calling detection service: position_id=big+7+8 angle=90 prompt='toilet . window . wall .'
[Debug] received detection service result: position_id=big+7+8 angle=90
[Debug] calling detection service: position_id=big+7+8 angle=180 prompt='toilet . table . window .'
[Debug] received detection service result: position_id=big+7+8 angle=180
[Debug] calling detection service: position_id=big+7+8 angle=270 prompt='toilet . table . chair . apple .'
[Debug] received detection service result: position_id=big+7+8 angle=270
[Debug] box_info_list_sum: [[{'label': 'lamp', 'box': [192, 420, 331, 991]}, {'label': 'box', 'box': [298, 843, 456, 1022]}], [{'label': 'wall', 'box': [106, 1, 479, 1021]}], [{'label': 'table', 'box': [722, 735, 1023, 1022]}], [{'label': 'chair', 'box': [193, 735, 369, 1022]}, {'label': 'table', 'box': [0, 606, 770, 1023]}, {'label': 'apple', 'box': [108, 566, 485, 711]}]]
[Debug] max_similar_objs_list: []
[Debug] empty_position: [0]
 {
    "Place": 0,
    "Angle": 0,
    "Objects": [
        "floor lamp",
        "sofa",
        "floor",
        "floorlamp"
    ]
}{
    "Place": 0,
    "Angle": 90,
    "Objects": [
        "bowl",
        "apple",
        "floor",
        "chair"
    ]
}{
    "Place": 0,
    "Angle": 270,
    "Objects": [
        "cave",
        "wall"
    ]
} {
    "Place": 1,
    "Angle": 0,
    "Objects": [
        "shelf",
        "coffee table",
        "wall"
    ]
}{
    "Place": 1,
    "Angle": 90,
    "Objects": [
        "window"
    ]
}{
    "Place": 1,
    "Angle": 180,
    "Objects": [
        "shadow",
        "person"
    ]
} {
    "Place": 2,
    "Angle": 90,
    "Objects": [
        "basket",
        "phone",
        "apple"
    ]
}{
    "Place": 2,
    "Angle": 180,
    "Objects": [
        "painting"
    ]
}{
    "Place": 2,
    "Angle": 270,
    "Objects": [
        "wall",
        "tv"
    ]
} {
    "Place": 3,
    "Angle": 0,
    "Objects": [
        "shadow"
    ]
}{
    "Place": 3,
    "Angle": 90,
    "Objects": [
        "frame",
        "wall"
    ]
}{
    "Place": 3,
    "Angle": 270,
    "Objects": [
        "sofa"
    ]
} {
    "Place": 4,
    "Angle": 0,
    "Objects": [
        "box"
    ]
}{
    "Place": 4,
    "Angle": 90,
    "Objects": [
        "doorway"
    ]
}{
    "Place": 4,
    "Angle": 270,
    "Objects": [
        "lamp",
        "box"
    ]
} {
    "Place": 5,
    "Angle": 270,
    "Objects": [
        "toaster"
    ]
} {
    "Place": 6,
    "Angle": 0,
    "Objects": [
        "marble countertop",
        "coffee table"
    ]
}{
    "Place": 6,
    "Angle": 90,
    "Objects": [
        "basket",
        "box",
        "apple"
    ]
}{
    "Place": 6,
    "Angle": 180,
    "Objects": [
        "counter"
    ]
} {
    "Place": 7,
    "Angle": 0,
    "Objects": [
        "box"
    ]
}{
    "Place": 7,
    "Angle": 90,
    "Objects": [
        "window"
    ]
}{
    "Place": 7,
    "Angle": 180,
    "Objects": [
        "window"
    ]
}{
    "Place": 7,
    "Angle": 270,
    "Objects": [
        "sofa"
    ]
}
[Debug] resolver candidates place=1: exact=0 relaxed_or_synthesized=1
[Debug] resolver candidates place=5: exact=0 relaxed_or_synthesized=3
[Debug] allowed planner objects: []
[Debug] allowed planner objects by place: {0: [], 1: [], 2: [], 3: [], 4: [], 5: []}
[Debug] resolver candidates place=1: exact=0 relaxed_or_synthesized=1
[Debug] resolver candidates place=5: exact=0 relaxed_or_synthesized=3
[Debug] bypassing planner because allowed target list is empty: {"Place": 0, "Angle": 90, "Objects": ["window"]}
{"Place": 0, "Angle": 90, "Objects": ["window"]}
[Debug] planner selected: place=0, angle=90, objects=['window']
last_key:['Place 0', 'Place 1', 'Place 2', 'Place 3', 'Place 4', 'Place 0', 'Place 5', 'Place 5']
[Debug] allowed_targets_by_place[0] candidates: [('sofa', 0, 75, 1.0, 'sofa', array([2.5741389, 0.4475542, 4.7152805], dtype=float32)), ('floorlamp', 0, 32, 0.7215485572814941, 'floorlamp', array([3.8608205 , 0.93425405, 4.837762  ], dtype=float32)), ('window', 90, 113, 0.5, 'window', array([5.08     , 1.4992062, 5.9699283], dtype=float32)), ('box', 0, 8, 0.5, 'box', array([5.2692614 , 0.10649872, 5.2940135 ], dtype=float32)), ('box', 90, 9, 0.5, 'box', array([0.5544365 , 0.81227887, 4.170649  ], dtype=float32))]
Setting `pad_token_id` to `eos_token_id`:151645 for open-end generation.
Setting `pad_token_id` to `eos_token_id`:151645 for open-end generation.
Setting `pad_token_id` to `eos_token_id`:151645 for open-end generation.
Setting `pad_token_id` to `eos_token_id`:151645 for open-end generation.
Setting `pad_token_id` to `eos_token_id`:151645 for open-end generation.
Setting `pad_token_id` to `eos_token_id`:151645 for open-end generation.
Setting `pad_token_id` to `eos_token_id`:151645 for open-end generation.
Setting `pad_token_id` to `eos_token_id`:151645 for open-end generation.
[Debug] resolved target tuple: ('window', 90, 113, 0.5, 'window', array([5.08     , 1.4992062, 5.9699283], dtype=float32)) from representative place 0
[Debug] resolved source place: 5 for representative place 0
0
final_goal:toilet,sub_goal:window,place:0,trajectory: shelf in Place 0.toaster in Place 1.box in Place 2.chair in Place 3.diningtable in Place 4.doorway in Place 0.countertop in Place 5.window in Place 1.
sub_target_id:113
target:window
final_goal:toilet
final_length:22.556350708007812
[Timing] pathfinder to-subgoal elapsed=0.330s found=True
[Debug] sub-goal visible on screen: label=window ratio=0.073954 bbox=213x406
[Debug] observation rotation: angle=0 pause=0.25s
[Debug] observation rotation: angle=90 pause=0.25s
[Debug] observation rotation: angle=180 pause=0.25s
[Debug] observation rotation: angle=270 pause=0.25s
[Debug] calling detection service: position_id=big+8+9 angle=0 prompt='toilet . bed . tv .'
[Debug] received detection service result: position_id=big+8+9 angle=0
[Debug] calling detection service: position_id=big+8+9 angle=90 prompt='toilet . bed . nightstand .'
[Debug] received detection service result: position_id=big+8+9 angle=90
[Debug] calling detection service: position_id=big+8+9 angle=180 prompt='toilet . doorway . wall .'
[Debug] received detection service result: position_id=big+8+9 angle=180
[Debug] calling detection service: position_id=big+8+9 angle=270 prompt='toilet . building . window .'
[Debug] received detection service result: position_id=big+8+9 angle=270
[Debug] box_info_list_sum: [[{'label': 'bed', 'box': [692, 722, 1023, 1023]}], [{'label': 'bed', 'box': [0, 625, 343, 1023]}, {'label': 'nightstand', 'box': [412, 577, 505, 719]}], [{'label': 'doorway', 'box': [907, 0, 1023, 1023]}], []]
bed
dresser
window
[Debug] max_similar_objs_list: [[('bed', 0, 2, 1.0, 'bed', array([7.403634 , 0.4550982, 7.7076   ], dtype=float32))], [('dresser', 90, 25, 0.6982331275939941, 'dresser', array([9.751866 , 0.4856973, 6.3986616], dtype=float32))], [('window', 180, 113, 0.7156640887260437, 'window', array([5.08     , 1.4992062, 5.9699283], dtype=float32))]]
[Debug] empty_position: []
 {
    "Place": 0,
    "Angle": 0,
    "Objects": [
        "floor lamp",
        "sofa",
        "floor",
        "floorlamp"
    ]
}{
    "Place": 0,
    "Angle": 90,
    "Objects": [
        "bowl",
        "apple",
        "floor",
        "chair"
    ]
}{
    "Place": 0,
    "Angle": 270,
    "Objects": [
        "cave",
        "wall"
    ]
} {
    "Place": 1,
    "Angle": 0,
    "Objects": [
        "shelf",
        "coffee table",
        "wall"
    ]
}{
    "Place": 1,
    "Angle": 90,
    "Objects": [
        "window"
    ]
}{
    "Place": 1,
    "Angle": 180,
    "Objects": [
        "shadow",
        "person"
    ]
} {
    "Place": 2,
    "Angle": 90,
    "Objects": [
        "basket",
        "phone",
        "apple"
    ]
}{
    "Place": 2,
    "Angle": 180,
    "Objects": [
        "painting"
    ]
}{
    "Place": 2,
    "Angle": 270,
    "Objects": [
        "wall",
        "tv"
    ]
} {
    "Place": 3,
    "Angle": 0,
    "Objects": [
        "shadow"
    ]
}{
    "Place": 3,
    "Angle": 90,
    "Objects": [
        "frame",
        "wall"
    ]
}{
    "Place": 3,
    "Angle": 270,
    "Objects": [
        "sofa"
    ]
} {
    "Place": 4,
    "Angle": 0,
    "Objects": [
        "box"
    ]
}{
    "Place": 4,
    "Angle": 90,
    "Objects": [
        "doorway"
    ]
}{
    "Place": 4,
    "Angle": 270,
    "Objects": [
        "lamp",
        "box"
    ]
} {
    "Place": 5,
    "Angle": 270,
    "Objects": [
        "toaster"
    ]
} {
    "Place": 6,
    "Angle": 0,
    "Objects": [
        "marble countertop",
        "coffee table"
    ]
}{
    "Place": 6,
    "Angle": 90,
    "Objects": [
        "basket",
        "box",
        "apple"
    ]
}{
    "Place": 6,
    "Angle": 180,
    "Objects": [
        "counter"
    ]
} {
    "Place": 7,
    "Angle": 0,
    "Objects": [
        "box"
    ]
}{
    "Place": 7,
    "Angle": 90,
    "Objects": [
        "window"
    ]
}{
    "Place": 7,
    "Angle": 180,
    "Objects": [
        "window"
    ]
}{
    "Place": 7,
    "Angle": 270,
    "Objects": [
        "sofa"
    ]
} {
    "Place": 8,
    "Angle": 0,
    "Objects": [
        "tv",
        "bed"
    ]
}{
    "Place": 8,
    "Angle": 90,
    "Objects": [
        "dresser"
    ]
}{
    "Place": 8,
    "Angle": 180,
    "Objects": [
        "wall",
        "window"
    ]
}{
    "Place": 8,
    "Angle": 270,
    "Objects": [
        "window",
        "building"
    ]
}
[Debug] resolver candidates place=1: exact=0 relaxed_or_synthesized=1
[Debug] resolver candidates place=5: exact=0 relaxed_or_synthesized=2
[Debug] allowed planner objects: ['dresser', 'bed']
[Debug] allowed planner objects by place: {0: [], 1: [], 2: [], 3: [], 4: [], 5: [], 8: ['bed', 'dresser']}
The above is a description of different places in different angles in the environment.Your can get to any place described in the json data. Your goal is to find the toilet. Based on the above json data, please choose one specific object to travel to as your target. If your goal is already in the description, please choose it as the target. You must choose an object only from this allowed list: dresser, bed. Do not output any object name that is not in the allowed list. Valid choosable objects by place are: Place 8: bed, dresser. The Objects field must contain exactly one object from the chosen place list.Note that you can travel to door or door frame to other spaces if there are no clear evidence to choose the target.  Return exactly one JSON object by referring to the following template.
            {"Place": x, "Angle": x, "Objects": ["xxxx"] }
            If your goal is already in the description, please choose it as the target. You should not output any explanation, markdown, prose, examples, or extra text before or after the JSON. Note that your should choose only one object in one angle of one place in the json data as the target.
{"Place": "dresser", "Angle": 0, "Objects": ["window"]}
[Timing] planning mode=kv elapsed=1.085s
{"Place": 8, "Angle": 0, "Objects": ["dresser"]}
[Debug] planner selected: place=8, angle=0, objects=['dresser']
last_key:['Place 0', 'Place 1', 'Place 2', 'Place 3', 'Place 4', 'Place 0', 'Place 5', 'Place 5', 'Place 5']
[Debug] allowed_targets_by_place[8] candidates: [('bed', 0, 2, 1.0, 'bed', array([7.403634 , 0.4550982, 7.7076   ], dtype=float32)), ('dresser', 90, 25, 0.6982331275939941, 'dresser', array([9.751866 , 0.4856973, 6.3986616], dtype=float32))]
[Debug] resolved target tuple: ('dresser', 90, 25, 0.6982331275939941, 'dresser', array([9.751866 , 0.4856973, 6.3986616], dtype=float32)) from representative place 8
[Debug] resolved source place: 8 for representative place 8
8
final_goal:toilet,sub_goal:dresser,place:8,trajectory: shelf in Place 0.toaster in Place 1.box in Place 2.chair in Place 3.diningtable in Place 4.doorway in Place 0.countertop in Place 5.window in Place 1.dresser in Place 8.
sub_target_id:25
target:dresser
final_goal:toilet
final_length:33.25609588623047
[Timing] pathfinder to-subgoal elapsed=0.149s found=True
[Debug] sub-goal visible on screen: label=dresser ratio=0.025071 bbox=137x220
[Debug] observation rotation: angle=0 pause=0.25s
[Debug] observation rotation: angle=90 pause=0.25s
[Debug] observation rotation: angle=180 pause=0.25s
[Debug] observation rotation: angle=270 pause=0.25s
[Debug] calling detection service: position_id=big+9+10 angle=0 prompt='toilet . bridge . horse . river .'
[Debug] received detection service result: position_id=big+9+10 angle=0
[Debug] calling detection service: position_id=big+9+10 angle=90 prompt='toilet . picture . table .'
[Debug] received detection service result: position_id=big+9+10 angle=90
[Debug] calling detection service: position_id=big+9+10 angle=180 prompt='toilet . bed . tv .'
[Debug] received detection service result: position_id=big+9+10 angle=180
[Debug] calling detection service: position_id=big+9+10 angle=270 prompt='toilet . doorway . picture . bed .'
[Debug] received detection service result: position_id=big+9+10 angle=270
[Debug] box_info_list_sum: [[{'label': 'bridge', 'box': [0, 238, 306, 383]}], [{'label': 'table', 'box': [303, 783, 889, 1022]}, {'label': 'picture', 'box': [0, 0, 233, 466]}], [{'label': 'tv', 'box': [311, 300, 787, 589]}, {'label': 'bed', 'box': [376, 779, 1022, 1023]}], [{'label': 'picture', 'box': [631, 0, 1023, 613]}, {'label': 'bed', 'box': [604, 717, 774, 1023]}]]
painting
tv
desk
[Debug] max_similar_objs_list: [[('painting', 0, 38, 0.5970533490180969, 'painting', array([9.054188 , 1.9158919, 6.75165  ], dtype=float32))], [('tv', 180, 77, 1.0, 'tv', array([8.901158 , 1.7504671, 5.123454 ], dtype=float32))], [('desk', 180, 13, 0.690909206867218, 'desk', array([8.674826  , 0.42118275, 5.4073305 ], dtype=float32))]]
[Debug] empty_position: [1]
 {
    "Place": 0,
    "Angle": 0,
    "Objects": [
        "floor lamp",
        "sofa",
        "floor",
        "floorlamp"
    ]
}{
    "Place": 0,
    "Angle": 90,
    "Objects": [
        "bowl",
        "apple",
        "floor",
        "chair"
    ]
}{
    "Place": 0,
    "Angle": 270,
    "Objects": [
        "cave",
        "wall"
    ]
} {
    "Place": 1,
    "Angle": 0,
    "Objects": [
        "shelf",
        "coffee table",
        "wall"
    ]
}{
    "Place": 1,
    "Angle": 90,
    "Objects": [
        "window"
    ]
}{
    "Place": 1,
    "Angle": 180,
    "Objects": [
        "shadow",
        "person"
    ]
} {
    "Place": 2,
    "Angle": 90,
    "Objects": [
        "basket",
        "phone",
        "apple"
    ]
}{
    "Place": 2,
    "Angle": 180,
    "Objects": [
        "painting"
    ]
}{
    "Place": 2,
    "Angle": 270,
    "Objects": [
        "wall",
        "tv"
    ]
} {
    "Place": 3,
    "Angle": 0,
    "Objects": [
        "shadow"
    ]
}{
    "Place": 3,
    "Angle": 90,
    "Objects": [
        "frame",
        "wall"
    ]
}{
    "Place": 3,
    "Angle": 270,
    "Objects": [
        "sofa"
    ]
} {
    "Place": 4,
    "Angle": 0,
    "Objects": [
        "box"
    ]
}{
    "Place": 4,
    "Angle": 90,
    "Objects": [
        "doorway"
    ]
}{
    "Place": 4,
    "Angle": 270,
    "Objects": [
        "lamp",
        "box"
    ]
} {
    "Place": 5,
    "Angle": 270,
    "Objects": [
        "toaster"
    ]
} {
    "Place": 6,
    "Angle": 0,
    "Objects": [
        "marble countertop",
        "coffee table"
    ]
}{
    "Place": 6,
    "Angle": 90,
    "Objects": [
        "basket",
        "box",
        "apple"
    ]
}{
    "Place": 6,
    "Angle": 180,
    "Objects": [
        "counter"
    ]
} {
    "Place": 7,
    "Angle": 0,
    "Objects": [
        "box"
    ]
}{
    "Place": 7,
    "Angle": 90,
    "Objects": [
        "window"
    ]
}{
    "Place": 7,
    "Angle": 180,
    "Objects": [
        "window"
    ]
}{
    "Place": 7,
    "Angle": 270,
    "Objects": [
        "sofa"
    ]
} {
    "Place": 8,
    "Angle": 0,
    "Objects": [
        "tv",
        "bed"
    ]
}{
    "Place": 8,
    "Angle": 180,
    "Objects": [
        "wall",
        "window"
    ]
}{
    "Place": 8,
    "Angle": 270,
    "Objects": [
        "window",
        "building"
    ]
} {
    "Place": 9,
    "Angle": 0,
    "Objects": [
        "dolphin",
        "river",
        "painting",
        "horse"
    ]
}{
    "Place": 9,
    "Angle": 90,
    "Objects": [
        "picture"
    ]
}{
    "Place": 9,
    "Angle": 180,
    "Objects": [
        "tv",
        "desk"
    ]
}{
    "Place": 9,
    "Angle": 270,
    "Objects": [
        "window",
        "doorway"
    ]
}
[Debug] resolver candidates place=1: exact=0 relaxed_or_synthesized=1
[Debug] resolver candidates place=5: exact=0 relaxed_or_synthesized=2
[Debug] allowed planner objects: ['desk', 'tv', 'painting']
[Debug] allowed planner objects by place: {0: [], 1: [], 2: [], 3: [], 4: [], 5: [], 8: [], 9: ['tv', 'desk', 'painting']}
The above is a description of different places in different angles in the environment.Your can get to any place described in the json data. Your goal is to find the toilet. Based on the above json data, please choose one specific object to travel to as your target. If your goal is already in the description, please choose it as the target. You must choose an object only from this allowed list: desk, tv, painting. Do not output any object name that is not in the allowed list. Valid choosable objects by place are: Place 9: tv, desk, painting. The Objects field must contain exactly one object from the chosen place list.Note that you can travel to door or door frame to other spaces if there are no clear evidence to choose the target.  Return exactly one JSON object by referring to the following template.
            {"Place": x, "Angle": x, "Objects": ["xxxx"] }
            If your goal is already in the description, please choose it as the target. You should not output any explanation, markdown, prose, examples, or extra text before or after the JSON. Note that your should choose only one object in one angle of one place in the json data as the target.
{"Place": 9, "Angle": 90, "Objects": ["tv"]}
[Timing] planning mode=kv elapsed=1.101s
{"Place": 9, "Angle": 90, "Objects": ["tv"]}
[Debug] planner selected: place=9, angle=90, objects=['tv']
last_key:['Place 0', 'Place 1', 'Place 2', 'Place 3', 'Place 4', 'Place 0', 'Place 5', 'Place 5', 'Place 5', 'Place 8']
[Debug] allowed_targets_by_place[9] candidates: [('tv', 180, 77, 1.0, 'tv', array([8.901158 , 1.7504671, 5.123454 ], dtype=float32)), ('desk', 180, 13, 0.690909206867218, 'desk', array([8.674826  , 0.42118275, 5.4073305 ], dtype=float32)), ('painting', 0, 38, 0.5970533490180969, 'painting', array([9.054188 , 1.9158919, 6.75165  ], dtype=float32))]
[Debug] resolved target tuple: ('tv', 180, 77, 1.0, 'tv', array([8.901158 , 1.7504671, 5.123454 ], dtype=float32)) from representative place 9
[Debug] resolved source place: 9 for representative place 9
9
final_goal:toilet,sub_goal:tv,place:9,trajectory: shelf in Place 0.toaster in Place 1.box in Place 2.chair in Place 3.diningtable in Place 4.doorway in Place 0.countertop in Place 5.window in Place 1.dresser in Place 8.tv in Place 9.
sub_target_id:77
target:tv
final_goal:toilet
final_length:37.377418518066406
[Timing] pathfinder to-subgoal elapsed=0.102s found=True
[Debug] sub-goal visible on screen: label=tv ratio=0.122004 bbox=327x467
[Debug] calling detection service: position_id=goal-visible-10-10-12 angle=135 prompt='toilet .'
[Debug] received detection service result: position_id=goal-visible-10-10-12 angle=135
[Debug] semantic goal candidate rejected by RGB detector: label=toilet ratio=0.012729 semantic_bbox=132x228
[Debug] calling detection service: position_id=goal-visible-10-10-13 angle=135 prompt='toilet .'
[Debug] received detection service result: position_id=goal-visible-10-10-13 angle=135
[Debug] final goal visible on screen: label=toilet ratio=0.014615 semantic_bbox=162x240 rgb_bbox=163x242
[Debug] saved final goal bbox: tmp/navigation_images/final_goal_visible_step_13.png
[Debug] final goal detected; approaching GT coordinates before stopping
[Timing] pathfinder final-approach elapsed=0.116s found=True
[Debug] close enough to final goal coordinates: label=toilet distance=1.487
[Timing] episode elapsed=178.590s sr=1 spl=0.2210 final_length=41.3523
[Timing] val_auto episode total elapsed=178.590s goal=toilet sr=1 spl=0.2210 completed_eval_episodes=3/5
[Debug] episode success: final_goal=toilet sr=1 spl=0.2210 final_length=41.3523
[Debug] selectable goal names count=31 sample=['apple', 'butterknife', 'cellphone', 'chair', 'countertop', 'cup', 'diningtable', 'doorway', 'egg', 'floor']
[Debug] requested EFFICIENTNAV_TARGET_OBJECT='toilet' not found in current house; skipping house
[Debug] skipping house because no target object could be selected
[Debug] selectable goal names count=54 sample=['alarmclock', 'apple', 'baseballbat', 'basketball', 'bed', 'book', 'bowl', 'box', 'bread', 'butterknife']
[Debug] requested EFFICIENTNAV_TARGET_OBJECT='toilet' not found in current house; skipping house
[Debug] skipping house because no target object could be selected
Setting `pad_token_id` to `eos_token_id`:151645 for open-end generation.
Setting `pad_token_id` to `eos_token_id`:151645 for open-end generation.
Setting `pad_token_id` to `eos_token_id`:151645 for open-end generation.
Setting `pad_token_id` to `eos_token_id`:151645 for open-end generation.
Setting `pad_token_id` to `eos_token_id`:151645 for open-end generation.
Setting `pad_token_id` to `eos_token_id`:151645 for open-end generation.
Setting `pad_token_id` to `eos_token_id`:151645 for open-end generation.
Setting `pad_token_id` to `eos_token_id`:151645 for open-end generation.
[Debug] selectable goal names count=40 sample=['book', 'boots', 'bottle', 'bowl', 'box', 'bread', 'butterknife', 'cart', 'chair', 'countertop']
[Debug] requested EFFICIENTNAV_TARGET_OBJECT='toilet' not found in current house; skipping house
[Debug] skipping house because no target object could be selected
[Debug] selectable goal names count=11 sample=['dishsponge', 'doorway', 'faucet', 'floor', 'garbagecan', 'plunger', 'sink', 'sinkbasin', 'toilet', 'toiletpaper']
[Debug] using requested target object=toilet
[Debug] reachable_positions=480 candidate_objects_for_toilet=1
[Debug] starting independent environment episode=1/1
[Debug] experiment setup: seed=7 goal_instance_index=random start_index=random start_rotation=270.0 start_point=(2.000, 0.901, 4.000)
[Timing] pathfinder goal-distance elapsed=0.502s found=True
real_distance:3.5355339059327386
[Debug] observation rotation: angle=0 pause=0.25s
[Debug] observation rotation: angle=90 pause=0.25s
[Debug] observation rotation: angle=180 pause=0.25s
[Debug] observation rotation: angle=270 pause=0.25s
[Debug] calling detection service: position_id=big+0+0 angle=0 prompt='toilet . wall .'
[Debug] received detection service result: position_id=big+0+0 angle=0
[Debug] calling detection service: position_id=big+0+0 angle=90 prompt='toilet . doorway . wall .'
[Debug] received detection service result: position_id=big+0+0 angle=90
[Debug] calling detection service: position_id=big+0+0 angle=180 prompt='toilet . sink . faucet .'
[Debug] received detection service result: position_id=big+0+0 angle=180
[Debug] calling detection service: position_id=big+0+0 angle=270 prompt='toilet . sink . wall .'
[Debug] received detection service result: position_id=big+0+0 angle=270
[Debug] box_info_list_sum: [[{'label': 'toilet', 'box': [138, 590, 341, 806]}], [{'label': 'doorway', 'box': [317, 430, 478, 752]}], [{'label': 'faucet', 'box': [891, 575, 955, 648]}, {'label': 'sink', 'box': [804, 641, 1023, 754]}], [{'label': 'wall', 'box': [0, 0, 1023, 917]}, {'label': 'sink', 'box': [0, 654, 94, 757]}]]
[Debug] preserving goal candidate: label=toilet angle=0 obj_id=10 visible_ratio=0.025431 bbox=201x207 box_match=0.6081 detection_bbox=203x216
toilet
doorway
faucet
sink
wall
[Debug] max_similar_objs_list: [[('toilet', 0, 10, 1.0, 'toilet', array([0.51143354, 0.51895666, 6.952258  ], dtype=float32))], [('doorway', 90, 2, 1.0, 'doorway', array([5.432    , 1.050023 , 4.7519894], dtype=float32))], [('faucet', 180, 3, 1.0, 'faucet', array([0.39197996, 1.1663888 , 1.9718978 ], dtype=float32))], [('sink', 180, 8, 1.0, 'sink', array([0.39198   , 0.50974405, 2.1497443 ], dtype=float32))], [('wall', 270, 12, 1.0, 'wall', array([0.       , 1.5526922, 3.6210003], dtype=float32))]]
[Debug] empty_position: []
 {
    "Place": 0,
    "Angle": 0,
    "Objects": [
        "wall",
        "toilet"
    ]
}{
    "Place": 0,
    "Angle": 90,
    "Objects": [
        "wall",
        "doorway"
    ]
}{
    "Place": 0,
    "Angle": 180,
    "Objects": [
        "sink",
        "faucet"
    ]
}
[Debug] allowed planner objects: ['toilet', 'doorway', 'sink', 'faucet']
[Debug] allowed planner objects by place: {0: ['toilet', 'doorway', 'sink', 'faucet']}
[Debug] bypassing planner because goal is already observed: {"Place": 0, "Angle": 0, "Objects": ["toilet"]}
{"Place": 0, "Angle": 0, "Objects": ["toilet"]}
[Debug] planner selected: place=0, angle=0, objects=['toilet']
last_key:[]
[Debug] allowed_targets_by_place[0] candidates: [('toilet', 0, 10, 1.0, 'toilet', array([0.51143354, 0.51895666, 6.952258  ], dtype=float32)), ('doorway', 90, 2, 1.0, 'doorway', array([5.432    , 1.050023 , 4.7519894], dtype=float32)), ('sink', 180, 8, 1.0, 'sink', array([0.39198   , 0.50974405, 2.1497443 ], dtype=float32)), ('faucet', 180, 3, 1.0, 'faucet', array([0.39197996, 1.1663888 , 1.9718978 ], dtype=float32))]
[Debug] resolved target tuple: ('toilet', 0, 10, 1.0, 'toilet', array([0.51143354, 0.51895666, 6.952258  ], dtype=float32)) from representative place 0
[Debug] resolved source place: 0 for representative place 0
0
final_goal:toilet,sub_goal:toilet,place:0,trajectory: toilet in Place 0.
sub_target_id:10
target:toilet
final_goal:toilet
final_length:0
[Timing] pathfinder to-subgoal elapsed=0.521s found=True
[Debug] sub-goal visible on screen: label=toilet ratio=0.018885 bbox=158x210
[Debug] calling detection service: position_id=goal-visible-1-0-4 angle=315 prompt='toilet .'
[Debug] received detection service result: position_id=goal-visible-1-0-4 angle=315
[Debug] final goal visible on screen: label=toilet ratio=0.018885 semantic_bbox=158x210 rgb_bbox=160x213
[Debug] saved final goal bbox: tmp/navigation_images/final_goal_visible_step_4.png
[Debug] final goal detected; approaching GT coordinates before stopping
[Timing] pathfinder final-approach elapsed=0.419s found=True
[Debug] close enough to final goal coordinates: label=toilet distance=1.462
[Timing] episode elapsed=14.529s sr=1 spl=1.0000 final_length=2.3713
[Timing] val_auto episode total elapsed=14.529s goal=toilet sr=1 spl=1.0000 completed_eval_episodes=4/5
[Debug] episode success: final_goal=toilet sr=1 spl=1.0000 final_length=2.3713
[Debug] selectable goal names count=30 sample=['apple', 'book', 'bottle', 'bread', 'chair', 'countertop', 'creditcard', 'cup', 'diningtable', 'dishsponge']
[Debug] requested EFFICIENTNAV_TARGET_OBJECT='toilet' not found in current house; skipping house
[Debug] skipping house because no target object could be selected
[Debug] selectable goal names count=66 sample=['alarmclock', 'apple', 'basketball', 'bed', 'book', 'bowl', 'box', 'bread', 'butterknife', 'cart']
[Debug] using requested target object=toilet
[Debug] reachable_positions=1866 candidate_objects_for_toilet=3
[Debug] starting independent environment episode=1/1
[Debug] experiment setup: seed=7 goal_instance_index=random start_index=random start_rotation=270.0 start_point=(11.500, 0.901, 4.750)
[Timing] pathfinder goal-distance elapsed=2.545s found=True
real_distance:11.717514421272202
[Debug] observation rotation: angle=0 pause=0.25s
[Debug] observation rotation: angle=90 pause=0.25s
[Debug] observation rotation: angle=180 pause=0.25s
[Debug] observation rotation: angle=270 pause=0.25s
[Debug] calling detection service: position_id=big+0+0 angle=0 prompt='toilet . doorway . wall . ceiling .'
[Debug] received detection service result: position_id=big+0+0 angle=0
[Debug] calling detection service: position_id=big+0+0 angle=90 prompt='toilet . dresser . bed . potted plant .'
[Debug] received detection service result: position_id=big+0+0 angle=90
[Debug] calling detection service: position_id=big+0+0 angle=180 prompt='toilet . tree . window .'
[Debug] received detection service result: position_id=big+0+0 angle=180
[Debug] calling detection service: position_id=big+0+0 angle=270 prompt='toilet . doorway . basketball .'
[Debug] received detection service result: position_id=big+0+0 angle=270
[Debug] box_info_list_sum: [[{'label': 'ceiling', 'box': [343, 0, 1022, 106]}], [{'label': 'dresser', 'box': [193, 571, 395, 828]}, {'label': 'potted plant', 'box': [243, 463, 320, 578]}, {'label': 'bed', 'box': [415, 675, 1023, 1023]}], [{'label': 'window', 'box': [244, 175, 833, 938]}], [{'label': 'basketball', 'box': [865, 795, 929, 856]}, {'label': 'toilet', 'box': [541, 598, 676, 722]}, {'label': 'doorway', 'box': [863, 445, 1000, 738]}]]
dresser
plant
bed
window
basketball
[Debug] dropped verified goal candidate: label=toilet angle=270 box=[541, 598, 676, 722] overlaps=drawer#57:0.291, drawer#65:0.284, dresser#71:0.233, floor#82:0.076, wall#209:0.070
dresser
doorway
Setting `pad_token_id` to `eos_token_id`:151645 for open-end generation.
Setting `pad_token_id` to `eos_token_id`:151645 for open-end generation.
Setting `pad_token_id` to `eos_token_id`:151645 for open-end generation.
Setting `pad_token_id` to `eos_token_id`:151645 for open-end generation.
[Debug] max_similar_objs_list: [[('dresser', 90, 69, 1.0, 'dresser', array([14.253271  ,  0.61419606,  5.882782  ], dtype=float32))], [('plant', 90, 97, 0.7787491083145142, 'plant', array([14.261866 ,  1.5220935,  5.982865 ], dtype=float32))], [('bed', 90, 10, 1.0, 'bed', array([13.51161   ,  0.32426813,  4.329874  ], dtype=float32))], [('window', 180, 278, 1.0, 'window', array([11.450363 ,  1.4993188,  3.619    ], dtype=float32))], [('basketball', 270, 6, 1.0, 'basketball', array([9.122098  , 0.11968711, 6.5354424 ], dtype=float32))], [('dresser', 270, 71, 0.6281099319458008, 'dresser', array([7.455586  , 0.41011748, 5.4915514 ], dtype=float32))], [('doorway', 270, 50, 1.0, 'doorway', array([8.814249 , 1.0524565, 7.6607213], dtype=float32))]]
[Debug] empty_position: []
 {
    "Place": 0,
    "Angle": 0,
    "Objects": [
        "wall",
        "doorway",
        "ceiling"
    ]
}{
    "Place": 0,
    "Angle": 90,
    "Objects": [
        "teddy bear",
        "plant",
        "dresser",
        "bed"
    ]
}{
    "Place": 0,
    "Angle": 180,
    "Objects": [
        "window",
        "tree"
    ]
}{
    "Place": 0,
    "Angle": 270,
    "Objects": [
        "basketball",
        "doorway"
    ]
}
[Debug] resolver candidates place=0: exact=6 relaxed_or_synthesized=1
[Debug] allowed planner objects: ['doorway', 'window', 'plant', 'dresser', 'bed', 'basketball']
[Debug] allowed planner objects by place: {0: ['doorway', 'window', 'dresser', 'bed', 'basketball', 'plant']}
The above is a description of different places in different angles in the environment.Your can get to any place described in the json data. Your goal is to find the toilet. Based on the above json data, please choose one specific object to travel to as your target. If your goal is already in the description, please choose it as the target. You must choose an object only from this allowed list: doorway, window, plant, dresser, bed, basketball. Do not output any object name that is not in the allowed list. Valid choosable objects by place are: Place 0: doorway, window, dresser, bed, basketball, plant. The Objects field must contain exactly one object from the chosen place list.Note that you can travel to door or door frame to other spaces if there are no clear evidence to choose the target.  Return exactly one JSON object by referring to the following template.
            {"Place": x, "Angle": x, "Objects": ["xxxx"] }
            If your goal is already in the description, please choose it as the target. You should not output any explanation, markdown, prose, examples, or extra text before or after the JSON. Note that your should choose only one object in one angle of one place in the json data as the target.
{"Place": "bed", "Angle": 0, "Objects": ["bed"]}
[Timing] planning mode=kv elapsed=1.102s
{"Place": 0, "Angle": 0, "Objects": ["bed"]}
[Debug] planner selected: place=0, angle=0, objects=['bed']
last_key:[]
[Debug] allowed_targets_by_place[0] candidates: [('doorway', 270, 50, 1.0, 'doorway', array([8.814249 , 1.0524565, 7.6607213], dtype=float32)), ('window', 180, 278, 1.0, 'window', array([11.450363 ,  1.4993188,  3.619    ], dtype=float32)), ('dresser', 90, 69, 1.0, 'dresser', array([14.253271  ,  0.61419606,  5.882782  ], dtype=float32)), ('bed', 90, 10, 1.0, 'bed', array([13.51161   ,  0.32426813,  4.329874  ], dtype=float32)), ('basketball', 270, 6, 1.0, 'basketball', array([9.122098  , 0.11968711, 6.5354424 ], dtype=float32)), ('plant', 90, 97, 0.7787491083145142, 'plant', array([14.261866 ,  1.5220935,  5.982865 ], dtype=float32)), ('dresser', 270, 71, 0.6281099319458008, 'dresser', array([7.455586  , 0.41011748, 5.4915514 ], dtype=float32))]
[Debug] resolved target tuple: ('bed', 90, 10, 1.0, 'bed', array([13.51161   ,  0.32426813,  4.329874  ], dtype=float32)) from representative place 0
[Debug] resolved source place: 0 for representative place 0
0
final_goal:toilet,sub_goal:bed,place:0,trajectory: bed in Place 0.
sub_target_id:10
target:bed
final_goal:toilet
final_length:0
[Timing] pathfinder to-subgoal elapsed=0.751s found=True
[Debug] sub-goal visible on screen: label=bed ratio=0.010547 bbox=77x274
[Debug] observation rotation: angle=0 pause=0.25s
[Debug] observation rotation: angle=90 pause=0.25s
[Debug] observation rotation: angle=180 pause=0.25s
[Debug] observation rotation: angle=270 pause=0.25s
[Debug] calling detection service: position_id=big+1+1 angle=0 prompt='toilet . plant . tv .'
[Debug] received detection service result: position_id=big+1+1 angle=0
[Debug] calling detection service: position_id=big+1+1 angle=90 prompt='toilet . cabinet . plant .'
[Debug] received detection service result: position_id=big+1+1 angle=90
[Debug] calling detection service: position_id=big+1+1 angle=180 prompt='toilet . bowl . bed . basketball .'
[Debug] received detection service result: position_id=big+1+1 angle=180
[Debug] calling detection service: position_id=big+1+1 angle=270 prompt='toilet . doorway . window .'
[Debug] received detection service result: position_id=big+1+1 angle=270
[Debug] box_info_list_sum: [[{'label': 'plant', 'box': [877, 375, 1023, 766]}, {'label': 'tv', 'box': [409, 481, 773, 663]}], [{'label': 'plant', 'box': [0, 349, 179, 766]}, {'label': 'cabinet', 'box': [0, 698, 415, 1023]}], [{'label': 'basketball', 'box': [380, 787, 468, 890]}], [{'label': 'window', 'box': [0, 279, 208, 796]}, {'label': 'doorway', 'box': [400, 411, 783, 823]}]]
tv
basketball
doorway
[Debug] max_similar_objs_list: [[('tv', 0, 184, 1.0, 'tv', array([13.786259 ,  1.3598171,  7.147625 ], dtype=float32))], [('basketball', 180, 7, 1.0, 'basketball', array([13.740382  ,  0.67966807,  3.8414516 ], dtype=float32))], [('doorway', 270, 48, 1.0, 'doorway', array([10.433346 ,  1.0376706,  5.645851 ], dtype=float32))]]
[Debug] empty_position: [1]
 {
    "Place": 0,
    "Angle": 0,
    "Objects": [
        "wall",
        "doorway",
        "ceiling"
    ]
}{
    "Place": 0,
    "Angle": 180,
    "Objects": [
        "window",
        "tree"
    ]
}{
    "Place": 0,
    "Angle": 270,
    "Objects": [
        "basketball",
        "doorway"
    ]
} {
    "Place": 1,
    "Angle": 0,
    "Objects": [
        "tv"
    ]
}{
    "Place": 1,
    "Angle": 90,
    "Objects": [
        "cabinet"
    ]
}{
    "Place": 1,
    "Angle": 180,
    "Objects": [
        "basketball",
        "bowl",
        "bear",
        "bed"
    ]
}{
    "Place": 1,
    "Angle": 270,
    "Objects": [
        "doorway"
    ]
}
[Debug] resolver candidates place=0: exact=3 relaxed_or_synthesized=3
[Debug] allowed planner objects: ['doorway']
[Debug] allowed planner objects by place: {0: ['doorway']}
[Debug] bypassing planner because only one target is allowed: {"Place": 0, "Angle": 270, "Objects": ["doorway"]}
{"Place": 0, "Angle": 270, "Objects": ["doorway"]}
[Debug] planner selected: place=0, angle=270, objects=['doorway']
last_key:['Place 0']
[Debug] allowed_targets_by_place[0] candidates: [('doorway', 270, 50, 1.0, 'doorway', array([8.814249 , 1.0524565, 7.6607213], dtype=float32)), ('doorway', 270, 48, 1.0, 'doorway', array([10.433346 ,  1.0376706,  5.645851 ], dtype=float32)), ('window', 180, 278, 1.0, 'window', array([11.450363 ,  1.4993188,  3.619    ], dtype=float32)), ('basketball', 180, 7, 1.0, 'basketball', array([13.740382  ,  0.67966807,  3.8414516 ], dtype=float32)), ('basketball', 270, 6, 1.0, 'basketball', array([9.122098  , 0.11968711, 6.5354424 ], dtype=float32)), ('tv', 0, 184, 1.0, 'tv', array([13.786259 ,  1.3598171,  7.147625 ], dtype=float32)), ('dresser', 90, 69, 1.0, 'dresser', array([14.253271  ,  0.61419606,  5.882782  ], dtype=float32)), ('plant', 90, 97, 0.7787491083145142, 'plant', array([14.261866 ,  1.5220935,  5.982865 ], dtype=float32)), ('dresser', 270, 71, 0.6281099319458008, 'dresser', array([7.455586  , 0.41011748, 5.4915514 ], dtype=float32))]
[Debug] resolved target tuple: ('doorway', 270, 50, 1.0, 'doorway', array([8.814249 , 1.0524565, 7.6607213], dtype=float32)) from representative place 0
[Debug] resolved source place: 0 for representative place 0
0
final_goal:toilet,sub_goal:doorway,place:0,trajectory: bed in Place 0.doorway in Place 0.
sub_target_id:50
Setting `pad_token_id` to `eos_token_id`:151645 for open-end generation.
Setting `pad_token_id` to `eos_token_id`:151645 for open-end generation.
Setting `pad_token_id` to `eos_token_id`:151645 for open-end generation.
Setting `pad_token_id` to `eos_token_id`:151645 for open-end generation.
Setting `pad_token_id` to `eos_token_id`:151645 for open-end generation.
Setting `pad_token_id` to `eos_token_id`:151645 for open-end generation.
Setting `pad_token_id` to `eos_token_id`:151645 for open-end generation.
Setting `pad_token_id` to `eos_token_id`:151645 for open-end generation.
target:doorway
final_goal:toilet
final_length:2.8284270763397217
[Timing] pathfinder to-subgoal elapsed=1.329s found=True
[Debug] sub-goal visible on screen: label=doorway ratio=0.024856 bbox=149x292
Agent is within 1m of the target. Stopping.
[Debug] observation rotation: angle=0 pause=0.25s
[Debug] observation rotation: angle=90 pause=0.25s
[Debug] observation rotation: angle=180 pause=0.25s
[Debug] observation rotation: angle=270 pause=0.25s
[Debug] calling detection service: position_id=big+2+2 angle=0 prompt='toilet . rock . fire .'
[Debug] received detection service result: position_id=big+2+2 angle=0
[Debug] calling detection service: position_id=big+2+2 angle=90 prompt='toilet . doorway . mirror .'
[Debug] received detection service result: position_id=big+2+2 angle=90
[Debug] calling detection service: position_id=big+2+2 angle=180 prompt='toilet . box . dresser . bed .'
[Debug] received detection service result: position_id=big+2+2 angle=180
[Debug] calling detection service: position_id=big+2+2 angle=270 prompt='toilet . doorway . wall .'
[Debug] received detection service result: position_id=big+2+2 angle=270
[Debug] box_info_list_sum: [[{'label': 'rock', 'box': [797, 437, 1023, 626]}], [], [{'label': 'bed', 'box': [610, 590, 746, 717]}, {'label': 'dresser', 'box': [787, 665, 1023, 1023]}, {'label': 'box', 'box': [690, 684, 764, 742]}], [{'label': 'doorway', 'box': [383, 294, 825, 1021]}]]
painting
bed
box
[Debug] max_similar_objs_list: [[('painting', 0, 122, 0.6272103190422058, 'painting', array([10.24517  ,  1.5127478,  9.025129 ], dtype=float32))], [('bed', 180, 9, 1.0, 'bed', array([6.664797  , 0.44970202, 2.9055238 ], dtype=float32))], [('box', 180, 20, 1.0, 'box', array([7.490234  , 0.13906023, 3.8793082 ], dtype=float32))]]
[Debug] empty_position: []
 {
    "Place": 0,
    "Angle": 0,
    "Objects": [
        "wall",
        "doorway",
        "ceiling"
    ]
}{
    "Place": 0,
    "Angle": 180,
    "Objects": [
        "window",
        "tree"
    ]
} {
    "Place": 1,
    "Angle": 0,
    "Objects": [
        "tv"
    ]
}{
    "Place": 1,
    "Angle": 90,
    "Objects": [
        "cabinet"
    ]
}{
    "Place": 1,
    "Angle": 180,
    "Objects": [
        "basketball",
        "bowl",
        "bear",
        "bed"
    ]
}{
    "Place": 1,
    "Angle": 270,
    "Objects": [
        "doorway"
    ]
} {
    "Place": 2,
    "Angle": 0,
    "Objects": [
        "painting",
        "fire"
    ]
}{
    "Place": 2,
    "Angle": 90,
    "Objects": [
        "mirror",
        "doorway"
    ]
}{
    "Place": 2,
    "Angle": 180,
    "Objects": [
        "window",
        "box",
        "bed"
    ]
}
[Debug] resolver candidates place=0: exact=1 relaxed_or_synthesized=4
[Debug] allowed planner objects: ['box', 'bed', 'painting']
[Debug] allowed planner objects by place: {0: [], 2: ['box', 'bed', 'painting']}
The above is a description of different places in different angles in the environment.Your can get to any place described in the json data. Your goal is to find the toilet. Based on the above json data, please choose one specific object to travel to as your target. If your goal is already in the description, please choose it as the target. You must choose an object only from this allowed list: box, bed, painting. Do not output any object name that is not in the allowed list. Valid choosable objects by place are: Place 2: box, bed, painting. The Objects field must contain exactly one object from the chosen place list.Note that you can travel to door or door frame to other spaces if there are no clear evidence to choose the target.  Return exactly one JSON object by referring to the following template.
            {"Place": x, "Angle": x, "Objects": ["xxxx"] }
            If your goal is already in the description, please choose it as the target. You should not output any explanation, markdown, prose, examples, or extra text before or after the JSON. Note that your should choose only one object in one angle of one place in the json data as the target.
{"Place": 2, "Angle": 180, "Objects": ["box"]}
[Timing] planning mode=kv elapsed=1.092s
{"Place": 2, "Angle": 180, "Objects": ["box"]}
[Debug] planner selected: place=2, angle=180, objects=['box']
last_key:['Place 0', 'Place 0']
[Debug] allowed_targets_by_place[2] candidates: [('box', 180, 20, 1.0, 'box', array([7.490234  , 0.13906023, 3.8793082 ], dtype=float32)), ('bed', 180, 9, 1.0, 'bed', array([6.664797  , 0.44970202, 2.9055238 ], dtype=float32)), ('painting', 0, 122, 0.6272103190422058, 'painting', array([10.24517  ,  1.5127478,  9.025129 ], dtype=float32))]
[Debug] resolved target tuple: ('box', 180, 20, 1.0, 'box', array([7.490234  , 0.13906023, 3.8793082 ], dtype=float32)) from representative place 2
[Debug] resolved source place: 2 for representative place 2
2
final_goal:toilet,sub_goal:box,place:2,trajectory: bed in Place 0.doorway in Place 0.box in Place 2.
sub_target_id:20
target:box
final_goal:toilet
final_length:6.760407447814941
[Timing] pathfinder to-subgoal elapsed=1.339s found=True
[Debug] sub-goal visible on screen: label=box ratio=0.003070 bbox=83x60
[Debug] observation rotation: angle=0 pause=0.25s
[Debug] observation rotation: angle=90 pause=0.25s
[Debug] observation rotation: angle=180 pause=0.25s
[Debug] observation rotation: angle=270 pause=0.25s
[Debug] calling detection service: position_id=big+3+3 angle=0 prompt='toilet . doorway . marble wall . wall .'
[Debug] received detection service result: position_id=big+3+3 angle=0
[Debug] calling detection service: position_id=big+3+3 angle=90 prompt='toilet . doorway . window . potted plant .'
[Debug] received detection service result: position_id=big+3+3 angle=90
[Debug] calling detection service: position_id=big+3+3 angle=180 prompt='toilet . bed . window .'
[Debug] received detection service result: position_id=big+3+3 angle=180
[Debug] calling detection service: position_id=big+3+3 angle=270 prompt='toilet . haze . marble texture .'
[Debug] received detection service result: position_id=big+3+3 angle=270
[Debug] box_info_list_sum: [[{'label': 'doorway', 'box': [521, 417, 871, 786]}], [{'label': 'potted plant', 'box': [360, 491, 619, 801]}, {'label': 'window', 'box': [615, 373, 759, 711]}], [{'label': 'window', 'box': [498, 399, 906, 659]}, {'label': 'bed', 'box': [414, 725, 928, 1022]}], [{'label': 'marble texture', 'box': [0, 0, 1024, 1024]}]]
window
window
wall
[Debug] max_similar_objs_list: [[('window', 90, 273, 1.0, 'window', array([9.696945, 1.5     , 3.619   ], dtype=float32))], [('window', 180, 277, 1.0, 'window', array([6.9242926, 1.4999999, 1.8089999], dtype=float32))], [('wall', 270, 209, 0.533050537109375, 'wall', array([3.6184993, 1.775805 , 3.6184998], dtype=float32))]]
[Debug] empty_position: []
 {
    "Place": 0,
    "Angle": 0,
    "Objects": [
        "wall",
        "doorway",
        "ceiling"
    ]
}{
    "Place": 0,
    "Angle": 180,
    "Objects": [
        "window",
        "tree"
    ]
} {
    "Place": 1,
    "Angle": 0,
    "Objects": [
        "tv"
    ]
}{
    "Place": 1,
    "Angle": 90,
    "Objects": [
        "cabinet"
    ]
}{
    "Place": 1,
    "Angle": 180,
    "Objects": [
        "basketball",
        "bowl",
        "bear",
        "bed"
    ]
}{
    "Place": 1,
    "Angle": 270,
    "Objects": [
        "doorway"
    ]
} {
    "Place": 2,
    "Angle": 0,
    "Objects": [
        "painting",
        "fire"
    ]
}{
    "Place": 2,
    "Angle": 90,
    "Objects": [
        "mirror",
        "doorway"
    ]
} {
    "Place": 3,
    "Angle": 0,
    "Objects": [
        "wall",
        "marble wall"
    ]
}{
    "Place": 3,
    "Angle": 90,
    "Objects": [
        "window",
        "doorway"
    ]
}{
    "Place": 3,
    "Angle": 180,
    "Objects": [
        "window"
    ]
}{
    "Place": 3,
    "Angle": 270,
    "Objects": [
        "haze",
        "wall"
    ]
}
[Debug] resolver candidates place=0: exact=1 relaxed_or_synthesized=4
[Debug] resolver candidates place=2: exact=1 relaxed_or_synthesized=1
[Debug] allowed planner objects: ['doorway']
[Debug] allowed planner objects by place: {0: ['doorway'], 2: []}
/home/min/test/EfficientNav/efficientnav.py:2118: RuntimeWarning: More than 20 figures have been opened. Figures created through the pyplot interface (`matplotlib.pyplot.figure`) are retained until explicitly closed and may consume too much memory. (To control this warning, see the rcParam `figure.max_open_warning`). Consider using `matplotlib.pyplot.close()`.
  fig, axes = plt.subplots(ceil(360 / 90 / images_per_row), images_per_row, figsize=(15, 15))
Setting `pad_token_id` to `eos_token_id`:151645 for open-end generation.
Setting `pad_token_id` to `eos_token_id`:151645 for open-end generation.
Setting `pad_token_id` to `eos_token_id`:151645 for open-end generation.
Setting `pad_token_id` to `eos_token_id`:151645 for open-end generation.
/home/min/test/EfficientNav/efficientnav.py:2636: RuntimeWarning: invalid value encountered in divide
  direction_to_next /= np.linalg.norm(direction_to_next)
[Debug] bypassing planner because only one target is allowed: {"Place": 0, "Angle": 270, "Objects": ["doorway"]}
{"Place": 0, "Angle": 270, "Objects": ["doorway"]}
[Debug] planner selected: place=0, angle=270, objects=['doorway']
last_key:['Place 0', 'Place 0', 'Place 2']
[Debug] allowed_targets_by_place[0] candidates: [('doorway', 270, 48, 1.0, 'doorway', array([10.433346 ,  1.0376706,  5.645851 ], dtype=float32)), ('window', 180, 278, 1.0, 'window', array([11.450363 ,  1.4993188,  3.619    ], dtype=float32)), ('basketball', 180, 7, 1.0, 'basketball', array([13.740382  ,  0.67966807,  3.8414516 ], dtype=float32)), ('tv', 0, 184, 1.0, 'tv', array([13.786259 ,  1.3598171,  7.147625 ], dtype=float32)), ('dresser', 90, 69, 1.0, 'dresser', array([14.253271  ,  0.61419606,  5.882782  ], dtype=float32)), ('basketball', 270, 6, 1.0, 'basketball', array([9.122098  , 0.11968711, 6.5354424 ], dtype=float32)), ('plant', 90, 97, 0.7787491083145142, 'plant', array([14.261866 ,  1.5220935,  5.982865 ], dtype=float32)), ('dresser', 270, 71, 0.6281099319458008, 'dresser', array([7.455586  , 0.41011748, 5.4915514 ], dtype=float32))]
[Debug] resolved target tuple: ('doorway', 270, 48, 1.0, 'doorway', array([10.433346 ,  1.0376706,  5.645851 ], dtype=float32)) from representative place 0
[Debug] resolved source place: 1 for representative place 0
0
final_goal:toilet,sub_goal:doorway,place:0,trajectory: bed in Place 0.doorway in Place 0.box in Place 2.
sub_target_id:48
target:doorway
final_goal:toilet
final_length:10.528173446655273
[Timing] pathfinder to-subgoal elapsed=0.786s found=True
[Debug] sub-goal visible on screen: label=doorway ratio=0.036320 bbox=337x471
Agent is within 1m of the target. Stopping.
[Debug] observation rotation: angle=0 pause=0.25s
[Debug] observation rotation: angle=90 pause=0.25s
[Debug] observation rotation: angle=180 pause=0.25s
[Debug] observation rotation: angle=270 pause=0.25s
[Debug] calling detection service: position_id=big+4+4 angle=0 prompt='toilet . doorway . wall .'
[Debug] received detection service result: position_id=big+4+4 angle=0
[Debug] calling detection service: position_id=big+4+4 angle=90 prompt='toilet . plant . dresser . bed .'
[Debug] received detection service result: position_id=big+4+4 angle=90
[Debug] calling detection service: position_id=big+4+4 angle=180 prompt='toilet . doorway . window .'
[Debug] received detection service result: position_id=big+4+4 angle=180
[Debug] calling detection service: position_id=big+4+4 angle=270 prompt='toilet . doorway . bed . nightstand .'
[Debug] received detection service result: position_id=big+4+4 angle=270
[Debug] box_info_list_sum: [[], [{'label': 'bed', 'box': [621, 634, 1023, 915]}, {'label': 'plant', 'box': [465, 476, 514, 560]}, {'label': 'dresser', 'box': [435, 556, 570, 744]}, {'label': 'toilet', 'box': [172, 659, 187, 700]}], [{'label': 'window', 'box': [157, 341, 1022, 718]}, {'label': 'doorway', 'box': [349, 288, 823, 1021]}], [{'label': 'bed', 'box': [0, 600, 178, 810]}, {'label': 'nightstand', 'box': [366, 625, 541, 788]}, {'label': 'doorway', 'box': [779, 423, 964, 815]}]]
wall
[Debug] preserving goal candidate: label=toilet angle=90 obj_id=190 visible_ratio=0.000444 bbox=15x83 box_match=0.7350 detection_bbox=15x41
toilet
[Debug] max_similar_objs_list: [[('wall', 90, 235, 0.5858284831047058, 'wall', array([7.2369976, 1.775805 , 3.6185   ], dtype=float32))], [('toilet', 90, 190, 1.0, 'toilet', array([14.179147 ,  0.4727595,  7.693205 ], dtype=float32))]]
[Debug] empty_position: [2, 3]
 {
    "Place": 0,
    "Angle": 0,
    "Objects": [
        "wall",
        "doorway",
        "ceiling"
    ]
}{
    "Place": 0,
    "Angle": 180,
    "Objects": [
        "window",
        "tree"
    ]
} {
    "Place": 1,
    "Angle": 0,
    "Objects": [
        "tv"
    ]
}{
    "Place": 1,
    "Angle": 90,
    "Objects": [
        "cabinet"
    ]
}{
    "Place": 1,
    "Angle": 180,
    "Objects": [
        "basketball",
        "bowl",
        "bear",
        "bed"
    ]
} {
    "Place": 4,
    "Angle": 0,
    "Objects": [
        "wall",
        "doorway"
    ]
}{
    "Place": 4,
    "Angle": 90,
    "Objects": [
        "wall",
        "tv"
    ]
}{
    "Place": 4,
    "Angle": 180,
    "Objects": [
        "doorway"
    ]
}{
    "Place": 4,
    "Angle": 270,
    "Objects": [
        "doorway"
    ]
} {
    "Place": 2,
    "Angle": 0,
    "Objects": [
        "painting",
        "fire"
    ]
}{
    "Place": 2,
    "Angle": 90,
    "Objects": [
        "mirror",
        "doorway"
    ]
} {
    "Place": 3,
    "Angle": 0,
    "Objects": [
        "wall",
        "marble wall"
    ]
}{
    "Place": 3,
    "Angle": 90,
    "Objects": [
        "window",
        "doorway"
    ]
}{
    "Place": 3,
    "Angle": 180,
    "Objects": [
        "window"
    ]
}{
    "Place": 3,
    "Angle": 270,
    "Objects": [
        "haze",
        "wall"
    ]
}
[Debug] resolver candidates place=0: exact=1 relaxed_or_synthesized=4
[Debug] resolver candidates place=2: exact=1 relaxed_or_synthesized=1
[Debug] resolver candidates place=4: exact=0 relaxed_or_synthesized=1
[Debug] allowed planner objects: []
[Debug] allowed planner objects by place: {0: [], 2: []}
[Debug] bypassing planner because goal is already observed: {"Place": 0, "Angle": 90, "Objects": ["toilet"]}
{"Place": 0, "Angle": 90, "Objects": ["toilet"]}
[Debug] planner selected: place=0, angle=90, objects=['toilet']
last_key:['Place 0', 'Place 0', 'Place 2', 'Place 1']
[Debug] allowed_targets_by_place[0] candidates: [('toilet', 90, 190, 1.0, 'toilet', array([14.179147 ,  0.4727595,  7.693205 ], dtype=float32)), ('window', 180, 278, 1.0, 'window', array([11.450363 ,  1.4993188,  3.619    ], dtype=float32)), ('basketball', 180, 7, 1.0, 'basketball', array([13.740382  ,  0.67966807,  3.8414516 ], dtype=float32)), ('tv', 0, 184, 1.0, 'tv', array([13.786259 ,  1.3598171,  7.147625 ], dtype=float32)), ('dresser', 90, 69, 1.0, 'dresser', array([14.253271  ,  0.61419606,  5.882782  ], dtype=float32)), ('basketball', 270, 6, 1.0, 'basketball', array([9.122098  , 0.11968711, 6.5354424 ], dtype=float32)), ('plant', 90, 97, 0.7787491083145142, 'plant', array([14.261866 ,  1.5220935,  5.982865 ], dtype=float32)), ('dresser', 270, 71, 0.6281099319458008, 'dresser', array([7.455586  , 0.41011748, 5.4915514 ], dtype=float32))]
[Debug] resolved target tuple: ('toilet', 90, 190, 1.0, 'toilet', array([14.179147 ,  0.4727595,  7.693205 ], dtype=float32)) from representative place 0
[Debug] resolved source place: 4 for representative place 0
0
final_goal:toilet,sub_goal:toilet,place:0,trajectory: bed in Place 0.doorway in Place 0.box in Place 2.toilet in Place 0.
sub_target_id:190
target:toilet
final_goal:toilet
final_length:13.838833808898926
[Timing] pathfinder to-subgoal elapsed=1.931s found=True
[Debug] sub-goal visible on screen: label=toilet ratio=0.006733 bbox=57x180
[Debug] calling detection service: position_id=goal-visible-5-4-12 angle=45 prompt='toilet .'
[Debug] received detection service result: position_id=goal-visible-5-4-12 angle=45
[Debug] final goal visible on screen: label=toilet ratio=0.011168 semantic_bbox=79x199 rgb_bbox=81x201
[Debug] saved final goal bbox: tmp/navigation_images/final_goal_visible_step_12.png
[Debug] final goal detected; approaching GT coordinates before stopping
[Timing] pathfinder final-approach elapsed=0.622s found=True
[Debug] close enough to final goal coordinates: label=toilet distance=1.269
[Timing] episode elapsed=103.920s sr=1 spl=0.7012 final_length=16.7102
[Timing] val_auto episode total elapsed=103.920s goal=toilet sr=1 spl=0.7012 completed_eval_episodes=5/5
[Debug] episode success: final_goal=toilet sr=1 spl=0.7012 final_length=16.7102
