[EfficientNav] running file: /home/min/test/EfficientNav/efficientnav.py
[EfficientNav] units module: /home/min/test/EfficientNav/units.py
[EfficientNav] planner model: /home/min/test/models/InternVL3-1B
[EfficientNav] H2O cache: enabled=False budget=2048 recent=256 heavy=256 protected_prefix=0
FlashAttention2 is not installed.
[AI2-THOR WARNING] There has been an update to ProcTHOR-10K that must be used with AI2-THOR version 5.0+. To use the new version of ProcTHOR-10K, please update AI2-THOR to version 5.0+ by running:
    pip install --upgrade ai2thor
Alternatively, to downgrade to the old version of ProcTHOR-10K, run:
   prior.load_dataset("procthor-10k", revision="ab3cacd0fc17754d4c080a3fd50b18395fae8647")
Loading train:   0%|          | 0/10000 [00:00<?, ?it/s]Loading train:   8%|▊         | 779/10000 [00:00<00:01, 7770.30it/s]Loading train:  16%|█▌        | 1601/10000 [00:00<00:01, 8032.18it/s]Loading train:  25%|██▍       | 2470/10000 [00:00<00:00, 8328.45it/s]Loading train:  33%|███▎      | 3318/10000 [00:00<00:00, 8387.43it/s]Loading train:  42%|████▏     | 4157/10000 [00:00<00:00, 8174.41it/s]Loading train:  50%|████▉     | 4976/10000 [00:00<00:00, 8050.27it/s]Loading train:  58%|█████▊    | 5782/10000 [00:00<00:00, 7828.47it/s]Loading train:  66%|██████▌   | 6567/10000 [00:00<00:00, 7821.96it/s]Loading train:  74%|███████▎  | 7351/10000 [00:00<00:00, 7759.82it/s]Loading train:  81%|████████▏ | 8138/10000 [00:01<00:00, 7790.69it/s]Loading train:  90%|████████▉ | 8954/10000 [00:01<00:00, 7901.20it/s]Loading train:  98%|█████████▊| 9773/10000 [00:01<00:00, 7986.86it/s]Loading train: 100%|██████████| 10000/10000 [00:01<00:00, 7977.70it/s]
Loading val:   0%|          | 0/1000 [00:00<?, ?it/s]Loading val:  86%|████████▌ | 857/1000 [00:00<00:00, 8553.10it/s]Loading val: 100%|██████████| 1000/1000 [00:00<00:00, 8459.11it/s]
Loading test:   0%|          | 0/1000 [00:00<?, ?it/s]Loading test:  84%|████████▎ | 836/1000 [00:00<00:00, 8353.28it/s]Loading test: 100%|██████████| 1000/1000 [00:00<00:00, 8376.09it/s]
Setting `pad_token_id` to `eos_token_id`:151645 for open-end generation.
Setting `pad_token_id` to `eos_token_id`:151645 for open-end generation.
Setting `pad_token_id` to `eos_token_id`:151645 for open-end generation.
Setting `pad_token_id` to `eos_token_id`:151645 for open-end generation.
Setting `pad_token_id` to `eos_token_id`:151645 for open-end generation.
[Debug] selectable goal names count=35 sample=['apple', 'bowl', 'cellphone', 'chair', 'countertop', 'creditcard', 'cup', 'diningtable', 'doorway', 'egg']
[Debug] requested EFFICIENTNAV_TARGET_OBJECT='desk' not found in current house; skipping house
[Debug] skipping house because no target object could be selected
[Debug] selectable goal names count=64 sample=['apple', 'baseballbat', 'basketball', 'bed', 'book', 'bowl', 'box', 'bread', 'butterknife', 'candle']
[Debug] requested EFFICIENTNAV_TARGET_OBJECT='desk' not found in current house; skipping house
[Debug] skipping house because no target object could be selected
[Debug] selectable goal names count=41 sample=['apple', 'basketball', 'bed', 'book', 'bowl', 'box', 'butterknife', 'candle', 'cd', 'chair']
[Debug] requested EFFICIENTNAV_TARGET_OBJECT='desk' not found in current house; skipping house
[Debug] skipping house because no target object could be selected
[Debug] selectable goal names count=29 sample=['alarmclock', 'baseballbat', 'bed', 'book', 'bowl', 'box', 'cellphone', 'chair', 'desk', 'dogbed']
[Debug] using requested target object=desk
[Debug] reachable_positions=82 candidate_objects_for_desk=1
[Debug] starting independent environment episode=1/1
[Debug] experiment setup: seed=7 goal_instance_index=random start_index=random start_rotation=270.0 start_point=(4.500, 0.901, 3.750)
[Timing] pathfinder goal-distance elapsed=0.017s found=True
real_distance:2.164213562373095
[Debug] observation rotation: angle=0 pause=0.25s
[Debug] observation rotation: angle=90 pause=0.25s
[Debug] observation rotation: angle=180 pause=0.25s
[Debug] observation rotation: angle=270 pause=0.25s
[Debug] calling detection service: position_id=big+0+0 angle=0 prompt='desk . doorway . cylindrical trash can .'
[Debug] received detection service result: position_id=big+0+0 angle=0
[Debug] calling detection service: position_id=big+0+0 angle=90 prompt='desk . doorway . wall .'
[Debug] received detection service result: position_id=big+0+0 angle=90
[Debug] calling detection service: position_id=big+0+0 angle=180 prompt='desk . bed . nightstand . plastic tray .'
[Debug] received detection service result: position_id=big+0+0 angle=180
[Debug] calling detection service: position_id=big+0+0 angle=270 prompt='desk . doorway . mirror .'
[Debug] received detection service result: position_id=big+0+0 angle=270
[Debug] box_info_list_sum: [[{'label': 'doorway', 'box': [851, 158, 1022, 1021]}], [{'label': 'doorway', 'box': [0, 156, 458, 1021]}], [{'label': 'bed', 'box': [239, 624, 898, 1022]}], []]
doorway
bed
[Debug] max_similar_objs_list: [[('doorway', 0, 12, 1.0, 'doorway', array([5.323    , 1.0517943, 4.357685 ], dtype=float32))], [('bed', 180, 4, 1.0, 'bed', array([4.4675746 , 0.41503024, 1.1446434 ], dtype=float32))]]
[Debug] empty_position: []
Place 0 : {
    "Angle": 0,
    "Objects": [
        "doorway",
        "cylindrical trash can"
    ]
}{
    "Angle": 180,
    "Objects": [
        "bed",
        "teddy bear",
        "plastic tray",
        "nightstand"
    ]
}{
    "Angle": 270,
    "Objects": [
        "doorway",
        "mirror"
    ]
}
[Debug] allowed planner objects: ['doorway', 'bed']
[Debug] allowed planner objects by place: {0: ['doorway', 'bed']}
The above is a description of different places in different angles in the environment.Your can get to any place described in the json data. Your goal is to find the desk. Based on the above json data, please choose one specific object to travel to as your target. If your goal is already in the description, please choose it as the target. You must choose an object only from this allowed list: doorway, bed. Do not output any object name that is not in the allowed list. Valid choosable objects by place are: Place 0: doorway, bed. The Objects field must contain exactly one object from the chosen place list.Note that you can travel to door or door frame to other spaces if there are no clear evidence to choose the target.  Return exactly one JSON object by referring to the following template.
            {"Place": x, "Angle": x, "Objects": ["xxxx"] }
            If your goal is already in the description, please choose it as the target. You should not output any explanation, markdown, prose, examples, or extra text before or after the JSON. Note that your should choose only one object in one angle of one place in the json data as the target.
{"Place": "bed", "Angle": 270, "Objects": ["bed"]}
[Timing] planning mode=no-kv elapsed=1.465s
{"Place": 0, "Angle": 270, "Objects": ["bed"]}
[Debug] planner selected: place=0, angle=270, objects=['bed']
last_key:[]
[Debug] allowed_targets_by_place[0] candidates: [('doorway', 0, 12, 1.0, 'doorway', array([5.323    , 1.0517943, 4.357685 ], dtype=float32)), ('bed', 180, 4, 1.0, 'bed', array([4.4675746 , 0.41503024, 1.1446434 ], dtype=float32))]
[Debug] resolved target tuple: ('bed', 180, 4, 1.0, 'bed', array([4.4675746 , 0.41503024, 1.1446434 ], dtype=float32)) from representative place 0
[Debug] resolved source place: 0 for representative place 0
0
final_goal:desk,sub_goal:bed,place:0,trajectory: bed in Place 0.
sub_target_id:4
target:bed
final_goal:desk
final_length:0
[Timing] pathfinder to-subgoal elapsed=0.024s found=True
[Debug] sub-goal visible on screen: label=bed ratio=0.101665 bbox=437x383
[Debug] calling detection service: position_id=goal-visible-1-0-1 angle=224 prompt='desk .'
[Debug] received detection service result: position_id=goal-visible-1-0-1 angle=224
[Debug] final goal visible on screen: label=desk ratio=0.028221 semantic_bbox=237x243 rgb_bbox=436x351
[Debug] saved final goal bbox: tmp/navigation_images/final_goal_visible_step_1.png
[Debug] final goal detected; approaching GT coordinates before stopping
[Timing] pathfinder final-approach elapsed=0.017s found=True
[Debug] close enough to final goal coordinates: label=desk distance=1.413
[Timing] episode elapsed=17.130s sr=1 spl=1.0000 final_length=0.5000
[Timing] val_auto episode total elapsed=17.130s goal=desk sr=1 spl=1.0000 completed_eval_episodes=1/10
[Debug] episode success: final_goal=desk sr=1 spl=1.0000 final_length=0.5000
[Debug] selectable goal names count=25 sample=['apple', 'bed', 'bottle', 'bowl', 'bread', 'cellphone', 'countertop', 'doorway', 'floor', 'microwave']
[Debug] requested EFFICIENTNAV_TARGET_OBJECT='desk' not found in current house; skipping house
[Debug] skipping house because no target object could be selected
[Debug] selectable goal names count=36 sample=['apple', 'bottle', 'bowl', 'butterknife', 'candle', 'cart', 'countertop', 'creditcard', 'desklamp', 'diningtable']
[Debug] requested EFFICIENTNAV_TARGET_OBJECT='desk' not found in current house; skipping house
[Debug] skipping house because no target object could be selected
[Debug] selectable goal names count=35 sample=['basketball', 'bed', 'bowl', 'cellphone', 'chair', 'creditcard', 'diningtable', 'dishsponge', 'doorway', 'drawer']
[Debug] requested EFFICIENTNAV_TARGET_OBJECT='desk' not found in current house; skipping house
[Debug] skipping house because no target object could be selected
[Debug] selectable goal names count=28 sample=['cart', 'cellphone', 'chair', 'coffeemachine', 'countertop', 'creditcard', 'desklamp', 'diningtable', 'dogbed', 'doorway']
[Debug] requested EFFICIENTNAV_TARGET_OBJECT='desk' not found in current house; skipping house
[Debug] skipping house because no target object could be selected
[Debug] selectable goal names count=16 sample=['book', 'candle', 'cellphone', 'diningtable', 'doorway', 'floor', 'floorlamp', 'painting', 'pillow', 'plant']
[Debug] requested EFFICIENTNAV_TARGET_OBJECT='desk' not found in current house; skipping house
[Debug] skipping house because no target object could be selected
[Debug] selectable goal names count=21 sample=['baseballbat', 'basketball', 'bed', 'book', 'box', 'cellphone', 'chair', 'desklamp', 'diningtable', 'doorway']
[Debug] requested EFFICIENTNAV_TARGET_OBJECT='desk' not found in current house; skipping house
[Debug] skipping house because no target object could be selected
Setting `pad_token_id` to `eos_token_id`:151645 for open-end generation.
Setting `pad_token_id` to `eos_token_id`:151645 for open-end generation.
Setting `pad_token_id` to `eos_token_id`:151645 for open-end generation.
Setting `pad_token_id` to `eos_token_id`:151645 for open-end generation.
Setting `pad_token_id` to `eos_token_id`:151645 for open-end generation.
Setting `pad_token_id` to `eos_token_id`:151645 for open-end generation.
Setting `pad_token_id` to `eos_token_id`:151645 for open-end generation.
Setting `pad_token_id` to `eos_token_id`:151645 for open-end generation.
Setting `pad_token_id` to `eos_token_id`:151645 for open-end generation.
[Debug] selectable goal names count=40 sample=['apple', 'baseballbat', 'bed', 'book', 'box', 'cd', 'chair', 'countertop', 'creditcard', 'desk']
[Debug] using requested target object=desk
[Debug] reachable_positions=473 candidate_objects_for_desk=1
[Debug] starting independent environment episode=1/1
[Debug] experiment setup: seed=7 goal_instance_index=random start_index=random start_rotation=270.0 start_point=(4.500, 0.901, 2.250)
[Timing] pathfinder goal-distance elapsed=0.715s found=True
real_distance:8.199747468305834
[Debug] observation rotation: angle=0 pause=0.25s
[Debug] observation rotation: angle=90 pause=0.25s
[Debug] observation rotation: angle=180 pause=0.25s
[Debug] observation rotation: angle=270 pause=0.25s
[Debug] calling detection service: position_id=big+0+0 angle=0 prompt='desk . doorway . shelf . chair .'
[Debug] received detection service result: position_id=big+0+0 angle=0
[Debug] calling detection service: position_id=big+0+0 angle=90 prompt='desk . window . building .'
[Debug] received detection service result: position_id=big+0+0 angle=90
[Debug] calling detection service: position_id=big+0+0 angle=180 prompt='desk . wooden surface .'
[Debug] received detection service result: position_id=big+0+0 angle=180
[Debug] calling detection service: position_id=big+0+0 angle=270 prompt='desk . window . picture frame .'
[Debug] received detection service result: position_id=big+0+0 angle=270
[Debug] box_info_list_sum: [[{'label': 'chair', 'box': [451, 567, 498, 636]}, {'label': 'shelf', 'box': [778, 521, 885, 728]}, {'label': 'desk', 'box': [588, 558, 743, 638]}], [{'label': 'window', 'box': [0, 228, 590, 852]}], [{'label': 'wooden surface', 'box': [0, 0, 1024, 1024]}], [{'label': 'picture frame', 'box': [449, 404, 883, 646]}, {'label': 'window', 'box': [449, 404, 690, 646]}]]
floor
wall
[Debug] dropped verified goal candidate: label=desk angle=0 box=[588, 558, 743, 638] overlaps=countertop#9:0.966, wall#75:0.014, toaster#62:0.007, wall#69:0.005, floor#22:0.004
countertop
window
doorway
window
[Debug] max_similar_objs_list: [[('floor', 0, 22, 0.618403971195221, 'floor', array([3.704, 0.   , 4.63 ], dtype=float32))], [('wall', 0, 69, 0.6527454257011414, 'wall', array([3.704    , 1.605806 , 4.6299996], dtype=float32))], [('countertop', 0, 9, 0.6678004264831543, 'countertop', array([6.467318 , 0.4687332, 8.929725 ], dtype=float32))], [('window', 90, 90, 1.0, 'window', array([5.5560007, 1.499283 , 2.7237453], dtype=float32))], [('doorway', 180, 14, 0.4618483781814575, 'doorway', array([4.1291914, 1.0651137, 1.852    ], dtype=float32))], [('window', 270, 91, 0.5928632020950317, 'window', array([1.8519999, 1.497977 , 2.5457134], dtype=float32))]]
[Debug] empty_position: [3]
Place 0 : {
    "Angle": 0,
    "Objects": [
        "doorway",
        "tv",
        "floor",
        "wall"
    ]
}{
    "Angle": 90,
    "Objects": [
        "window",
        "building"
    ]
}{
    "Angle": 180,
    "Objects": [
        "doorway",
        "shadow"
    ]
}{
    "Angle": 270,
    "Objects": [
        "window",
        "window"
    ]
}
[Debug] allowed planner objects: ['doorway', 'window']
[Debug] allowed planner objects by place: {0: ['window', 'doorway']}
The above is a description of different places in different angles in the environment.Your can get to any place described in the json data. Your goal is to find the desk. Based on the above json data, please choose one specific object to travel to as your target. If your goal is already in the description, please choose it as the target. You must choose an object only from this allowed list: doorway, window. Do not output any object name that is not in the allowed list. Valid choosable objects by place are: Place 0: window, doorway. The Objects field must contain exactly one object from the chosen place list.Note that you can travel to door or door frame to other spaces if there are no clear evidence to choose the target.  Return exactly one JSON object by referring to the following template.
            {"Place": x, "Angle": x, "Objects": ["xxxx"] }
            If your goal is already in the description, please choose it as the target. You should not output any explanation, markdown, prose, examples, or extra text before or after the JSON. Note that your should choose only one object in one angle of one place in the json data as the target.
{"Place": "window", "Angle": 180, "Objects": ["window"]}
[Timing] planning mode=no-kv elapsed=1.461s
{"Place": 0, "Angle": 180, "Objects": ["window"]}
[Debug] planner selected: place=0, angle=180, objects=['window']
last_key:[]
[Debug] allowed_targets_by_place[0] candidates: [('window', 90, 90, 1.0, 'window', array([5.5560007, 1.499283 , 2.7237453], dtype=float32)), ('window', 270, 91, 0.5928632020950317, 'window', array([1.8519999, 1.497977 , 2.5457134], dtype=float32)), ('doorway', 180, 14, 0.4618483781814575, 'doorway', array([4.1291914, 1.0651137, 1.852    ], dtype=float32))]
[Debug] resolved target tuple: ('window', 90, 90, 1.0, 'window', array([5.5560007, 1.499283 , 2.7237453], dtype=float32)) from representative place 0
[Debug] resolved source place: 0 for representative place 0
0
final_goal:desk,sub_goal:window,place:0,trajectory: window in Place 0.
sub_target_id:90
target:window
final_goal:desk
final_length:0
[Timing] pathfinder to-subgoal elapsed=0.026s found=True
[Debug] sub-goal visible on screen: label=window ratio=0.413771 bbox=564x996
[Debug] observation rotation: angle=0 pause=0.25s
[Debug] observation rotation: angle=90 pause=0.25s
[Debug] observation rotation: angle=180 pause=0.25s
[Debug] observation rotation: angle=270 pause=0.25s
[Debug] calling detection service: position_id=big+1+1 angle=0 prompt='desk . shelf . chair . tv .'
[Debug] received detection service result: position_id=big+1+1 angle=0
[Debug] calling detection service: position_id=big+1+1 angle=90 prompt='desk . road . building . glass building .'
[Debug] received detection service result: position_id=big+1+1 angle=90
[Debug] calling detection service: position_id=big+1+1 angle=180 prompt='desk . doorway . wall .'
[Debug] received detection service result: position_id=big+1+1 angle=180
[Debug] calling detection service: position_id=big+1+1 angle=270 prompt='desk . doorway . window . ceiling .'
[Debug] received detection service result: position_id=big+1+1 angle=270
[Debug] box_info_list_sum: [[{'label': 'chair', 'box': [403, 570, 457, 647]}, {'label': 'tv', 'box': [523, 467, 628, 525]}], [{'label': 'glass building', 'box': [469, 131, 777, 552]}], [{'label': 'doorway', 'box': [0, 0, 101, 1022]}], [{'label': 'ceiling', 'box': [231, 0, 1023, 346]}, {'label': 'window', 'box': [377, 422, 579, 625]}, {'label': 'desk', 'box': [667, 588, 727, 724]}, {'label': 'doorway', 'box': [0, 173, 284, 1021]}]]
tv
wall
[Debug] dropped verified goal candidate: label=desk angle=270 box=[667, 588, 727, 724] overlaps=tv#64:0.708, wall#67:0.133, floor#20:0.119, tv#60:0.035, remotecontrol#45:0.006
floor
[Debug] max_similar_objs_list: [[('tv', 0, 59, 1.0, 'tv', array([5.816752 , 1.7950464, 9.170624 ], dtype=float32))], [('wall', 270, 76, 0.6041585206985474, 'wall', array([2.7779999, 1.6058059, 0.9260001], dtype=float32))], [('floor', 270, 20, 0.6499540209770203, 'floor', array([2.778, 0.   , 2.778], dtype=float32))]]
[Debug] empty_position: []
Place 0 : {
    "Angle": 0,
    "Objects": [
        "doorway",
        "tv",
        "floor",
        "wall"
    ]
}{
    "Angle": 180,
    "Objects": [
        "doorway",
        "shadow"
    ]
}{
    "Angle": 270,
    "Objects": [
        "window",
        "window"
    ]
}Place 1 : {
    "Angle": 0,
    "Objects": [
        "shelf",
        "tv",
        "window"
    ]
}{
    "Angle": 90,
    "Objects": [
        "building",
        "skyscraper",
        "road"
    ]
}
[Debug] allowed planner objects: ['doorway']
[Debug] allowed planner objects by place: {0: ['doorway']}
[Debug] bypassing planner because only one target is allowed: {"Place": 0, "Angle": 180, "Objects": ["doorway"]}
{"Place": 0, "Angle": 180, "Objects": ["doorway"]}
[Debug] planner selected: place=0, angle=180, objects=['doorway']
last_key:['Place 0']
Setting `pad_token_id` to `eos_token_id`:151645 for open-end generation.
Setting `pad_token_id` to `eos_token_id`:151645 for open-end generation.
Setting `pad_token_id` to `eos_token_id`:151645 for open-end generation.
Setting `pad_token_id` to `eos_token_id`:151645 for open-end generation.
Setting `pad_token_id` to `eos_token_id`:151645 for open-end generation.
Setting `pad_token_id` to `eos_token_id`:151645 for open-end generation.
Setting `pad_token_id` to `eos_token_id`:151645 for open-end generation.
Setting `pad_token_id` to `eos_token_id`:151645 for open-end generation.
Setting `pad_token_id` to `eos_token_id`:151645 for open-end generation.
[Debug] allowed_targets_by_place[0] candidates: [('window', 270, 91, 0.5928632020950317, 'window', array([1.8519999, 1.497977 , 2.5457134], dtype=float32)), ('tv', 0, 59, 1.0, 'tv', array([5.816752 , 1.7950464, 9.170624 ], dtype=float32)), ('doorway', 180, 14, 0.4618483781814575, 'doorway', array([4.1291914, 1.0651137, 1.852    ], dtype=float32))]
[Debug] resolved target tuple: ('doorway', 180, 14, 0.4618483781814575, 'doorway', array([4.1291914, 1.0651137, 1.852    ], dtype=float32)) from representative place 0
[Debug] resolved source place: 0 for representative place 0
0
final_goal:desk,sub_goal:doorway,place:0,trajectory: window in Place 0.doorway in Place 0.
sub_target_id:14
target:doorway
final_goal:desk
final_length:0.7071067690849304
[Timing] pathfinder to-subgoal elapsed=0.009s found=True
[Debug] sub-goal visible on screen: label=doorway ratio=1.000000 bbox=1024x1024
[Debug] observation rotation: angle=0 pause=0.25s
[Debug] observation rotation: angle=90 pause=0.25s
[Debug] observation rotation: angle=180 pause=0.25s
[Debug] observation rotation: angle=270 pause=0.25s
[Debug] calling detection service: position_id=big+2+2 angle=0 prompt='desk . shelf . mirror .'
[Debug] received detection service result: position_id=big+2+2 angle=0
[Debug] calling detection service: position_id=big+2+2 angle=90 prompt='desk . window . building .'
[Debug] received detection service result: position_id=big+2+2 angle=90
[Debug] calling detection service: position_id=big+2+2 angle=180 prompt='desk . wooden surface .'
[Debug] received detection service result: position_id=big+2+2 angle=180
[Debug] calling detection service: position_id=big+2+2 angle=270 prompt='desk . window . picture frame .'
[Debug] received detection service result: position_id=big+2+2 angle=270
[Debug] box_info_list_sum: [[{'label': 'mirror', 'box': [792, 435, 849, 605]}, {'label': 'shelf', 'box': [807, 521, 941, 729]}], [{'label': 'window', 'box': [45, 282, 581, 807]}], [{'label': 'wooden surface', 'box': [0, 0, 1024, 1024]}], [{'label': 'picture frame', 'box': [443, 394, 905, 661]}, {'label': 'window', 'box': [443, 394, 708, 661]}]]
window
[Debug] max_similar_objs_list: [[('window', 0, 93, 0.7338992357254028, 'window', array([7.408    , 1.4987931, 7.4726815], dtype=float32))]]
[Debug] empty_position: [3]
Place 0 : {
    "Angle": 0,
    "Objects": [
        "doorway",
        "tv",
        "floor",
        "wall"
    ]
}{
    "Angle": 270,
    "Objects": [
        "window",
        "window"
    ]
}Place 1 : {
    "Angle": 0,
    "Objects": [
        "shelf",
        "tv",
        "window"
    ]
}{
    "Angle": 90,
    "Objects": [
        "building",
        "skyscraper",
        "road"
    ]
}Place 2 : {
    "Angle": 0,
    "Objects": [
        "window"
    ]
}{
    "Angle": 90,
    "Objects": [
        "building"
    ]
}{
    "Angle": 180,
    "Objects": [
        "shadow"
    ]
}{
    "Angle": 270,
    "Objects": [
        "window"
    ]
}
[Debug] allowed planner objects: []
[Debug] allowed planner objects by place: {0: []}
[Debug] bypassing planner because allowed target list is empty: {"Place": 0, "Angle": 0, "Objects": ["window"]}
{"Place": 0, "Angle": 0, "Objects": ["window"]}
[Debug] planner selected: place=0, angle=0, objects=['window']
last_key:['Place 0', 'Place 0']
[Debug] allowed_targets_by_place[0] candidates: [('window', 0, 93, 0.7338992357254028, 'window', array([7.408    , 1.4987931, 7.4726815], dtype=float32)), ('window', 270, 91, 0.5928632020950317, 'window', array([1.8519999, 1.497977 , 2.5457134], dtype=float32)), ('tv', 0, 59, 1.0, 'tv', array([5.816752 , 1.7950464, 9.170624 ], dtype=float32))]
[Debug] resolved target tuple: ('window', 0, 93, 0.7338992357254028, 'window', array([7.408    , 1.4987931, 7.4726815], dtype=float32)) from representative place 0
[Debug] resolved source place: 2 for representative place 0
0
final_goal:desk,sub_goal:window,place:0,trajectory: window in Place 0.doorway in Place 0.
sub_target_id:93
target:window
final_goal:desk
final_length:0.9571067690849304
[Timing] pathfinder to-subgoal elapsed=0.564s found=True
[Debug] sub-goal visible on screen: label=window ratio=0.014204 bbox=98x200
[Debug] observation rotation: angle=0 pause=0.25s
[Debug] observation rotation: angle=90 pause=0.25s
[Debug] observation rotation: angle=180 pause=0.25s
[Debug] observation rotation: angle=270 pause=0.25s
[Debug] calling detection service: position_id=big+3+3 angle=0 prompt='desk . knife . apple . toaster .'
[Debug] received detection service result: position_id=big+3+3 angle=0
[Debug] calling detection service: position_id=big+3+3 angle=90 prompt='desk . window . building .'
[Debug] received detection service result: position_id=big+3+3 angle=90
[Debug] calling detection service: position_id=big+3+3 angle=180 prompt='desk . furniture . refrigerator .'
[Debug] received detection service result: position_id=big+3+3 angle=180
[Debug] calling detection service: position_id=big+3+3 angle=270 prompt='desk . doorway . chair . picture .'
[Debug] received detection service result: position_id=big+3+3 angle=270
[Debug] box_info_list_sum: [[{'label': 'apple', 'box': [548, 698, 593, 756]}, {'label': 'desk', 'box': [0, 698, 686, 1023]}, {'label': 'knife', 'box': [294, 718, 426, 793]}, {'label': 'toaster', 'box': [439, 659, 521, 774]}], [], [{'label': 'refrigerator', 'box': [444, 411, 637, 774]}], [{'label': 'picture', 'box': [644, 394, 756, 477]}, {'label': 'chair', 'box': [707, 627, 840, 803]}, {'label': 'doorway', 'box': [373, 429, 538, 760]}, {'label': 'desk', 'box': [908, 735, 1023, 1023]}]]
[Debug] dropped verified goal candidate: label=desk angle=0 box=[0, 698, 686, 1023] overlaps=countertop#9:0.922, toaster#62:0.028, wall#69:0.018, wall#75:0.015, apple#1:0.009
toaster
fridge
painting
chair
doorway
[Debug] dropped verified goal candidate: label=desk angle=270 box=[908, 735, 1023, 1023] overlaps=countertop#9:0.922, wall#75:0.040, floor#22:0.037, spatula#56:0.002
[Debug] max_similar_objs_list: [[('toaster', 0, 62, 1.0, 'toaster', array([6.925947 , 1.0410273, 8.831449 ], dtype=float32))], [('fridge', 180, 24, 0.9570007920265198, 'fridge', array([6.818274 , 1.0937843, 4.0848546], dtype=float32))], [('painting', 270, 35, 0.7150622606277466, 'painting', array([3.7176054, 2.057139 , 8.704622 ], dtype=float32))], [('chair', 270, 8, 1.0, 'chair', array([4.0198054, 0.4184259, 8.974543 ], dtype=float32))], [('doorway', 270, 15, 1.0, 'doorway', array([3.266707 , 1.0534256, 7.1086473], dtype=float32))]]
[Debug] empty_position: []
Place 0 : {
    "Angle": 0,
    "Objects": [
        "doorway",
        "tv",
        "floor",
        "wall"
    ]
}{
    "Angle": 270,
    "Objects": [
        "window",
        "window"
    ]
}Place 1 : {
    "Angle": 0,
    "Objects": [
        "shelf",
        "tv",
        "window"
    ]
}{
    "Angle": 90,
    "Objects": [
        "building",
        "skyscraper",
        "road"
    ]
}Place 2 : {
    "Angle": 90,
    "Objects": [
        "building"
    ]
}{
    "Angle": 180,
    "Objects": [
        "shadow"
    ]
}{
    "Angle": 270,
    "Objects": [
        "window"
    ]
}Place 3 : {
    "Angle": 0,
    "Objects": [
        "toaster",
        "digital screen"
    ]
}{
    "Angle": 90,
    "Objects": [
        "window",
        "building"
    ]
}{
    "Angle": 180,
    "Objects": [
        "fridge",
        "furniture"
    ]
}{
    "Angle": 270,
    "Objects": [
        "painting",
        "chair",
        "tv",
        "doorway"
    ]
}
[Debug] resolver candidates place=2: exact=0 relaxed_or_synthesized=1
[Debug] allowed planner objects: ['doorway', 'chair', 'fridge', 'toaster', 'painting']
[Debug] allowed planner objects by place: {0: [], 3: ['doorway', 'chair', 'toaster', 'fridge', 'painting']}
Setting `pad_token_id` to `eos_token_id`:151645 for open-end generation.
Setting `pad_token_id` to `eos_token_id`:151645 for open-end generation.
Setting `pad_token_id` to `eos_token_id`:151645 for open-end generation.
Setting `pad_token_id` to `eos_token_id`:151645 for open-end generation.
Setting `pad_token_id` to `eos_token_id`:151645 for open-end generation.
The above is a description of different places in different angles in the environment.Your can get to any place described in the json data. Your goal is to find the desk. Based on the above json data, please choose one specific object to travel to as your target. If your goal is already in the description, please choose it as the target. You must choose an object only from this allowed list: doorway, chair, fridge, toaster, painting. Do not output any object name that is not in the allowed list. Valid choosable objects by place are: Place 3: doorway, chair, toaster, fridge, painting. The Objects field must contain exactly one object from the chosen place list.Note that you can travel to door or door frame to other spaces if there are no clear evidence to choose the target.  Return exactly one JSON object by referring to the following template.
            {"Place": x, "Angle": x, "Objects": ["xxxx"] }
            If your goal is already in the description, please choose it as the target. You should not output any explanation, markdown, prose, examples, or extra text before or after the JSON. Note that your should choose only one object in one angle of one place in the json data as the target.
{"Place": "doorway", "Angle": 0, "Objects": ["doorway"]}
[Timing] planning mode=no-kv elapsed=1.509s
{"Place": 3, "Angle": 0, "Objects": ["doorway"]}
[Debug] planner selected: place=3, angle=0, objects=['doorway']
last_key:['Place 0', 'Place 0', 'Place 2']
[Debug] allowed_targets_by_place[3] candidates: [('doorway', 270, 15, 1.0, 'doorway', array([3.266707 , 1.0534256, 7.1086473], dtype=float32)), ('chair', 270, 8, 1.0, 'chair', array([4.0198054, 0.4184259, 8.974543 ], dtype=float32)), ('toaster', 0, 62, 1.0, 'toaster', array([6.925947 , 1.0410273, 8.831449 ], dtype=float32)), ('fridge', 180, 24, 0.9570007920265198, 'fridge', array([6.818274 , 1.0937843, 4.0848546], dtype=float32)), ('painting', 270, 35, 0.7150622606277466, 'painting', array([3.7176054, 2.057139 , 8.704622 ], dtype=float32))]
[Debug] resolved target tuple: ('doorway', 270, 15, 1.0, 'doorway', array([3.266707 , 1.0534256, 7.1086473], dtype=float32)) from representative place 3
[Debug] resolved source place: 3 for representative place 3
3
final_goal:desk,sub_goal:doorway,place:3,trajectory: window in Place 0.doorway in Place 0.
sub_target_id:15
target:doorway
final_goal:desk
final_length:7.967517375946045
[Timing] pathfinder to-subgoal elapsed=0.440s found=True
[Debug] sub-goal visible on screen: label=doorway ratio=0.024518 bbox=191x432
Agent is within 1m of the target. Stopping.
[Debug] observation rotation: angle=0 pause=0.25s
[Debug] observation rotation: angle=90 pause=0.25s
[Debug] observation rotation: angle=180 pause=0.25s
[Debug] observation rotation: angle=270 pause=0.25s
[Debug] calling detection service: position_id=big+4+4 angle=0 prompt='desk . dresser . pot . window .'
[Debug] received detection service result: position_id=big+4+4 angle=0
[Debug] calling detection service: position_id=big+4+4 angle=90 prompt='desk . shelf . refrigerator . window .'
[Debug] received detection service result: position_id=big+4+4 angle=90
[Debug] calling detection service: position_id=big+4+4 angle=180 prompt='desk . picture . wooden wall .'
[Debug] received detection service result: position_id=big+4+4 angle=180
[Debug] calling detection service: position_id=big+4+4 angle=270 prompt='desk . laptop . bed . remote .'
[Debug] received detection service result: position_id=big+4+4 angle=270
[Debug] box_info_list_sum: [[{'label': 'window', 'box': [171, 422, 385, 635]}, {'label': 'dresser', 'box': [394, 711, 559, 929]}], [{'label': 'refrigerator', 'box': [850, 397, 1023, 798]}, {'label': 'window', 'box': [391, 416, 506, 627]}, {'label': 'desk', 'box': [0, 594, 297, 906]}, {'label': 'shelf', 'box': [525, 522, 668, 746]}], [{'label': 'picture', 'box': [86, 512, 122, 574]}], [{'label': 'laptop', 'box': [579, 660, 637, 730]}, {'label': 'bed', 'box': [511, 702, 985, 851]}, {'label': 'remote', 'box': [702, 742, 745, 752]}]]
window
dresser
[Debug] dropped verified goal candidate: label=desk angle=90 box=[0, 594, 297, 906] overlaps=countertop#9:0.697, floor#22:0.207, wall#75:0.077, toaster#62:0.010, wall#69:0.003
painting
wall
bed
[Debug] max_similar_objs_list: [[('window', 0, 92, 1.0, 'window', array([2.483882 , 1.4992062, 9.26     ], dtype=float32))], [('dresser', 0, 19, 1.0, 'dresser', array([3.367999  , 0.34962136, 9.0798645 ], dtype=float32))], [('painting', 180, 36, 0.7150622606277466, 'painting', array([5.9588118, 1.3747087, 3.7248704], dtype=float32))], [('wall', 270, 72, 0.5785917639732361, 'wall', array([0.       , 1.6058059, 4.629999 ], dtype=float32))], [('bed', 270, 3, 1.0, 'bed', array([0.6485804 , 0.16031098, 8.118358  ], dtype=float32))]]
[Debug] empty_position: [1]
Place 0 : {
    "Angle": 0,
    "Objects": [
        "doorway",
        "tv",
        "floor",
        "wall"
    ]
}{
    "Angle": 270,
    "Objects": [
        "window",
        "window"
    ]
}Place 1 : {
    "Angle": 0,
    "Objects": [
        "shelf",
        "tv",
        "window"
    ]
}{
    "Angle": 90,
    "Objects": [
        "building",
        "skyscraper",
        "road"
    ]
}Place 2 : {
    "Angle": 90,
    "Objects": [
        "building"
    ]
}{
    "Angle": 180,
    "Objects": [
        "shadow"
    ]
}{
    "Angle": 270,
    "Objects": [
        "window"
    ]
}Place 3 : {
    "Angle": 0,
    "Objects": [
        "toaster",
        "digital screen"
    ]
}{
    "Angle": 90,
    "Objects": [
        "window",
        "building"
    ]
}{
    "Angle": 180,
    "Objects": [
        "fridge",
        "furniture"
    ]
}Place 4 : {
    "Angle": 0,
    "Objects": [
        "dresser",
        "pole",
        "window",
        "pot"
    ]
}{
    "Angle": 90,
    "Objects": [
        "shelf"
    ]
}{
    "Angle": 180,
    "Objects": [
        "painting",
        "wooden wall"
    ]
}{
    "Angle": 270,
    "Objects": [
        "bed",
        "wall",
        "remote control"
    ]
}
[Debug] resolver candidates place=2: exact=0 relaxed_or_synthesized=1
[Debug] resolver candidates place=3: exact=2 relaxed_or_synthesized=2
[Debug] allowed planner objects: ['window', 'dresser', 'bed', 'painting']
[Debug] allowed planner objects by place: {0: [], 3: [], 4: ['window', 'dresser', 'bed', 'painting']}
The above is a description of different places in different angles in the environment.Your can get to any place described in the json data. Your goal is to find the desk. Based on the above json data, please choose one specific object to travel to as your target. If your goal is already in the description, please choose it as the target. You must choose an object only from this allowed list: window, dresser, bed, painting. Do not output any object name that is not in the allowed list. Valid choosable objects by place are: Place 4: window, dresser, bed, painting. The Objects field must contain exactly one object from the chosen place list.Note that you can travel to door or door frame to other spaces if there are no clear evidence to choose the target.  Return exactly one JSON object by referring to the following template.
            {"Place": x, "Angle": x, "Objects": ["xxxx"] }
            If your goal is already in the description, please choose it as the target. You should not output any explanation, markdown, prose, examples, or extra text before or after the JSON. Note that your should choose only one object in one angle of one place in the json data as the target.
{"Place": "window", "Angle": 90, "Objects": ["window"]}
[Timing] planning mode=no-kv elapsed=1.482s
{"Place": 4, "Angle": 90, "Objects": ["window"]}
[Debug] planner selected: place=4, angle=90, objects=['window']
last_key:['Place 0', 'Place 0', 'Place 2', 'Place 3']
Setting `pad_token_id` to `eos_token_id`:151645 for open-end generation.
Setting `pad_token_id` to `eos_token_id`:151645 for open-end generation.
Setting `pad_token_id` to `eos_token_id`:151645 for open-end generation.
Setting `pad_token_id` to `eos_token_id`:151645 for open-end generation.
Setting `pad_token_id` to `eos_token_id`:151645 for open-end generation.
Setting `pad_token_id` to `eos_token_id`:151645 for open-end generation.
Setting `pad_token_id` to `eos_token_id`:151645 for open-end generation.
Setting `pad_token_id` to `eos_token_id`:151645 for open-end generation.
[Debug] allowed_targets_by_place[4] candidates: [('window', 0, 92, 1.0, 'window', array([2.483882 , 1.4992062, 9.26     ], dtype=float32)), ('dresser', 0, 19, 1.0, 'dresser', array([3.367999  , 0.34962136, 9.0798645 ], dtype=float32)), ('bed', 270, 3, 1.0, 'bed', array([0.6485804 , 0.16031098, 8.118358  ], dtype=float32)), ('painting', 180, 36, 0.7150622606277466, 'painting', array([5.9588118, 1.3747087, 3.7248704], dtype=float32))]
[Debug] resolved target tuple: ('window', 0, 92, 1.0, 'window', array([2.483882 , 1.4992062, 9.26     ], dtype=float32)) from representative place 4
[Debug] resolved source place: 4 for representative place 4
4
final_goal:desk,sub_goal:window,place:4,trajectory: window in Place 0.doorway in Place 0.
sub_target_id:92
target:window
final_goal:desk
final_length:12.71015739440918
[Timing] pathfinder to-subgoal elapsed=0.344s found=True
[Debug] sub-goal visible on screen: label=window ratio=0.046677 bbox=215x262
[Debug] observation rotation: angle=0 pause=0.25s
[Debug] observation rotation: angle=90 pause=0.25s
[Debug] observation rotation: angle=180 pause=0.25s
[Debug] observation rotation: angle=270 pause=0.25s
[Debug] calling detection service: position_id=big+5+5 angle=0 prompt='desk . tree . building . glass facade .'
[Debug] received detection service result: position_id=big+5+5 angle=0
[Debug] calling detection service: position_id=big+5+5 angle=90 prompt='desk . window . wall .'
[Debug] received detection service result: position_id=big+5+5 angle=90
[Debug] calling detection service: position_id=big+5+5 angle=180 prompt='desk . doorway . trash bin .'
[Debug] received detection service result: position_id=big+5+5 angle=180
[Debug] calling detection service: position_id=big+5+5 angle=270 prompt='desk . tv . remote . window .'
[Debug] received detection service result: position_id=big+5+5 angle=270
[Debug] box_info_list_sum: [[{'label': 'building', 'box': [0, 43, 350, 669]}, {'label': 'tree', 'box': [112, 651, 168, 732]}], [], [{'label': 'trash bin', 'box': [826, 671, 918, 769]}, {'label': 'doorway', 'box': [239, 408, 449, 866]}, {'label': 'desk', 'box': [835, 853, 1023, 1023]}], [{'label': 'remote', 'box': [211, 875, 282, 895]}, {'label': 'desk', 'box': [0, 783, 577, 1023]}, {'label': 'tv', 'box': [41, 353, 327, 496]}]]
garbagecan
[Debug] dropped verified goal candidate: label=desk angle=180 box=[835, 853, 1023, 1023] overlaps=bed#3:0.544, floor#23:0.274, book#4:0.182
[Debug] dropped verified goal candidate: label=desk angle=270 box=[0, 783, 577, 1023] overlaps=bed#3:0.771, pillow#41:0.064, wall#72:0.041, plant#26:0.039, book#4:0.035
tv
[Debug] max_similar_objs_list: [[('garbagecan', 180, 25, 0.6123936772346497, 'garbagecan', array([0.23279805, 0.2500037 , 5.761505  ], dtype=float32))], [('tv', 270, 58, 1.0, 'tv', array([0.08937482, 1.9734458 , 7.496354  ], dtype=float32))]]
[Debug] empty_position: []
Place 0 : {
    "Angle": 0,
    "Objects": [
        "doorway",
        "tv",
        "floor",
        "wall"
    ]
}{
    "Angle": 270,
    "Objects": [
        "window",
        "window"
    ]
}Place 1 : {
    "Angle": 0,
    "Objects": [
        "shelf",
        "tv",
        "window"
    ]
}{
    "Angle": 90,
    "Objects": [
        "building",
        "skyscraper",
        "road"
    ]
}Place 2 : {
    "Angle": 90,
    "Objects": [
        "building"
    ]
}{
    "Angle": 180,
    "Objects": [
        "shadow"
    ]
}{
    "Angle": 270,
    "Objects": [
        "window"
    ]
}Place 3 : {
    "Angle": 0,
    "Objects": [
        "toaster",
        "digital screen"
    ]
}{
    "Angle": 90,
    "Objects": [
        "window",
        "building"
    ]
}{
    "Angle": 180,
    "Objects": [
        "fridge",
        "furniture"
    ]
}Place 4 : {
    "Angle": 90,
    "Objects": [
        "shelf"
    ]
}{
    "Angle": 180,
    "Objects": [
        "painting",
        "wooden wall"
    ]
}{
    "Angle": 270,
    "Objects": [
        "bed",
        "wall",
        "remote control"
    ]
}Place 5 : {
    "Angle": 0,
    "Objects": [
        "skyscraper",
        "glass facade"
    ]
}{
    "Angle": 90,
    "Objects": [
        "wall",
        "window"
    ]
}{
    "Angle": 180,
    "Objects": [
        "garbagecan"
    ]
}{
    "Angle": 270,
    "Objects": [
        "tv",
        "window",
        "pillow"
    ]
}
[Debug] resolver candidates place=2: exact=0 relaxed_or_synthesized=1
[Debug] resolver candidates place=3: exact=2 relaxed_or_synthesized=2
[Debug] resolver candidates place=4: exact=2 relaxed_or_synthesized=1
[Debug] allowed planner objects: []
[Debug] allowed planner objects by place: {0: [], 3: [], 4: []}
[Debug] resolver candidates place=2: exact=0 relaxed_or_synthesized=1
[Debug] resolver candidates place=3: exact=2 relaxed_or_synthesized=2
[Debug] resolver candidates place=4: exact=2 relaxed_or_synthesized=1
[Debug] bypassing planner because allowed target list is empty: {"Place": 0, "Angle": 270, "Objects": ["window"]}
{"Place": 0, "Angle": 270, "Objects": ["window"]}
[Debug] planner selected: place=0, angle=270, objects=['window']
last_key:['Place 0', 'Place 0', 'Place 2', 'Place 3', 'Place 4']
[Debug] allowed_targets_by_place[0] candidates: [('window', 270, 91, 0.5928632020950317, 'window', array([1.8519999, 1.497977 , 2.5457134], dtype=float32)), ('tv', 0, 59, 1.0, 'tv', array([5.816752 , 1.7950464, 9.170624 ], dtype=float32)), ('tv', 270, 58, 1.0, 'tv', array([0.08937482, 1.9734458 , 7.496354  ], dtype=float32)), ('garbagecan', 180, 25, 0.6123936772346497, 'garbagecan', array([0.23279805, 0.2500037 , 5.761505  ], dtype=float32))]
[Debug] resolved target tuple: ('window', 270, 91, 0.5928632020950317, 'window', array([1.8519999, 1.497977 , 2.5457134], dtype=float32)) from representative place 0
[Debug] resolved source place: 0 for representative place 0
0
final_goal:desk,sub_goal:window,place:0,trajectory: window in Place 0.doorway in Place 0.
sub_target_id:91
target:window
final_goal:desk
final_length:15.124370574951172
[Timing] pathfinder to-subgoal elapsed=0.195s found=True
[Debug] sub-goal visible on screen: label=window ratio=0.072311 bbox=236x363
[Debug] observation rotation: angle=0 pause=0.25s
[Debug] observation rotation: angle=90 pause=0.25s
[Debug] observation rotation: angle=180 pause=0.25s
[Debug] observation rotation: angle=270 pause=0.25s
[Debug] calling detection service: position_id=big+6+6 angle=0 prompt='desk . curtains . mirror .'
[Debug] received detection service result: position_id=big+6+6 angle=0
[Debug] calling detection service: position_id=big+6+6 angle=90 prompt='desk . doorway . window .'
[Debug] received detection service result: position_id=big+6+6 angle=90
[Debug] calling detection service: position_id=big+6+6 angle=180 prompt='desk . window .'
[Debug] received detection service result: position_id=big+6+6 angle=180
[Debug] calling detection service: position_id=big+6+6 angle=270 prompt='desk . building . wall .'
[Debug] received detection service result: position_id=big+6+6 angle=270
[Debug] box_info_list_sum: [[{'label': 'desk', 'box': [762, 559, 941, 643]}], [{'label': 'window', 'box': [376, 422, 575, 623]}, {'label': 'doorway', 'box': [614, 189, 890, 1022]}], [{'label': 'window', 'box': [828, 0, 1023, 1024]}], [{'label': 'building', 'box': [254, 276, 785, 644]}]]
[Debug] dropped verified goal candidate: label=desk angle=0 box=[762, 559, 941, 643] overlaps=countertop#9:0.942, wall#75:0.019, wall#69:0.015, toaster#62:0.010, floor#22:0.010
[Debug] max_similar_objs_list: []
[Debug] empty_position: [1]
Setting `pad_token_id` to `eos_token_id`:151645 for open-end generation.
Setting `pad_token_id` to `eos_token_id`:151645 for open-end generation.
Setting `pad_token_id` to `eos_token_id`:151645 for open-end generation.
Setting `pad_token_id` to `eos_token_id`:151645 for open-end generation.
Setting `pad_token_id` to `eos_token_id`:151645 for open-end generation.
Place 0 : {
    "Angle": 0,
    "Objects": [
        "doorway",
        "tv",
        "floor",
        "wall"
    ]
}Place 1 : {
    "Angle": 0,
    "Objects": [
        "shelf",
        "tv",
        "window"
    ]
}{
    "Angle": 90,
    "Objects": [
        "building",
        "skyscraper",
        "road"
    ]
}Place 2 : {
    "Angle": 90,
    "Objects": [
        "building"
    ]
}{
    "Angle": 180,
    "Objects": [
        "shadow"
    ]
}{
    "Angle": 270,
    "Objects": [
        "window"
    ]
}Place 3 : {
    "Angle": 0,
    "Objects": [
        "toaster",
        "digital screen"
    ]
}{
    "Angle": 90,
    "Objects": [
        "window",
        "building"
    ]
}{
    "Angle": 180,
    "Objects": [
        "fridge",
        "furniture"
    ]
}Place 4 : {
    "Angle": 90,
    "Objects": [
        "shelf"
    ]
}{
    "Angle": 180,
    "Objects": [
        "painting",
        "wooden wall"
    ]
}{
    "Angle": 270,
    "Objects": [
        "bed",
        "wall",
        "remote control"
    ]
}Place 5 : {
    "Angle": 0,
    "Objects": [
        "skyscraper",
        "glass facade"
    ]
}{
    "Angle": 90,
    "Objects": [
        "wall",
        "window"
    ]
}{
    "Angle": 180,
    "Objects": [
        "garbagecan"
    ]
}{
    "Angle": 270,
    "Objects": [
        "tv",
        "window",
        "pillow"
    ]
}Place 6 : {
    "Angle": 0,
    "Objects": [
        "curtains",
        "mirror"
    ]
}{
    "Angle": 90,
    "Objects": [
        "doorway"
    ]
}{
    "Angle": 180,
    "Objects": [
        "shadow"
    ]
}
[Debug] resolver candidates place=3: exact=2 relaxed_or_synthesized=2
[Debug] resolver candidates place=4: exact=2 relaxed_or_synthesized=1
[Debug] allowed planner objects: []
[Debug] allowed planner objects by place: {0: [], 3: [], 4: []}
[Debug] resolver candidates place=3: exact=2 relaxed_or_synthesized=2
[Debug] resolver candidates place=4: exact=2 relaxed_or_synthesized=1
[Debug] no allowed planner objects and no deterministic fallback; stopping episode
[Timing] episode elapsed=147.455s sr=0 spl=0.0000 final_length=17.8921
[Timing] val_auto episode total elapsed=147.455s goal=desk sr=0 spl=0.0000 completed_eval_episodes=2/10
[Debug] selectable goal names count=43 sample=['baseballbat', 'bed', 'book', 'boots', 'bowl', 'box', 'chair', 'countertop', 'desk', 'desklamp']
[Debug] using requested target object=desk
[Debug] reachable_positions=347 candidate_objects_for_desk=1
[Debug] starting independent environment episode=1/1
[Debug] experiment setup: seed=7 goal_instance_index=random start_index=random start_rotation=270.0 start_point=(1.250, 0.901, 2.000)
[Timing] pathfinder goal-distance elapsed=0.513s found=True
real_distance:9.65685424949238
[Debug] observation rotation: angle=0 pause=0.25s
[Debug] observation rotation: angle=90 pause=0.25s
[Debug] observation rotation: angle=180 pause=0.25s
[Debug] observation rotation: angle=270 pause=0.25s
[Debug] calling detection service: position_id=big+0+0 angle=0 prompt='desk . table . lamp . sofa .'
[Debug] received detection service result: position_id=big+0+0 angle=0
[Debug] calling detection service: position_id=big+0+0 angle=90 prompt='desk . table . chair . bowl .'
[Debug] received detection service result: position_id=big+0+0 angle=90
[Debug] calling detection service: position_id=big+0+0 angle=180 prompt='desk . counter . doorway . toaster .'
[Debug] received detection service result: position_id=big+0+0 angle=180
[Debug] calling detection service: position_id=big+0+0 angle=270 prompt='desk . cave . wall .'
[Debug] received detection service result: position_id=big+0+0 angle=270
[Debug] box_info_list_sum: [[{'label': 'sofa', 'box': [593, 629, 974, 842]}, {'label': 'lamp', 'box': [931, 455, 1023, 811]}], [{'label': 'chair', 'box': [361, 726, 443, 1009]}, {'label': 'desk', 'box': [416, 657, 925, 1023]}], [{'label': 'doorway', 'box': [293, 373, 570, 931]}], [{'label': 'wall', 'box': [1, 0, 1022, 829]}, {'label': 'cave', 'box': [631, 239, 910, 445]}]]
sofa
floorlamp
chair
[Debug] dropped verified goal candidate: label=desk angle=90 box=[416, 657, 925, 1023] overlaps=diningtable#15:0.483, floor#28:0.231, pot#52:0.072, wall#103:0.046, wall#95:0.033
floor
doorway
wall
painting
[Debug] max_similar_objs_list: [[('sofa', 0, 75, 1.0, 'sofa', array([2.5741389, 0.4475542, 4.7152805], dtype=float32))], [('floorlamp', 0, 32, 0.7215485572814941, 'floorlamp', array([3.8608205 , 0.93425405, 4.837762  ], dtype=float32))], [('chair', 90, 11, 1.0, 'chair', array([3.1250348, 0.3868456, 2.290052 ], dtype=float32))], [('floor', 90, 28, 0.6499540209770203, 'floor', array([2.54  , 0.    , 1.6935], dtype=float32))], [('doorway', 180, 19, 1.0, 'doorway', array([1.5510572, 1.0500227, 0.       ], dtype=float32))], [('wall', 270, 84, 1.0, 'wall', array([0.       , 2.0083504, 1.6935   ], dtype=float32))], [('painting', 270, 40, 0.5707308650016785, 'painting', array([0.02087049, 1.9815652 , 2.621764  ], dtype=float32))]]
[Debug] empty_position: []
Place 0 : {
    "Angle": 0,
    "Objects": [
        "floorlamp",
        "table",
        "floor lamp",
        "sofa"
    ]
}{
    "Angle": 90,
    "Objects": [
        "chair",
        "table",
        "bowl",
        "apple"
    ]
}{
    "Angle": 180,
    "Objects": [
        "doorway",
        "counter",
        "toaster"
    ]
}{
    "Angle": 270,
    "Objects": [
        "wall",
        "painting"
    ]
}
[Debug] allowed planner objects: ['doorway', 'chair', 'sofa', 'painting', 'floorlamp']
[Debug] allowed planner objects by place: {0: ['doorway', 'chair', 'sofa', 'floorlamp', 'painting']}
The above is a description of different places in different angles in the environment.Your can get to any place described in the json data. Your goal is to find the desk. Based on the above json data, please choose one specific object to travel to as your target. If your goal is already in the description, please choose it as the target. You must choose an object only from this allowed list: doorway, chair, sofa, painting, floorlamp. Do not output any object name that is not in the allowed list. Valid choosable objects by place are: Place 0: doorway, chair, sofa, floorlamp, painting. The Objects field must contain exactly one object from the chosen place list.Note that you can travel to door or door frame to other spaces if there are no clear evidence to choose the target.  Return exactly one JSON object by referring to the following template.
            {"Place": x, "Angle": x, "Objects": ["xxxx"] }
            If your goal is already in the description, please choose it as the target. You should not output any explanation, markdown, prose, examples, or extra text before or after the JSON. Note that your should choose only one object in one angle of one place in the json data as the target.
{"Place": "chair", "Angle": 90, "Objects": ["chair"]}
[Timing] planning mode=no-kv elapsed=1.535s
{"Place": 0, "Angle": 90, "Objects": ["chair"]}
[Debug] planner selected: place=0, angle=90, objects=['chair']
last_key:[]
[Debug] allowed_targets_by_place[0] candidates: [('doorway', 180, 19, 1.0, 'doorway', array([1.5510572, 1.0500227, 0.       ], dtype=float32)), ('chair', 90, 11, 1.0, 'chair', array([3.1250348, 0.3868456, 2.290052 ], dtype=float32)), ('sofa', 0, 75, 1.0, 'sofa', array([2.5741389, 0.4475542, 4.7152805], dtype=float32)), ('floorlamp', 0, 32, 0.7215485572814941, 'floorlamp', array([3.8608205 , 0.93425405, 4.837762  ], dtype=float32)), ('painting', 270, 40, 0.5707308650016785, 'painting', array([0.02087049, 1.9815652 , 2.621764  ], dtype=float32))]
[Debug] resolved target tuple: ('chair', 90, 11, 1.0, 'chair', array([3.1250348, 0.3868456, 2.290052 ], dtype=float32)) from representative place 0
[Debug] resolved source place: 0 for representative place 0
0
final_goal:desk,sub_goal:chair,place:0,trajectory: chair in Place 0.
sub_target_id:11
target:chair
final_goal:desk
final_length:0
[Timing] pathfinder to-subgoal elapsed=0.193s found=True
[Debug] sub-goal visible on screen: label=chair ratio=0.016765 bbox=175x233
[Debug] observation rotation: angle=0 pause=0.25s
[Debug] observation rotation: angle=90 pause=0.25s
Setting `pad_token_id` to `eos_token_id`:151645 for open-end generation.
Setting `pad_token_id` to `eos_token_id`:151645 for open-end generation.
Setting `pad_token_id` to `eos_token_id`:151645 for open-end generation.
Setting `pad_token_id` to `eos_token_id`:151645 for open-end generation.
Setting `pad_token_id` to `eos_token_id`:151645 for open-end generation.
Setting `pad_token_id` to `eos_token_id`:151645 for open-end generation.
Setting `pad_token_id` to `eos_token_id`:151645 for open-end generation.
Setting `pad_token_id` to `eos_token_id`:151645 for open-end generation.
Setting `pad_token_id` to `eos_token_id`:151645 for open-end generation.
[Debug] observation rotation: angle=180 pause=0.25s
[Debug] observation rotation: angle=270 pause=0.25s
[Debug] calling detection service: position_id=big+1+1 angle=0 prompt='desk . box . lamp . sofa .'
[Debug] received detection service result: position_id=big+1+1 angle=0
[Debug] calling detection service: position_id=big+1+1 angle=90 prompt='desk . doorway . window .'
[Debug] received detection service result: position_id=big+1+1 angle=90
[Debug] calling detection service: position_id=big+1+1 angle=180 prompt='desk . table . shelf .'
[Debug] received detection service result: position_id=big+1+1 angle=180
[Debug] calling detection service: position_id=big+1+1 angle=270 prompt='desk . counter . laptop . apple .'
[Debug] received detection service result: position_id=big+1+1 angle=270
[Debug] box_info_list_sum: [[{'label': 'lamp', 'box': [542, 441, 642, 880]}, {'label': 'sofa', 'box': [35, 653, 493, 929]}, {'label': 'box', 'box': [633, 780, 766, 898]}], [{'label': 'window', 'box': [204, 273, 505, 809]}, {'label': 'desk', 'box': [512, 812, 764, 1023]}], [{'label': 'shelf', 'box': [163, 711, 757, 863]}], [{'label': 'apple', 'box': [531, 587, 556, 616]}]]
box
window
[Debug] dropped verified goal candidate: label=desk angle=90 box=[512, 812, 764, 1023] overlaps=shelf#62:0.247, shelf#58:0.174, shelf#64:0.164, shelf#61:0.156, shelf#63:0.147
shelf
wall
[Debug] max_similar_objs_list: [[('box', 0, 10, 1.0, 'box', array([4.3102436 , 0.12692167, 4.7781076 ], dtype=float32))], [('window', 90, 112, 1.0, 'window', array([5.08     , 1.4987931, 2.94943  ], dtype=float32))], [('shelf', 90, 63, 0.692304790019989, 'shelf', array([4.9786634, 0.7522101, 2.153568 ], dtype=float32))], [('wall', 180, 103, 0.6527454257011414, 'wall', array([2.5400000e+00, 2.0083501e+00, 2.8421709e-14], dtype=float32))]]
[Debug] empty_position: []
Place 0 : {
    "Angle": 0,
    "Objects": [
        "floorlamp",
        "table",
        "floor lamp",
        "sofa"
    ]
}{
    "Angle": 180,
    "Objects": [
        "doorway",
        "counter",
        "toaster"
    ]
}{
    "Angle": 270,
    "Objects": [
        "wall",
        "painting"
    ]
}Place 1 : {
    "Angle": 0,
    "Objects": [
        "box"
    ]
}{
    "Angle": 90,
    "Objects": [
        "doorway",
        "window"
    ]
}{
    "Angle": 180,
    "Objects": [
        "table",
        "wall"
    ]
}{
    "Angle": 270,
    "Objects": [
        "laptop",
        "lamp",
        "counter"
    ]
}
[Debug] allowed planner objects: ['doorway']
[Debug] allowed planner objects by place: {0: ['doorway']}
[Debug] bypassing planner because only one target is allowed: {"Place": 0, "Angle": 180, "Objects": ["doorway"]}
{"Place": 0, "Angle": 180, "Objects": ["doorway"]}
[Debug] planner selected: place=0, angle=180, objects=['doorway']
last_key:['Place 0']
[Debug] allowed_targets_by_place[0] candidates: [('doorway', 180, 19, 1.0, 'doorway', array([1.5510572, 1.0500227, 0.       ], dtype=float32)), ('window', 90, 112, 1.0, 'window', array([5.08     , 1.4987931, 2.94943  ], dtype=float32)), ('box', 0, 10, 1.0, 'box', array([4.3102436 , 0.12692167, 4.7781076 ], dtype=float32)), ('sofa', 0, 75, 1.0, 'sofa', array([2.5741389, 0.4475542, 4.7152805], dtype=float32)), ('floorlamp', 0, 32, 0.7215485572814941, 'floorlamp', array([3.8608205 , 0.93425405, 4.837762  ], dtype=float32)), ('painting', 270, 40, 0.5707308650016785, 'painting', array([0.02087049, 1.9815652 , 2.621764  ], dtype=float32))]
[Debug] resolved target tuple: ('doorway', 180, 19, 1.0, 'doorway', array([1.5510572, 1.0500227, 0.       ], dtype=float32)) from representative place 0
[Debug] resolved source place: 0 for representative place 0
0
final_goal:desk,sub_goal:doorway,place:0,trajectory: chair in Place 0.doorway in Place 0.
sub_target_id:19
target:doorway
final_goal:desk
final_length:3.431980848312378
[Timing] pathfinder to-subgoal elapsed=0.135s found=True
[Debug] sub-goal visible on screen: label=doorway ratio=0.181170 bbox=274x728
[Debug] observation rotation: angle=0 pause=0.25s
[Debug] observation rotation: angle=90 pause=0.25s
[Debug] observation rotation: angle=180 pause=0.25s
[Debug] observation rotation: angle=270 pause=0.25s
[Debug] get_observation skip angle=180 reason=depth
[Debug] calling detection service: position_id=big+2+2 angle=0 prompt='desk . table . counter . lamp .'
[Debug] received detection service result: position_id=big+2+2 angle=0
[Debug] calling detection service: position_id=big+2+2 angle=90 prompt='desk . table . books . plate .'
[Debug] received detection service result: position_id=big+2+2 angle=90
[Debug] calling detection service: position_id=big+2+2 angle=270 prompt='desk . table . toaster .'
[Debug] received detection service result: position_id=big+2+2 angle=270
[Debug] box_info_list_sum: [[{'label': 'lamp', 'box': [747, 476, 804, 694]}], [{'label': 'plate', 'box': [147, 689, 220, 718]}], [{'label': 'toaster', 'box': [738, 701, 928, 893]}]]
diningtable
toaster
[Debug] max_similar_objs_list: [[('diningtable', 90, 15, 0.5153526067733765, 'diningtable', array([3.1220288, 0.3906947, 1.6924254], dtype=float32))], [('toaster', 270, 78, 1.0, 'toaster', array([0.49800885, 1.0452058 , 0.85805106], dtype=float32))]]
[Debug] empty_position: []
Place 0 : {
    "Angle": 0,
    "Objects": [
        "floorlamp",
        "table",
        "floor lamp",
        "sofa"
    ]
}{
    "Angle": 270,
    "Objects": [
        "wall",
        "painting"
    ]
}Place 1 : {
    "Angle": 0,
    "Objects": [
        "box"
    ]
}{
    "Angle": 90,
    "Objects": [
        "doorway",
        "window"
    ]
}{
    "Angle": 180,
    "Objects": [
        "table",
        "wall"
    ]
}{
    "Angle": 270,
    "Objects": [
        "laptop",
        "lamp",
        "counter"
    ]
}Place 2 : {
    "Angle": 0,
    "Objects": [
        "table",
        "counter",
        "sofa"
    ]
}{
    "Angle": 90,
    "Objects": [
        "books",
        "table",
        "diningtable",
        "tomato"
    ]
}{
    "Angle": 270,
    "Objects": [
        "table",
        "toaster"
    ]
}
[Debug] allowed planner objects: ['toaster', 'diningtable']
[Debug] allowed planner objects by place: {0: [], 2: ['toaster', 'diningtable']}
The above is a description of different places in different angles in the environment.Your can get to any place described in the json data. Your goal is to find the desk. Based on the above json data, please choose one specific object to travel to as your target. If your goal is already in the description, please choose it as the target. You must choose an object only from this allowed list: toaster, diningtable. Do not output any object name that is not in the allowed list. Valid choosable objects by place are: Place 2: toaster, diningtable. The Objects field must contain exactly one object from the chosen place list.Note that you can travel to door or door frame to other spaces if there are no clear evidence to choose the target.  Return exactly one JSON object by referring to the following template.
            {"Place": x, "Angle": x, "Objects": ["xxxx"] }
            If your goal is already in the description, please choose it as the target. You should not output any explanation, markdown, prose, examples, or extra text before or after the JSON. Note that your should choose only one object in one angle of one place in the json data as the target.
{"Place": "diningtable", "Angle": 270, "Objects": ["diningtable"]}
[Timing] planning mode=no-kv elapsed=1.602s
{"Place": 2, "Angle": 270, "Objects": ["diningtable"]}
[Debug] planner selected: place=2, angle=270, objects=['diningtable']
last_key:['Place 0', 'Place 0']
[Debug] allowed_targets_by_place[2] candidates: [('toaster', 270, 78, 1.0, 'toaster', array([0.49800885, 1.0452058 , 0.85805106], dtype=float32)), ('diningtable', 90, 15, 0.5153526067733765, 'diningtable', array([3.1220288, 0.3906947, 1.6924254], dtype=float32))]
[Debug] resolved target tuple: ('diningtable', 90, 15, 0.5153526067733765, 'diningtable', array([3.1220288, 0.3906947, 1.6924254], dtype=float32)) from representative place 2
[Debug] resolved source place: 2 for representative place 2
2
Setting `pad_token_id` to `eos_token_id`:151645 for open-end generation.
Setting `pad_token_id` to `eos_token_id`:151645 for open-end generation.
Setting `pad_token_id` to `eos_token_id`:151645 for open-end generation.
Setting `pad_token_id` to `eos_token_id`:151645 for open-end generation.
Setting `pad_token_id` to `eos_token_id`:151645 for open-end generation.
Setting `pad_token_id` to `eos_token_id`:151645 for open-end generation.
Setting `pad_token_id` to `eos_token_id`:151645 for open-end generation.
Setting `pad_token_id` to `eos_token_id`:151645 for open-end generation.
final_goal:desk,sub_goal:diningtable,place:2,trajectory: chair in Place 0.doorway in Place 0.diningtable in Place 2.
sub_target_id:15
target:diningtable
final_goal:desk
final_length:5.285534381866455
[Timing] pathfinder to-subgoal elapsed=0.236s found=True
[Debug] sub-goal visible on screen: label=diningtable ratio=0.040063 bbox=288x270
Place 0 : {
    "Angle": 0,
    "Objects": [
        "floorlamp",
        "table",
        "floor lamp",
        "sofa"
    ]
}{
    "Angle": 270,
    "Objects": [
        "wall",
        "painting"
    ]
}Place 1 : {
    "Angle": 0,
    "Objects": [
        "box"
    ]
}{
    "Angle": 90,
    "Objects": [
        "doorway",
        "window"
    ]
}{
    "Angle": 180,
    "Objects": [
        "table",
        "wall"
    ]
}{
    "Angle": 270,
    "Objects": [
        "laptop",
        "lamp",
        "counter"
    ]
}Place 2 : {
    "Angle": 0,
    "Objects": [
        "table",
        "counter",
        "sofa"
    ]
}{
    "Angle": 270,
    "Objects": [
        "table",
        "toaster"
    ]
}
[Debug] allowed planner objects: []
[Debug] allowed planner objects by place: {0: [], 2: []}
[Debug] bypassing planner because allowed target list is empty: {"Place": 0, "Angle": 90, "Objects": ["window"]}
{"Place": 0, "Angle": 90, "Objects": ["window"]}
[Debug] planner selected: place=0, angle=90, objects=['window']
last_key:['Place 0', 'Place 0', 'Place 2']
[Debug] allowed_targets_by_place[0] candidates: [('window', 90, 112, 1.0, 'window', array([5.08     , 1.4987931, 2.94943  ], dtype=float32)), ('box', 0, 10, 1.0, 'box', array([4.3102436 , 0.12692167, 4.7781076 ], dtype=float32)), ('sofa', 0, 75, 1.0, 'sofa', array([2.5741389, 0.4475542, 4.7152805], dtype=float32)), ('floorlamp', 0, 32, 0.7215485572814941, 'floorlamp', array([3.8608205 , 0.93425405, 4.837762  ], dtype=float32)), ('painting', 270, 40, 0.5707308650016785, 'painting', array([0.02087049, 1.9815652 , 2.621764  ], dtype=float32))]
[Debug] resolved target tuple: ('window', 90, 112, 1.0, 'window', array([5.08     , 1.4987931, 2.94943  ], dtype=float32)) from representative place 0
[Debug] resolved source place: 1 for representative place 0
0
final_goal:desk,sub_goal:window,place:0,trajectory: chair in Place 0.doorway in Place 0.diningtable in Place 2.window in Place 0.
sub_target_id:112
target:window
final_goal:desk
final_length:9.863962173461914
[Timing] pathfinder to-subgoal elapsed=0.080s found=True
[Debug] sub-goal visible on screen: label=window ratio=0.232909 bbox=363x857
[Debug] observation rotation: angle=0 pause=0.25s
[Debug] observation rotation: angle=90 pause=0.25s
[Debug] observation rotation: angle=180 pause=0.25s
[Debug] observation rotation: angle=270 pause=0.25s
[Debug] calling detection service: position_id=big+3+4 angle=0 prompt='desk . box . lamp .'
[Debug] received detection service result: position_id=big+3+4 angle=0
[Debug] calling detection service: position_id=big+3+4 angle=90 prompt='desk . window . wall .'
[Debug] received detection service result: position_id=big+3+4 angle=90
[Debug] calling detection service: position_id=big+3+4 angle=180 prompt='desk . table . window .'
[Debug] received detection service result: position_id=big+3+4 angle=180
[Debug] calling detection service: position_id=big+3+4 angle=270 prompt='desk . table . chair . apple .'
[Debug] received detection service result: position_id=big+3+4 angle=270
[Debug] box_info_list_sum: [[{'label': 'lamp', 'box': [192, 420, 331, 991]}, {'label': 'box', 'box': [298, 844, 457, 1022]}, {'label': 'desk', 'box': [65, 896, 606, 1023]}], [{'label': 'wall', 'box': [105, 1, 480, 1021]}], [], [{'label': 'chair', 'box': [193, 735, 370, 1023]}, {'label': 'apple', 'box': [108, 566, 485, 711]}]]
[Debug] dropped verified goal candidate: label=desk angle=0 box=[65, 896, 606, 1023] overlaps=floor#30:0.598, box#10:0.196, sofa#75:0.101, floorlamp#32:0.083, wall#110:0.016
[Debug] max_similar_objs_list: []
[Debug] empty_position: [0]
Place 0 : {
    "Angle": 0,
    "Objects": [
        "floorlamp",
        "table",
        "floor lamp",
        "sofa"
    ]
}{
    "Angle": 270,
    "Objects": [
        "wall",
        "painting"
    ]
}Place 1 : {
    "Angle": 0,
    "Objects": [
        "box"
    ]
}{
    "Angle": 180,
    "Objects": [
        "table",
        "wall"
    ]
}{
    "Angle": 270,
    "Objects": [
        "laptop",
        "lamp",
        "counter"
    ]
}Place 3 : {
    "Angle": 0,
    "Objects": [
        "box"
    ]
}{
    "Angle": 90,
    "Objects": [
        "window"
    ]
}{
    "Angle": 180,
    "Objects": [
        "table",
        "window"
    ]
}{
    "Angle": 270,
    "Objects": [
        "table",
        "sofa"
    ]
}Place 2 : {
    "Angle": 0,
    "Objects": [
        "table",
        "counter",
        "sofa"
    ]
}{
    "Angle": 270,
    "Objects": [
        "table",
        "toaster"
    ]
}
[Debug] allowed planner objects: []
[Debug] allowed planner objects by place: {0: [], 2: []}
[Debug] bypassing planner because allowed target list is empty: {"Place": 0, "Angle": 180, "Objects": ["window"]}
{"Place": 0, "Angle": 180, "Objects": ["window"]}
[Debug] planner selected: place=0, angle=180, objects=['window']
last_key:['Place 0', 'Place 0', 'Place 2', 'Place 1']
[Debug] allowed_targets_by_place[0] candidates: [('box', 0, 10, 1.0, 'box', array([4.3102436 , 0.12692167, 4.7781076 ], dtype=float32)), ('sofa', 0, 75, 1.0, 'sofa', array([2.5741389, 0.4475542, 4.7152805], dtype=float32)), ('floorlamp', 0, 32, 0.7215485572814941, 'floorlamp', array([3.8608205 , 0.93425405, 4.837762  ], dtype=float32)), ('painting', 270, 40, 0.5707308650016785, 'painting', array([0.02087049, 1.9815652 , 2.621764  ], dtype=float32)), ('window', 180, 113, 0.5, 'window', array([5.08     , 1.4992062, 5.9699283], dtype=float32)), ('countertop', 180, 12, 0.5, 'countertop', array([0.48542398, 0.4709986 , 1.7771144 ], dtype=float32))]
[Debug] resolved target tuple: ('window', 180, 113, 0.5, 'window', array([5.08     , 1.4992062, 5.9699283], dtype=float32)) from representative place 0
[Debug] resolved source place: 3 for representative place 0
0
final_goal:desk,sub_goal:window,place:0,trajectory: chair in Place 0.doorway in Place 0.diningtable in Place 2.window in Place 0.
sub_target_id:113
target:window
final_goal:desk
final_length:11.528175354003906
[Timing] pathfinder to-subgoal elapsed=0.481s found=True
[Debug] sub-goal visible on screen: label=window ratio=0.073954 bbox=213x406
[Debug] observation rotation: angle=0 pause=0.25s
[Debug] observation rotation: angle=90 pause=0.25s
[Debug] observation rotation: angle=180 pause=0.25s
[Debug] observation rotation: angle=270 pause=0.25s
[Debug] calling detection service: position_id=big+4+5 angle=0 prompt='desk . bed . tv .'
[Debug] received detection service result: position_id=big+4+5 angle=0
[Debug] calling detection service: position_id=big+4+5 angle=90 prompt='desk . bed . nightstand .'
[Debug] received detection service result: position_id=big+4+5 angle=90
[Debug] calling detection service: position_id=big+4+5 angle=180 prompt='desk . doorway . wall .'
[Debug] received detection service result: position_id=big+4+5 angle=180
[Debug] calling detection service: position_id=big+4+5 angle=270 prompt='desk . window . building .'
[Debug] received detection service result: position_id=big+4+5 angle=270
[Debug] box_info_list_sum: [[{'label': 'bed', 'box': [692, 722, 1023, 1023]}], [{'label': 'bed', 'box': [0, 626, 343, 1023]}], [{'label': 'doorway', 'box': [907, 0, 1023, 1023]}], []]
bed
window
[Debug] max_similar_objs_list: [[('bed', 0, 2, 1.0, 'bed', array([7.403634 , 0.4550982, 7.7076   ], dtype=float32))], [('window', 180, 113, 0.7156640887260437, 'window', array([5.08     , 1.4992062, 5.9699283], dtype=float32))]]
[Debug] empty_position: []
Setting `pad_token_id` to `eos_token_id`:151645 for open-end generation.
Setting `pad_token_id` to `eos_token_id`:151645 for open-end generation.
Setting `pad_token_id` to `eos_token_id`:151645 for open-end generation.
Setting `pad_token_id` to `eos_token_id`:151645 for open-end generation.
Setting `pad_token_id` to `eos_token_id`:151645 for open-end generation.
Setting `pad_token_id` to `eos_token_id`:151645 for open-end generation.
Setting `pad_token_id` to `eos_token_id`:151645 for open-end generation.
Setting `pad_token_id` to `eos_token_id`:151645 for open-end generation.
Place 0 : {
    "Angle": 0,
    "Objects": [
        "floorlamp",
        "table",
        "floor lamp",
        "sofa"
    ]
}{
    "Angle": 270,
    "Objects": [
        "wall",
        "painting"
    ]
}Place 1 : {
    "Angle": 0,
    "Objects": [
        "box"
    ]
}{
    "Angle": 180,
    "Objects": [
        "table",
        "wall"
    ]
}{
    "Angle": 270,
    "Objects": [
        "laptop",
        "lamp",
        "counter"
    ]
}Place 3 : {
    "Angle": 0,
    "Objects": [
        "box"
    ]
}{
    "Angle": 90,
    "Objects": [
        "window"
    ]
}{
    "Angle": 270,
    "Objects": [
        "table",
        "sofa"
    ]
}Place 4 : {
    "Angle": 0,
    "Objects": [
        "bed",
        "tv"
    ]
}{
    "Angle": 90,
    "Objects": [
        "nightstand"
    ]
}{
    "Angle": 180,
    "Objects": [
        "window",
        "wall"
    ]
}{
    "Angle": 270,
    "Objects": [
        "window",
        "building"
    ]
}Place 2 : {
    "Angle": 0,
    "Objects": [
        "table",
        "counter",
        "sofa"
    ]
}{
    "Angle": 270,
    "Objects": [
        "table",
        "toaster"
    ]
}
[Debug] resolver candidates place=3: exact=2 relaxed_or_synthesized=1
[Debug] allowed planner objects: ['bed']
[Debug] allowed planner objects by place: {0: [], 2: [], 4: ['bed']}
[Debug] bypassing planner because only one target is allowed: {"Place": 4, "Angle": 0, "Objects": ["bed"]}
{"Place": 4, "Angle": 0, "Objects": ["bed"]}
[Debug] planner selected: place=4, angle=0, objects=['bed']
last_key:['Place 0', 'Place 0', 'Place 2', 'Place 1', 'Place 3']
[Debug] allowed_targets_by_place[4] candidates: [('bed', 0, 2, 1.0, 'bed', array([7.403634 , 0.4550982, 7.7076   ], dtype=float32))]
[Debug] resolved target tuple: ('bed', 0, 2, 1.0, 'bed', array([7.403634 , 0.4550982, 7.7076   ], dtype=float32)) from representative place 4
[Debug] resolved source place: 4 for representative place 4
4
final_goal:desk,sub_goal:bed,place:4,trajectory: chair in Place 0.doorway in Place 0.diningtable in Place 2.window in Place 0.bed in Place 4.
sub_target_id:2
target:bed
final_goal:desk
final_length:17.606603622436523
[Timing] pathfinder to-subgoal elapsed=0.088s found=True
[Debug] sub-goal visible on screen: label=bed ratio=0.136568 bbox=555x416
[Debug] observation rotation: angle=0 pause=0.25s
[Debug] observation rotation: angle=90 pause=0.25s
[Debug] observation rotation: angle=180 pause=0.25s
[Debug] observation rotation: angle=270 pause=0.25s
[Debug] calling detection service: position_id=big+5+6 angle=0 prompt='desk . bed . wall .'
[Debug] received detection service result: position_id=big+5+6 angle=0
[Debug] calling detection service: position_id=big+5+6 angle=90 prompt='desk . table .'
[Debug] received detection service result: position_id=big+5+6 angle=90
[Debug] calling detection service: position_id=big+5+6 angle=180 prompt='desk . doorway . trash bin .'
[Debug] received detection service result: position_id=big+5+6 angle=180
[Debug] calling detection service: position_id=big+5+6 angle=270 prompt='desk . doorway . window .'
[Debug] received detection service result: position_id=big+5+6 angle=270
[Debug] box_info_list_sum: [[{'label': 'bed', 'box': [1, 712, 1022, 1022]}], [], [{'label': 'trash bin', 'box': [539, 676, 652, 778]}], [{'label': 'doorway', 'box': [0, 324, 223, 1022]}, {'label': 'window', 'box': [245, 427, 444, 628]}]]
garbagecan
doorway
[Debug] max_similar_objs_list: [[('garbagecan', 180, 33, 0.6123936772346497, 'garbagecan', array([6.99573   , 0.25510356, 3.6557827 ], dtype=float32))], [('doorway', 270, 21, 1.0, 'doorway', array([7.124844 , 1.0376704, 5.502655 ], dtype=float32))]]
[Debug] empty_position: []
Place 0 : {
    "Angle": 0,
    "Objects": [
        "floorlamp",
        "table",
        "floor lamp",
        "sofa"
    ]
}{
    "Angle": 270,
    "Objects": [
        "wall",
        "painting"
    ]
}Place 1 : {
    "Angle": 0,
    "Objects": [
        "box"
    ]
}{
    "Angle": 180,
    "Objects": [
        "table",
        "wall"
    ]
}{
    "Angle": 270,
    "Objects": [
        "laptop",
        "lamp",
        "counter"
    ]
}Place 3 : {
    "Angle": 0,
    "Objects": [
        "box"
    ]
}{
    "Angle": 90,
    "Objects": [
        "window"
    ]
}{
    "Angle": 270,
    "Objects": [
        "table",
        "sofa"
    ]
}Place 4 : {
    "Angle": 90,
    "Objects": [
        "nightstand"
    ]
}{
    "Angle": 180,
    "Objects": [
        "window",
        "wall"
    ]
}{
    "Angle": 270,
    "Objects": [
        "window",
        "building"
    ]
}Place 5 : {
    "Angle": 90,
    "Objects": [
        "desk",
        "table"
    ]
}{
    "Angle": 180,
    "Objects": [
        "doorway",
        "garbagecan"
    ]
}{
    "Angle": 270,
    "Objects": [
        "doorway"
    ]
}Place 2 : {
    "Angle": 0,
    "Objects": [
        "table",
        "counter",
        "sofa"
    ]
}{
    "Angle": 270,
    "Objects": [
        "table",
        "toaster"
    ]
}
[Debug] resolver candidates place=3: exact=2 relaxed_or_synthesized=1
[Debug] allowed planner objects: ['doorway']
[Debug] allowed planner objects by place: {0: [], 2: [], 4: ['doorway']}
[Debug] bypassing planner because only one target is allowed: {"Place": 4, "Angle": 270, "Objects": ["doorway"]}
{"Place": 4, "Angle": 270, "Objects": ["doorway"]}
[Debug] planner selected: place=4, angle=270, objects=['doorway']
last_key:['Place 0', 'Place 0', 'Place 2', 'Place 1', 'Place 3', 'Place 4']
[Debug] allowed_targets_by_place[4] candidates: [('doorway', 270, 21, 1.0, 'doorway', array([7.124844 , 1.0376704, 5.502655 ], dtype=float32)), ('garbagecan', 180, 33, 0.6123936772346497, 'garbagecan', array([6.99573   , 0.25510356, 3.6557827 ], dtype=float32))]
[Debug] resolved target tuple: ('doorway', 270, 21, 1.0, 'doorway', array([7.124844 , 1.0376704, 5.502655 ], dtype=float32)) from representative place 4
[Debug] resolved source place: 5 for representative place 4
4
final_goal:desk,sub_goal:doorway,place:4,trajectory: chair in Place 0.doorway in Place 0.diningtable in Place 2.window in Place 0.bed in Place 4.
sub_target_id:21
target:doorway
final_goal:desk
final_length:20.124370574951172
[Timing] pathfinder to-subgoal elapsed=0.055s found=True
[Debug] sub-goal visible on screen: label=doorway ratio=0.173794 bbox=682x764
Agent is within 1m of the target. Stopping.
[Debug] observation rotation: angle=0 pause=0.25s
[Debug] observation rotation: angle=90 pause=0.25s
[Debug] observation rotation: angle=180 pause=0.25s
[Debug] observation rotation: angle=270 pause=0.25s
[Debug] calling detection service: position_id=big+6+7 angle=0 prompt='desk . bed . pillow . floor lamp .'
[Debug] received detection service result: position_id=big+6+7 angle=0
[Debug] calling detection service: position_id=big+6+7 angle=90 prompt='desk . doorway . toilet .'
[Debug] received detection service result: position_id=big+6+7 angle=90
[Debug] calling detection service: position_id=big+6+7 angle=180 prompt='desk . trash can . picture frame .'
[Debug] received detection service result: position_id=big+6+7 angle=180
[Debug] calling detection service: position_id=big+6+7 angle=270 prompt='desk . doorway . lock .'
[Debug] received detection service result: position_id=big+6+7 angle=270
[Debug] box_info_list_sum: [[{'label': 'bed', 'box': [306, 629, 1023, 1022]}, {'label': 'pillow', 'box': [630, 702, 755, 791]}, {'label': 'floor lamp', 'box': [179, 623, 211, 807]}], [{'label': 'doorway', 'box': [308, 294, 764, 1022]}], [{'label': 'picture frame', 'box': [386, 322, 908, 607]}], []]
pillow
wall
painting
[Debug] max_similar_objs_list: [[('pillow', 0, 49, 1.0, 'pillow', array([7.6513114, 0.6189833, 7.7015796], dtype=float32))], [('wall', 0, 87, 0.4955887794494629, 'wall', array([4.233    , 2.0083504, 4.233    ], dtype=float32))], [('painting', 180, 43, 0.5644656419754028, 'painting', array([5.705678 , 1.5095274, 3.4041097], dtype=float32))]]
[Debug] empty_position: []
Setting `pad_token_id` to `eos_token_id`:151645 for open-end generation.
/home/min/test/EfficientNav/efficientnav.py:2636: RuntimeWarning: invalid value encountered in divide
  direction_to_next /= np.linalg.norm(direction_to_next)
Setting `pad_token_id` to `eos_token_id`:151645 for open-end generation.
Setting `pad_token_id` to `eos_token_id`:151645 for open-end generation.
Setting `pad_token_id` to `eos_token_id`:151645 for open-end generation.
Setting `pad_token_id` to `eos_token_id`:151645 for open-end generation.
Place 0 : {
    "Angle": 0,
    "Objects": [
        "floorlamp",
        "table",
        "floor lamp",
        "sofa"
    ]
}{
    "Angle": 270,
    "Objects": [
        "wall",
        "painting"
    ]
}Place 1 : {
    "Angle": 0,
    "Objects": [
        "box"
    ]
}{
    "Angle": 180,
    "Objects": [
        "table",
        "wall"
    ]
}{
    "Angle": 270,
    "Objects": [
        "laptop",
        "lamp",
        "counter"
    ]
}Place 3 : {
    "Angle": 0,
    "Objects": [
        "box"
    ]
}{
    "Angle": 90,
    "Objects": [
        "window"
    ]
}{
    "Angle": 270,
    "Objects": [
        "table",
        "sofa"
    ]
}Place 4 : {
    "Angle": 90,
    "Objects": [
        "nightstand"
    ]
}{
    "Angle": 180,
    "Objects": [
        "window",
        "wall"
    ]
}{
    "Angle": 270,
    "Objects": [
        "window",
        "building"
    ]
}Place 5 : {
    "Angle": 90,
    "Objects": [
        "desk",
        "table"
    ]
}{
    "Angle": 180,
    "Objects": [
        "doorway",
        "garbagecan"
    ]
}Place 6 : {
    "Angle": 0,
    "Objects": [
        "picture frame",
        "wall",
        "pillow"
    ]
}{
    "Angle": 90,
    "Objects": [
        "toilet"
    ]
}{
    "Angle": 180,
    "Objects": [
        "trash can",
        "painting"
    ]
}{
    "Angle": 270,
    "Objects": [
        "doorway",
        "lock"
    ]
}Place 2 : {
    "Angle": 0,
    "Objects": [
        "table",
        "counter",
        "sofa"
    ]
}{
    "Angle": 270,
    "Objects": [
        "table",
        "toaster"
    ]
}
[Debug] resolver candidates place=3: exact=2 relaxed_or_synthesized=1
[Debug] allowed planner objects: ['painting', 'pillow']
[Debug] allowed planner objects by place: {0: [], 2: [], 4: [], 6: ['pillow', 'painting']}
The above is a description of different places in different angles in the environment.Your can get to any place described in the json data. Your goal is to find the desk. Based on the above json data, please choose one specific object to travel to as your target. If your goal is already in the description, please choose it as the target. You must choose an object only from this allowed list: painting, pillow. Do not output any object name that is not in the allowed list. Valid choosable objects by place are: Place 6: pillow, painting. The Objects field must contain exactly one object from the chosen place list.Note that you can travel to door or door frame to other spaces if there are no clear evidence to choose the target.  Return exactly one JSON object by referring to the following template.
            {"Place": x, "Angle": x, "Objects": ["xxxx"] }
            If your goal is already in the description, please choose it as the target. You should not output any explanation, markdown, prose, examples, or extra text before or after the JSON. Note that your should choose only one object in one angle of one place in the json data as the target.
{"Place": "desk", "Angle": 270, "Objects": ["desk"]}
[Timing] planning mode=no-kv elapsed=1.563s
{"Place": 6, "Angle": 270, "Objects": ["pillow"]}
[Debug] planner selected: place=6, angle=270, objects=['pillow']
last_key:['Place 0', 'Place 0', 'Place 2', 'Place 1', 'Place 3', 'Place 4', 'Place 5']
[Debug] allowed_targets_by_place[6] candidates: [('pillow', 0, 49, 1.0, 'pillow', array([7.6513114, 0.6189833, 7.7015796], dtype=float32)), ('painting', 180, 43, 0.5644656419754028, 'painting', array([5.705678 , 1.5095274, 3.4041097], dtype=float32))]
[Debug] resolved target tuple: ('pillow', 0, 49, 1.0, 'pillow', array([7.6513114, 0.6189833, 7.7015796], dtype=float32)) from representative place 6
[Debug] resolved source place: 6 for representative place 6
6
final_goal:desk,sub_goal:pillow,place:6,trajectory: chair in Place 0.doorway in Place 0.diningtable in Place 2.window in Place 0.bed in Place 4.pillow in Place 6.
sub_target_id:49
target:pillow
final_goal:desk
final_length:21.68503189086914
[Timing] pathfinder to-subgoal elapsed=0.112s found=True
[Debug] sub-goal visible on screen: label=pillow ratio=0.009391 bbox=153x102
[Debug] observation rotation: angle=0 pause=0.25s
[Debug] observation rotation: angle=90 pause=0.25s
[Debug] observation rotation: angle=180 pause=0.25s
[Debug] observation rotation: angle=270 pause=0.25s
[Debug] calling detection service: position_id=big+7+8 angle=0 prompt='desk . bed . snow .'
[Debug] received detection service result: position_id=big+7+8 angle=0
[Debug] calling detection service: position_id=big+7+8 angle=90 prompt='desk . tv .'
[Debug] received detection service result: position_id=big+7+8 angle=90
[Debug] calling detection service: position_id=big+7+8 angle=180 prompt='desk . table . doorway . trash bin .'
[Debug] received detection service result: position_id=big+7+8 angle=180
[Debug] calling detection service: position_id=big+7+8 angle=270 prompt='desk . bed . picture . window .'
[Debug] received detection service result: position_id=big+7+8 angle=270
[Debug] box_info_list_sum: [[{'label': 'bed', 'box': [0, 712, 987, 1022]}], [{'label': 'tv', 'box': [973, 333, 1023, 576]}], [{'label': 'trash bin', 'box': [579, 676, 695, 778]}], [{'label': 'picture', 'box': [639, 553, 808, 661]}, {'label': 'window', 'box': [270, 436, 449, 615]}, {'label': 'bed', 'box': [593, 904, 1023, 1023]}]]
tv
painting
[Debug] max_similar_objs_list: [[('tv', 90, 77, 1.0, 'tv', array([8.901158 , 1.7504671, 5.123454 ], dtype=float32))], [('painting', 270, 44, 0.7150622606277466, 'painting', array([5.1008706, 1.0822734, 7.84844  ], dtype=float32))]]
[Debug] empty_position: []
Place 0 : {
    "Angle": 0,
    "Objects": [
        "floorlamp",
        "table",
        "floor lamp",
        "sofa"
    ]
}{
    "Angle": 270,
    "Objects": [
        "wall",
        "painting"
    ]
}Place 1 : {
    "Angle": 0,
    "Objects": [
        "box"
    ]
}{
    "Angle": 180,
    "Objects": [
        "table",
        "wall"
    ]
}{
    "Angle": 270,
    "Objects": [
        "laptop",
        "lamp",
        "counter"
    ]
}Place 3 : {
    "Angle": 0,
    "Objects": [
        "box"
    ]
}{
    "Angle": 90,
    "Objects": [
        "window"
    ]
}{
    "Angle": 270,
    "Objects": [
        "table",
        "sofa"
    ]
}Place 4 : {
    "Angle": 90,
    "Objects": [
        "nightstand"
    ]
}{
    "Angle": 180,
    "Objects": [
        "window",
        "wall"
    ]
}{
    "Angle": 270,
    "Objects": [
        "window",
        "building"
    ]
}Place 5 : {
    "Angle": 90,
    "Objects": [
        "desk",
        "table"
    ]
}{
    "Angle": 180,
    "Objects": [
        "doorway",
        "garbagecan"
    ]
}Place 6 : {
    "Angle": 90,
    "Objects": [
        "toilet"
    ]
}{
    "Angle": 180,
    "Objects": [
        "trash can",
        "painting"
    ]
}{
    "Angle": 270,
    "Objects": [
        "doorway",
        "lock"
    ]
}Place 7 : {
    "Angle": 0,
    "Objects": [
        "snow"
    ]
}{
    "Angle": 90,
    "Objects": [
        "desk",
        "tv"
    ]
}{
    "Angle": 180,
    "Objects": [
        "doorway",
        "table",
        "broom"
    ]
}{
    "Angle": 270,
    "Objects": [
        "painting"
    ]
}Place 2 : {
    "Angle": 0,
    "Objects": [
        "table",
        "counter",
        "sofa"
    ]
}{
    "Angle": 270,
    "Objects": [
        "table",
        "toaster"
    ]
}
[Debug] resolver candidates place=3: exact=2 relaxed_or_synthesized=1
[Debug] allowed planner objects: []
[Debug] allowed planner objects by place: {0: [], 2: [], 4: [], 6: []}
[Debug] resolver candidates place=3: exact=2 relaxed_or_synthesized=1
[Debug] no allowed planner objects and no deterministic fallback; stopping episode
[Timing] episode elapsed=157.485s sr=0 spl=0.0000 final_length=23.3492
[Timing] val_auto episode total elapsed=157.485s goal=desk sr=0 spl=0.0000 completed_eval_episodes=3/10
[Debug] selectable goal names count=31 sample=['apple', 'butterknife', 'cellphone', 'chair', 'countertop', 'cup', 'diningtable', 'doorway', 'egg', 'floor']
[Debug] requested EFFICIENTNAV_TARGET_OBJECT='desk' not found in current house; skipping house
[Debug] skipping house because no target object could be selected
Setting `pad_token_id` to `eos_token_id`:151645 for open-end generation.
Setting `pad_token_id` to `eos_token_id`:151645 for open-end generation.
Setting `pad_token_id` to `eos_token_id`:151645 for open-end generation.
Setting `pad_token_id` to `eos_token_id`:151645 for open-end generation.
Setting `pad_token_id` to `eos_token_id`:151645 for open-end generation.
Setting `pad_token_id` to `eos_token_id`:151645 for open-end generation.
Setting `pad_token_id` to `eos_token_id`:151645 for open-end generation.
Setting `pad_token_id` to `eos_token_id`:151645 for open-end generation.
Setting `pad_token_id` to `eos_token_id`:151645 for open-end generation.
[Debug] selectable goal names count=54 sample=['alarmclock', 'apple', 'baseballbat', 'basketball', 'bed', 'book', 'bowl', 'box', 'bread', 'butterknife']
[Debug] using requested target object=desk
[Debug] reachable_positions=581 candidate_objects_for_desk=1
[Debug] starting independent environment episode=1/1
[Debug] experiment setup: seed=7 goal_instance_index=random start_index=random start_rotation=270.0 start_point=(6.750, 0.901, 2.250)
[Timing] pathfinder goal-distance elapsed=0.399s found=True
real_distance:3.474873734152917
[Debug] observation rotation: angle=0 pause=0.25s
[Debug] observation rotation: angle=90 pause=0.25s
[Debug] observation rotation: angle=180 pause=0.25s
[Debug] observation rotation: angle=270 pause=0.25s
[Debug] calling detection service: position_id=big+0+0 angle=0 prompt='desk . table . chair . tv .'
[Debug] received detection service result: position_id=big+0+0 angle=0
[Debug] calling detection service: position_id=big+0+0 angle=90 prompt='desk . window . wall .'
[Debug] received detection service result: position_id=big+0+0 angle=90
[Debug] calling detection service: position_id=big+0+0 angle=180 prompt='desk . doorway . brown block .'
[Debug] received detection service result: position_id=big+0+0 angle=180
[Debug] calling detection service: position_id=big+0+0 angle=270 prompt='desk . table . chair .'
[Debug] received detection service result: position_id=big+0+0 angle=270
[Debug] box_info_list_sum: [[{'label': 'chair', 'box': [0, 752, 149, 1023]}, {'label': 'tv', 'box': [628, 556, 666, 628]}], [{'label': 'window', 'box': [237, 395, 512, 670]}, {'label': 'desk', 'box': [0, 746, 199, 1004]}, {'label': 'wall', 'box': [548, 0, 1022, 973]}], [{'label': 'brown block', 'box': [59, 843, 210, 942]}, {'label': 'desk', 'box': [0, 868, 621, 1023]}], [{'label': 'chair', 'box': [896, 832, 1023, 1023]}]]
chair
tv
window
[Debug] dropped verified goal candidate: label=desk angle=90 box=[0, 746, 199, 1004] overlaps=wall#92:0.448, diningtable#25:0.438, floor#36:0.114
floor
wall
box
[Debug] dropped verified goal candidate: label=desk angle=180 box=[0, 868, 621, 1023] overlaps=floor#37:0.827, box#10:0.097, wall#87:0.052, wall#86:0.012, doorway#27:0.012
[Debug] max_similar_objs_list: [[('chair', 0, 18, 1.0, 'chair', array([5.360173 , 0.4160972, 3.731972 ], dtype=float32))], [('tv', 0, 76, 1.0, 'tv', array([8.222912 , 0.7234955, 7.8260574], dtype=float32))], [('window', 90, 108, 1.0, 'window', array([8.506    , 1.4992062, 2.7094953], dtype=float32))], [('floor', 90, 36, 0.6499540209770203, 'floor', array([4.253, 0.   , 4.253], dtype=float32))], [('wall', 90, 87, 1.0, 'wall', array([4.252999 , 1.7572463, 1.0629996], dtype=float32))], [('box', 180, 10, 0.6283895373344421, 'box', array([8.204102  , 0.09551702, 0.2497543 ], dtype=float32))]]
[Debug] empty_position: []
Place 0 : {
    "Angle": 0,
    "Objects": [
        "chair",
        "lamp",
        "table",
        "tv"
    ]
}{
    "Angle": 90,
    "Objects": [
        "wall",
        "window"
    ]
}{
    "Angle": 180,
    "Objects": [
        "doorway",
        "box"
    ]
}{
    "Angle": 270,
    "Objects": [
        "table"
    ]
}
[Debug] allowed planner objects: ['window', 'chair', 'box', 'tv']
[Debug] allowed planner objects by place: {0: ['window', 'chair', 'tv', 'box']}
The above is a description of different places in different angles in the environment.Your can get to any place described in the json data. Your goal is to find the desk. Based on the above json data, please choose one specific object to travel to as your target. If your goal is already in the description, please choose it as the target. You must choose an object only from this allowed list: window, chair, box, tv. Do not output any object name that is not in the allowed list. Valid choosable objects by place are: Place 0: window, chair, tv, box. The Objects field must contain exactly one object from the chosen place list.Note that you can travel to door or door frame to other spaces if there are no clear evidence to choose the target.  Return exactly one JSON object by referring to the following template.
            {"Place": x, "Angle": x, "Objects": ["xxxx"] }
            If your goal is already in the description, please choose it as the target. You should not output any explanation, markdown, prose, examples, or extra text before or after the JSON. Note that your should choose only one object in one angle of one place in the json data as the target.
{"Place": "tv", "Angle": 0, "Objects": ["tv"]}
[Timing] planning mode=no-kv elapsed=1.522s
{"Place": 0, "Angle": 0, "Objects": ["tv"]}
[Debug] planner selected: place=0, angle=0, objects=['tv']
last_key:[]
[Debug] allowed_targets_by_place[0] candidates: [('window', 90, 108, 1.0, 'window', array([8.506    , 1.4992062, 2.7094953], dtype=float32)), ('chair', 0, 18, 1.0, 'chair', array([5.360173 , 0.4160972, 3.731972 ], dtype=float32)), ('tv', 0, 76, 1.0, 'tv', array([8.222912 , 0.7234955, 7.8260574], dtype=float32)), ('box', 180, 10, 0.6283895373344421, 'box', array([8.204102  , 0.09551702, 0.2497543 ], dtype=float32))]
[Debug] resolved target tuple: ('tv', 0, 76, 1.0, 'tv', array([8.222912 , 0.7234955, 7.8260574], dtype=float32)) from representative place 0
[Debug] resolved source place: 0 for representative place 0
0
final_goal:desk,sub_goal:tv,place:0,trajectory: tv in Place 0.
sub_target_id:76
target:tv
final_goal:desk
final_length:0
[Timing] pathfinder to-subgoal elapsed=0.958s found=True
[Debug] sub-goal visible on screen: label=tv ratio=0.003267 bbox=48x84
[Debug] observation rotation: angle=0 pause=0.25s
[Debug] observation rotation: angle=90 pause=0.25s
[Debug] observation rotation: angle=180 pause=0.25s
[Debug] observation rotation: angle=270 pause=0.25s
[Debug] calling detection service: position_id=big+1+1 angle=0 prompt='desk . picture frame . wall .'
[Debug] received detection service result: position_id=big+1+1 angle=0
[Debug] calling detection service: position_id=big+1+1 angle=90 prompt='desk . tile .'
[Debug] received detection service result: position_id=big+1+1 angle=90
[Debug] calling detection service: position_id=big+1+1 angle=180 prompt='desk . table . chair . lamp .'
[Debug] received detection service result: position_id=big+1+1 angle=180
[Debug] calling detection service: position_id=big+1+1 angle=270 prompt='desk . doorway . window .'
[Debug] received detection service result: position_id=big+1+1 angle=270
[Debug] box_info_list_sum: [[{'label': 'wall', 'box': [1, 1, 1023, 1021]}, {'label': 'picture frame', 'box': [0, 591, 128, 1016]}], [{'label': 'tile', 'box': [0, 0, 1023, 1022]}], [{'label': 'chair', 'box': [773, 605, 871, 723]}, {'label': 'lamp', 'box': [472, 554, 512, 656]}], [{'label': 'window', 'box': [148, 454, 590, 590]}, {'label': 'doorway', 'box': [615, 306, 792, 1022]}, {'label': 'desk', 'box': [0, 626, 50, 752]}]]
wall
painting
wall
wall
window
doorway
[Debug] dropped verified goal candidate: label=desk angle=270 box=[0, 626, 50, 752] overlaps=floor#34:0.495, diningtable#26:0.404, fridge#39:0.068, wall#84:0.033
floor
[Debug] max_similar_objs_list: [[('wall', 0, 88, 1.0, 'wall', array([4.253    , 1.7572463, 4.253    ], dtype=float32))], [('painting', 0, 55, 0.5644656419754028, 'painting', array([6.780992 , 1.1564078, 8.48465  ], dtype=float32))], [('wall', 90, 92, 0.6691679954528809, 'wall', array([4.252999 , 1.7572463, 4.253    ], dtype=float32))], [('wall', 180, 86, 0.579981803894043, 'wall', array([4.253    , 1.7572463, 0.       ], dtype=float32))], [('window', 270, 106, 1.0, 'window', array([4.2530003, 1.4992814, 7.7948856], dtype=float32))], [('doorway', 270, 28, 1.0, 'doorway', array([5.370635 , 1.0651137, 8.506    ], dtype=float32))], [('floor', 270, 34, 0.6499540209770203, 'floor', array([3.1895, 0.    , 4.253 ], dtype=float32))]]
[Debug] empty_position: []
Setting `pad_token_id` to `eos_token_id`:151645 for open-end generation.
Setting `pad_token_id` to `eos_token_id`:151645 for open-end generation.
Setting `pad_token_id` to `eos_token_id`:151645 for open-end generation.
Setting `pad_token_id` to `eos_token_id`:151645 for open-end generation.
Setting `pad_token_id` to `eos_token_id`:151645 for open-end generation.
Setting `pad_token_id` to `eos_token_id`:151645 for open-end generation.
Setting `pad_token_id` to `eos_token_id`:151645 for open-end generation.
Setting `pad_token_id` to `eos_token_id`:151645 for open-end generation.
Place 0 : {
    "Angle": 90,
    "Objects": [
        "wall",
        "window"
    ]
}{
    "Angle": 180,
    "Objects": [
        "doorway",
        "box"
    ]
}{
    "Angle": 270,
    "Objects": [
        "table"
    ]
}Place 1 : {
    "Angle": 0,
    "Objects": [
        "wall",
        "painting"
    ]
}{
    "Angle": 180,
    "Objects": [
        "wall",
        "table",
        "sofa"
    ]
}{
    "Angle": 270,
    "Objects": [
        "doorway",
        "window"
    ]
}
[Debug] resolver candidates place=0: exact=2 relaxed_or_synthesized=1
[Debug] allowed planner objects: ['doorway']
[Debug] allowed planner objects by place: {0: ['doorway']}
[Debug] bypassing planner because only one target is allowed: {"Place": 0, "Angle": 270, "Objects": ["doorway"]}
{"Place": 0, "Angle": 270, "Objects": ["doorway"]}
[Debug] planner selected: place=0, angle=270, objects=['doorway']
last_key:['Place 0']
[Debug] allowed_targets_by_place[0] candidates: [('doorway', 270, 28, 1.0, 'doorway', array([5.370635 , 1.0651137, 8.506    ], dtype=float32)), ('window', 90, 108, 1.0, 'window', array([8.506    , 1.4992062, 2.7094953], dtype=float32)), ('window', 270, 106, 1.0, 'window', array([4.2530003, 1.4992814, 7.7948856], dtype=float32)), ('box', 180, 10, 0.6283895373344421, 'box', array([8.204102  , 0.09551702, 0.2497543 ], dtype=float32)), ('painting', 0, 55, 0.5644656419754028, 'painting', array([6.780992 , 1.1564078, 8.48465  ], dtype=float32)), ('chair', 0, 18, 1.0, 'chair', array([5.360173 , 0.4160972, 3.731972 ], dtype=float32))]
[Debug] resolved target tuple: ('doorway', 270, 28, 1.0, 'doorway', array([5.370635 , 1.0651137, 8.506    ], dtype=float32)) from representative place 0
[Debug] resolved source place: 1 for representative place 0
0
final_goal:desk,sub_goal:doorway,place:0,trajectory: tv in Place 0.doorway in Place 0.
sub_target_id:28
target:doorway
final_goal:desk
final_length:5.914214611053467
[Timing] pathfinder to-subgoal elapsed=0.452s found=True
[Debug] sub-goal visible on screen: label=doorway ratio=0.075959 bbox=147x631
[Debug] observation rotation: angle=0 pause=0.25s
[Debug] observation rotation: angle=90 pause=0.25s
[Debug] observation rotation: angle=180 pause=0.25s
[Debug] observation rotation: angle=270 pause=0.25s
[Debug] get_observation skip angle=0 reason=depth
[Debug] calling detection service: position_id=big+2+2 angle=90 prompt='desk . tv . sofa .'
[Debug] received detection service result: position_id=big+2+2 angle=90
[Debug] calling detection service: position_id=big+2+2 angle=180 prompt='desk . furniture . chair . lamp .'
[Debug] received detection service result: position_id=big+2+2 angle=180
[Debug] calling detection service: position_id=big+2+2 angle=270 prompt='desk . window . building .'
[Debug] received detection service result: position_id=big+2+2 angle=270
[Debug] box_info_list_sum: [[{'label': 'sofa', 'box': [687, 637, 1023, 806]}, {'label': 'tv', 'box': [475, 595, 685, 708]}, {'label': 'desk', 'box': [476, 699, 691, 782]}], [{'label': 'chair', 'box': [441, 595, 502, 698]}, {'label': 'desk', 'box': [0, 586, 614, 761]}, {'label': 'lamp', 'box': [59, 548, 102, 633]}], []]
sofa
[Debug] dropped verified goal candidate: label=desk angle=90 box=[476, 699, 691, 782] overlaps=tv#79:0.909, tv#76:0.035, floor#36:0.028, remotecontrol#69:0.013, wall#92:0.009
tv
[Debug] dropped verified goal candidate: label=desk angle=180 box=[0, 586, 614, 761] overlaps=floor#34:0.265, floor#36:0.261, wall#92:0.129, diningtable#25:0.091, diningtable#26:0.054
[Debug] max_similar_objs_list: [[('sofa', 90, 72, 1.0, 'sofa', array([8.081959  , 0.36126214, 6.2046223 ], dtype=float32))], [('tv', 90, 79, 0.6451568603515625, 'tv', array([8.222913  , 0.19924782, 7.8260574 ], dtype=float32))]]
[Debug] empty_position: []
Place 0 : {
    "Angle": 90,
    "Objects": [
        "wall",
        "window"
    ]
}{
    "Angle": 180,
    "Objects": [
        "doorway",
        "box"
    ]
}{
    "Angle": 270,
    "Objects": [
        "table"
    ]
}Place 1 : {
    "Angle": 0,
    "Objects": [
        "wall",
        "painting"
    ]
}{
    "Angle": 180,
    "Objects": [
        "wall",
        "table",
        "sofa"
    ]
}Place 2 : {
    "Angle": 90,
    "Objects": [
        "sofa"
    ]
}{
    "Angle": 180,
    "Objects": [
        "furniture"
    ]
}{
    "Angle": 270,
    "Objects": [
        "window",
        "building"
    ]
}
[Debug] resolver candidates place=0: exact=2 relaxed_or_synthesized=1
[Debug] resolver candidates place=1: exact=1 relaxed_or_synthesized=1
[Debug] allowed planner objects: []
[Debug] allowed planner objects by place: {0: []}
[Debug] resolver candidates place=0: exact=2 relaxed_or_synthesized=1
[Debug] resolver candidates place=1: exact=1 relaxed_or_synthesized=1
[Debug] bypassing planner because allowed target list is empty: {"Place": 0, "Angle": 90, "Objects": ["window"]}
{"Place": 0, "Angle": 90, "Objects": ["window"]}
[Debug] planner selected: place=0, angle=90, objects=['window']
last_key:['Place 0', 'Place 1']
[Debug] allowed_targets_by_place[0] candidates: [('window', 90, 108, 1.0, 'window', array([8.506    , 1.4992062, 2.7094953], dtype=float32)), ('sofa', 90, 72, 1.0, 'sofa', array([8.081959  , 0.36126214, 6.2046223 ], dtype=float32)), ('box', 180, 10, 0.6283895373344421, 'box', array([8.204102  , 0.09551702, 0.2497543 ], dtype=float32)), ('painting', 0, 55, 0.5644656419754028, 'painting', array([6.780992 , 1.1564078, 8.48465  ], dtype=float32)), ('window', 270, 106, 1.0, 'window', array([4.2530003, 1.4992814, 7.7948856], dtype=float32)), ('chair', 0, 18, 1.0, 'chair', array([5.360173 , 0.4160972, 3.731972 ], dtype=float32))]
[Debug] resolved target tuple: ('window', 90, 108, 1.0, 'window', array([8.506    , 1.4992062, 2.7094953], dtype=float32)) from representative place 0
[Debug] resolved source place: 0 for representative place 0
0
final_goal:desk,sub_goal:window,place:0,trajectory: tv in Place 0.doorway in Place 0.window in Place 0.
sub_target_id:108
target:window
final_goal:desk
final_length:9.699748039245605
[Timing] pathfinder to-subgoal elapsed=0.238s found=True
[Debug] sub-goal visible on screen: label=window ratio=0.078040 bbox=256x386
[Debug] observation rotation: angle=0 pause=0.25s
[Debug] observation rotation: angle=90 pause=0.25s
[Debug] observation rotation: angle=180 pause=0.25s
[Debug] observation rotation: angle=270 pause=0.25s
[Debug] calling detection service: position_id=big+3+3 angle=0 prompt='desk . chair . lamp . floor .'
[Debug] received detection service result: position_id=big+3+3 angle=0
[Debug] calling detection service: position_id=big+3+3 angle=90 prompt='desk . window . building . potted plant .'
[Debug] received detection service result: position_id=big+3+3 angle=90
[Debug] calling detection service: position_id=big+3+3 angle=180 prompt='desk . doorway . picture . floor .'
[Debug] received detection service result: position_id=big+3+3 angle=180
[Debug] calling detection service: position_id=big+3+3 angle=270 prompt='desk . table . chair .'
[Debug] received detection service result: position_id=big+3+3 angle=270
[Debug] box_info_list_sum: [[{'label': 'lamp', 'box': [388, 569, 443, 712]}, {'label': 'floor', 'box': [0, 652, 654, 1023]}, {'label': 'chair', 'box': [437, 615, 556, 689]}], [{'label': 'potted plant', 'box': [891, 608, 1023, 948]}], [{'label': 'picture', 'box': [961, 386, 1023, 508]}, {'label': 'floor', 'box': [484, 803, 1023, 1023]}, {'label': 'doorway', 'box': [350, 3, 1023, 1023]}], [{'label': 'chair', 'box': [625, 653, 741, 812]}]]
desklamp
painting
floor
doorway
[Debug] max_similar_objs_list: [[('desklamp', 0, 23, 0.7352255582809448, 'desklamp', array([7.8579335, 1.0537732, 4.852462 ], dtype=float32))], [('painting', 180, 54, 0.7150622606277466, 'painting', array([5.373575  , 1.9167911 , 0.02087049], dtype=float32))], [('floor', 180, 37, 1.0, 'floor', array([4.253, 0.   , 1.063], dtype=float32))], [('doorway', 180, 27, 1.0, 'doorway', array([7.4347634, 1.0651137, 1.6985065], dtype=float32))]]
[Debug] empty_position: []
/home/min/test/EfficientNav/efficientnav.py:2118: RuntimeWarning: More than 20 figures have been opened. Figures created through the pyplot interface (`matplotlib.pyplot.figure`) are retained until explicitly closed and may consume too much memory. (To control this warning, see the rcParam `figure.max_open_warning`). Consider using `matplotlib.pyplot.close()`.
  fig, axes = plt.subplots(ceil(360 / 90 / images_per_row), images_per_row, figsize=(15, 15))
Setting `pad_token_id` to `eos_token_id`:151645 for open-end generation.
Setting `pad_token_id` to `eos_token_id`:151645 for open-end generation.
Setting `pad_token_id` to `eos_token_id`:151645 for open-end generation.
Setting `pad_token_id` to `eos_token_id`:151645 for open-end generation.
Setting `pad_token_id` to `eos_token_id`:151645 for open-end generation.
Setting `pad_token_id` to `eos_token_id`:151645 for open-end generation.
Setting `pad_token_id` to `eos_token_id`:151645 for open-end generation.
Setting `pad_token_id` to `eos_token_id`:151645 for open-end generation.
Place 0 : {
    "Angle": 180,
    "Objects": [
        "doorway",
        "box"
    ]
}{
    "Angle": 270,
    "Objects": [
        "table"
    ]
}Place 1 : {
    "Angle": 0,
    "Objects": [
        "wall",
        "painting"
    ]
}{
    "Angle": 180,
    "Objects": [
        "wall",
        "table",
        "sofa"
    ]
}Place 2 : {
    "Angle": 90,
    "Objects": [
        "sofa"
    ]
}{
    "Angle": 180,
    "Objects": [
        "furniture"
    ]
}{
    "Angle": 270,
    "Objects": [
        "window",
        "building"
    ]
}Place 3 : {
    "Angle": 0,
    "Objects": [
        "wall",
        "desklamp"
    ]
}{
    "Angle": 90,
    "Objects": [
        "window",
        "building"
    ]
}{
    "Angle": 180,
    "Objects": [
        "doorway",
        "wall",
        "painting",
        "floor"
    ]
}{
    "Angle": 270,
    "Objects": [
        "table"
    ]
}
[Debug] resolver candidates place=0: exact=1 relaxed_or_synthesized=1
[Debug] resolver candidates place=1: exact=1 relaxed_or_synthesized=1
[Debug] allowed planner objects: ['doorway']
[Debug] allowed planner objects by place: {0: ['doorway']}
[Debug] bypassing planner because only one target is allowed: {"Place": 0, "Angle": 180, "Objects": ["doorway"]}
{"Place": 0, "Angle": 180, "Objects": ["doorway"]}
[Debug] planner selected: place=0, angle=180, objects=['doorway']
last_key:['Place 0', 'Place 1', 'Place 0']
[Debug] allowed_targets_by_place[0] candidates: [('doorway', 180, 27, 1.0, 'doorway', array([7.4347634, 1.0651137, 1.6985065], dtype=float32)), ('sofa', 90, 72, 1.0, 'sofa', array([8.081959  , 0.36126214, 6.2046223 ], dtype=float32)), ('desklamp', 0, 23, 0.7352255582809448, 'desklamp', array([7.8579335, 1.0537732, 4.852462 ], dtype=float32)), ('painting', 180, 54, 0.7150622606277466, 'painting', array([5.373575  , 1.9167911 , 0.02087049], dtype=float32)), ('box', 180, 10, 0.6283895373344421, 'box', array([8.204102  , 0.09551702, 0.2497543 ], dtype=float32)), ('painting', 0, 55, 0.5644656419754028, 'painting', array([6.780992 , 1.1564078, 8.48465  ], dtype=float32)), ('window', 270, 106, 1.0, 'window', array([4.2530003, 1.4992814, 7.7948856], dtype=float32)), ('chair', 0, 18, 1.0, 'chair', array([5.360173 , 0.4160972, 3.731972 ], dtype=float32))]
[Debug] resolved target tuple: ('doorway', 180, 27, 1.0, 'doorway', array([7.4347634, 1.0651137, 1.6985065], dtype=float32)) from representative place 0
[Debug] resolved source place: 3 for representative place 0
0
final_goal:desk,sub_goal:doorway,place:0,trajectory: tv in Place 0.doorway in Place 0.window in Place 0.
sub_target_id:27
target:doorway
final_goal:desk
final_length:11.821067810058594
[Timing] pathfinder to-subgoal elapsed=0.053s found=True
[Debug] sub-goal visible on screen: label=doorway ratio=0.220826 bbox=548x1024
Agent is within 1m of the target. Stopping.
[Debug] observation rotation: angle=0 pause=0.25s
[Debug] observation rotation: angle=90 pause=0.25s
[Debug] observation rotation: angle=180 pause=0.25s
[Debug] observation rotation: angle=270 pause=0.25s
[Debug] calling detection service: position_id=big+4+4 angle=0 prompt='desk . doorway . window . lamp .'
[Debug] received detection service result: position_id=big+4+4 angle=0
[Debug] calling detection service: position_id=big+4+4 angle=90 prompt='desk . doorway . window .'
[Debug] received detection service result: position_id=big+4+4 angle=90
[Debug] calling detection service: position_id=big+4+4 angle=180 prompt='desk . box . window . floor .'
[Debug] received detection service result: position_id=big+4+4 angle=180
[Debug] calling detection service: position_id=big+4+4 angle=270 prompt='desk . table . chair .'
[Debug] received detection service result: position_id=big+4+4 angle=270
[Debug] box_info_list_sum: [[{'label': 'window', 'box': [199, 309, 1023, 794]}, {'label': 'doorway', 'box': [263, 466, 423, 637]}, {'label': 'desk', 'box': [0, 643, 894, 1023]}, {'label': 'lamp', 'box': [555, 554, 596, 658]}], [{'label': 'window', 'box': [0, 307, 382, 794]}], [{'label': 'window', 'box': [0, 320, 151, 797]}, {'label': 'box', 'box': [228, 889, 374, 1007]}], [{'label': 'chair', 'box': [827, 709, 1022, 930]}]]
[Debug] dropped verified goal candidate: label=desk angle=0 box=[0, 643, 894, 1023] overlaps=floor#36:0.385, floor#34:0.275, diningtable#25:0.186, wall#92:0.108, wall#82:0.015
window
[Debug] max_similar_objs_list: [[('window', 180, 104, 1.0, 'window', array([8.506    , 1.5000001, 1.3746126], dtype=float32))]]
[Debug] empty_position: [0]
Place 0 : {
    "Angle": 180,
    "Objects": [
        "doorway",
        "box"
    ]
}{
    "Angle": 270,
    "Objects": [
        "table"
    ]
}Place 1 : {
    "Angle": 0,
    "Objects": [
        "wall",
        "painting"
    ]
}{
    "Angle": 180,
    "Objects": [
        "wall",
        "table",
        "sofa"
    ]
}Place 2 : {
    "Angle": 90,
    "Objects": [
        "sofa"
    ]
}{
    "Angle": 180,
    "Objects": [
        "furniture"
    ]
}{
    "Angle": 270,
    "Objects": [
        "window",
        "building"
    ]
}Place 3 : {
    "Angle": 0,
    "Objects": [
        "wall",
        "desklamp"
    ]
}{
    "Angle": 90,
    "Objects": [
        "window",
        "building"
    ]
}{
    "Angle": 270,
    "Objects": [
        "table"
    ]
}Place 4 : {
    "Angle": 0,
    "Objects": [
        "lamp"
    ]
}{
    "Angle": 90,
    "Objects": [
        "doorway"
    ]
}{
    "Angle": 180,
    "Objects": [
        "floor",
        "window"
    ]
}{
    "Angle": 270,
    "Objects": [
        "table"
    ]
}
[Debug] resolver candidates place=0: exact=1 relaxed_or_synthesized=1
[Debug] resolver candidates place=1: exact=1 relaxed_or_synthesized=1
[Debug] resolver candidates place=3: exact=1 relaxed_or_synthesized=1
[Debug] allowed planner objects: []
[Debug] allowed planner objects by place: {0: []}
[Debug] resolver candidates place=0: exact=1 relaxed_or_synthesized=1
[Debug] resolver candidates place=1: exact=1 relaxed_or_synthesized=1
[Debug] resolver candidates place=3: exact=1 relaxed_or_synthesized=1
[Debug] bypassing planner because allowed target list is empty: {"Place": 0, "Angle": 180, "Objects": ["window"]}
{"Place": 0, "Angle": 180, "Objects": ["window"]}
[Debug] planner selected: place=0, angle=180, objects=['window']
last_key:['Place 0', 'Place 1', 'Place 0', 'Place 3']
[Debug] allowed_targets_by_place[0] candidates: [('window', 180, 104, 1.0, 'window', array([8.506    , 1.5000001, 1.3746126], dtype=float32)), ('sofa', 90, 72, 1.0, 'sofa', array([8.081959  , 0.36126214, 6.2046223 ], dtype=float32)), ('desklamp', 0, 23, 0.7352255582809448, 'desklamp', array([7.8579335, 1.0537732, 4.852462 ], dtype=float32)), ('box', 180, 10, 0.6283895373344421, 'box', array([8.204102  , 0.09551702, 0.2497543 ], dtype=float32)), ('painting', 0, 55, 0.5644656419754028, 'painting', array([6.780992 , 1.1564078, 8.48465  ], dtype=float32)), ('window', 270, 106, 1.0, 'window', array([4.2530003, 1.4992814, 7.7948856], dtype=float32)), ('chair', 0, 18, 1.0, 'chair', array([5.360173 , 0.4160972, 3.731972 ], dtype=float32)), ('painting', 180, 54, 0.7150622606277466, 'painting', array([5.373575  , 1.9167911 , 0.02087049], dtype=float32))]
[Debug] resolved target tuple: ('window', 180, 104, 1.0, 'window', array([8.506    , 1.5000001, 1.3746126], dtype=float32)) from representative place 0
[Debug] resolved source place: 4 for representative place 0
0
final_goal:desk,sub_goal:window,place:0,trajectory: tv in Place 0.doorway in Place 0.window in Place 0.
sub_target_id:104
target:window
final_goal:desk
final_length:12.881728172302246
[Timing] pathfinder to-subgoal elapsed=0.086s found=True
[Debug] sub-goal visible on screen: label=window ratio=0.040936 bbox=143x408
[Debug] observation rotation: angle=0 pause=0.25s
[Debug] observation rotation: angle=90 pause=0.25s
[Debug] observation rotation: angle=180 pause=0.25s
[Debug] observation rotation: angle=270 pause=0.25s
[Debug] calling detection service: position_id=big+5+5 angle=0 prompt='desk . table . doorway . window .'
[Debug] received detection service result: position_id=big+5+5 angle=0
Setting `pad_token_id` to `eos_token_id`:151645 for open-end generation.
Setting `pad_token_id` to `eos_token_id`:151645 for open-end generation.
Setting `pad_token_id` to `eos_token_id`:151645 for open-end generation.
Setting `pad_token_id` to `eos_token_id`:151645 for open-end generation.
[Debug] calling detection service: position_id=big+5+5 angle=90 prompt='desk . window . potted plant .'
[Debug] received detection service result: position_id=big+5+5 angle=90
[Debug] calling detection service: position_id=big+5+5 angle=180 prompt='desk . shelf . wall .'
[Debug] received detection service result: position_id=big+5+5 angle=180
[Debug] calling detection service: position_id=big+5+5 angle=270 prompt='desk . table . chair . picture .'
[Debug] received detection service result: position_id=big+5+5 angle=270
[Debug] box_info_list_sum: [[{'label': 'window', 'box': [633, 367, 693, 712]}, {'label': 'doorway', 'box': [252, 471, 397, 623]}], [{'label': 'potted plant', 'box': [597, 603, 693, 733]}, {'label': 'window', 'box': [568, 190, 968, 934]}], [{'label': 'wall', 'box': [0, 0, 1024, 1024]}], [{'label': 'chair', 'box': [907, 677, 1023, 844]}, {'label': 'picture', 'box': [216, 353, 391, 577]}]]
[Debug] max_similar_objs_list: []
[Debug] empty_position: [1]
Place 0 : {
    "Angle": 180,
    "Objects": [
        "doorway",
        "box"
    ]
}{
    "Angle": 270,
    "Objects": [
        "table"
    ]
}Place 1 : {
    "Angle": 0,
    "Objects": [
        "wall",
        "painting"
    ]
}{
    "Angle": 180,
    "Objects": [
        "wall",
        "table",
        "sofa"
    ]
}Place 2 : {
    "Angle": 90,
    "Objects": [
        "sofa"
    ]
}{
    "Angle": 180,
    "Objects": [
        "furniture"
    ]
}{
    "Angle": 270,
    "Objects": [
        "window",
        "building"
    ]
}Place 3 : {
    "Angle": 0,
    "Objects": [
        "wall",
        "desklamp"
    ]
}{
    "Angle": 90,
    "Objects": [
        "window",
        "building"
    ]
}{
    "Angle": 270,
    "Objects": [
        "table"
    ]
}Place 4 : {
    "Angle": 0,
    "Objects": [
        "lamp"
    ]
}{
    "Angle": 90,
    "Objects": [
        "doorway"
    ]
}{
    "Angle": 270,
    "Objects": [
        "table"
    ]
}Place 5 : {
    "Angle": 0,
    "Objects": [
        "lamp",
        "table"
    ]
}{
    "Angle": 90,
    "Objects": [
        "window"
    ]
}{
    "Angle": 180,
    "Objects": [
        "shelf"
    ]
}{
    "Angle": 270,
    "Objects": [
        "table"
    ]
}
[Debug] resolver candidates place=0: exact=1 relaxed_or_synthesized=1
[Debug] resolver candidates place=1: exact=1 relaxed_or_synthesized=1
[Debug] resolver candidates place=3: exact=1 relaxed_or_synthesized=1
[Debug] resolver candidates place=4: exact=2 relaxed_or_synthesized=1
[Debug] allowed planner objects: []
[Debug] allowed planner objects by place: {0: []}
[Debug] bypassing planner because goal is already observed: {"Place": 0, "Angle": 270, "Objects": ["desk"]}
{"Place": 0, "Angle": 270, "Objects": ["desk"]}
[Debug] planner selected: place=0, angle=270, objects=['desk']
last_key:['Place 0', 'Place 1', 'Place 0', 'Place 3', 'Place 4']
[Debug] allowed_targets_by_place[0] candidates: [('desk', 270, 22, 0.5, 'desk', array([5.2440915 , 0.42118263, 1.7986693 ], dtype=float32)), ('sofa', 90, 72, 1.0, 'sofa', array([8.081959  , 0.36126214, 6.2046223 ], dtype=float32)), ('desklamp', 0, 23, 0.7352255582809448, 'desklamp', array([7.8579335, 1.0537732, 4.852462 ], dtype=float32)), ('box', 180, 10, 0.6283895373344421, 'box', array([8.204102  , 0.09551702, 0.2497543 ], dtype=float32)), ('painting', 0, 55, 0.5644656419754028, 'painting', array([6.780992 , 1.1564078, 8.48465  ], dtype=float32)), ('diningtable', 270, 25, 0.5, 'diningtable', array([7.980999  , 0.39052546, 4.1880283 ], dtype=float32)), ('window', 270, 106, 1.0, 'window', array([4.2530003, 1.4992814, 7.7948856], dtype=float32)), ('chair', 0, 18, 1.0, 'chair', array([5.360173 , 0.4160972, 3.731972 ], dtype=float32)), ('painting', 180, 54, 0.7150622606277466, 'painting', array([5.373575  , 1.9167911 , 0.02087049], dtype=float32)), ('window', 180, 105, 0.5, 'window', array([3.319633 , 1.4992062, 0.       ], dtype=float32))]
[Debug] resolved target tuple: ('desk', 270, 22, 0.5, 'desk', array([5.2440915 , 0.42118263, 1.7986693 ], dtype=float32)) from representative place 0
[Debug] resolved source place: 5 for representative place 0
0
final_goal:desk,sub_goal:desk,place:0,trajectory: tv in Place 0.doorway in Place 0.window in Place 0.desk in Place 0.
sub_target_id:22
target:desk
final_goal:desk
final_length:13.838834762573242
[Timing] pathfinder to-subgoal elapsed=0.498s found=True
[Debug] sub-goal visible on screen: label=desk ratio=0.027388 bbox=287x359
[Debug] calling detection service: position_id=goal-visible-6-5-6 angle=270 prompt='desk .'
[Debug] received detection service result: position_id=goal-visible-6-5-6 angle=270
[Debug] final goal visible on screen: label=desk ratio=0.027388 semantic_bbox=287x359 rgb_bbox=293x349
[Debug] saved final goal bbox: tmp/navigation_images/final_goal_visible_step_6.png
[Debug] final goal detected; approaching GT coordinates before stopping
[Timing] pathfinder final-approach elapsed=0.189s found=True
[Debug] close enough to final goal coordinates: label=desk distance=1.351
[Timing] episode elapsed=132.106s sr=1 spl=0.2152 final_length=16.1495
[Timing] val_auto episode total elapsed=132.106s goal=desk sr=1 spl=0.2152 completed_eval_episodes=4/10
[Debug] episode success: final_goal=desk sr=1 spl=0.2152 final_length=16.1495
[Debug] selectable goal names count=40 sample=['book', 'boots', 'bottle', 'bowl', 'box', 'bread', 'butterknife', 'cart', 'chair', 'countertop']
[Debug] requested EFFICIENTNAV_TARGET_OBJECT='desk' not found in current house; skipping house
[Debug] skipping house because no target object could be selected
[Debug] selectable goal names count=11 sample=['dishsponge', 'doorway', 'faucet', 'floor', 'garbagecan', 'plunger', 'sink', 'sinkbasin', 'toilet', 'toiletpaper']
[Debug] requested EFFICIENTNAV_TARGET_OBJECT='desk' not found in current house; skipping house
[Debug] skipping house because no target object could be selected
[Debug] selectable goal names count=30 sample=['apple', 'book', 'bottle', 'bread', 'chair', 'countertop', 'creditcard', 'cup', 'diningtable', 'dishsponge']
[Debug] requested EFFICIENTNAV_TARGET_OBJECT='desk' not found in current house; skipping house
[Debug] skipping house because no target object could be selected
[Debug] selectable goal names count=66 sample=['alarmclock', 'apple', 'basketball', 'bed', 'book', 'bowl', 'box', 'bread', 'butterknife', 'cart']
[Debug] requested EFFICIENTNAV_TARGET_OBJECT='desk' not found in current house; skipping house
[Debug] skipping house because no target object could be selected
[Debug] selectable goal names count=55 sample=['basketball', 'bed', 'book', 'boots', 'bottle', 'bowl', 'box', 'cellphone', 'chair', 'countertop']
[Debug] requested EFFICIENTNAV_TARGET_OBJECT='desk' not found in current house; skipping house
[Debug] skipping house because no target object could be selected
[Debug] selectable goal names count=64 sample=['baseballbat', 'basketball', 'bed', 'book', 'bottle', 'bowl', 'box', 'bread', 'candle', 'cd']
[Debug] using requested target object=desk
[Debug] reachable_positions=960 candidate_objects_for_desk=1
[Debug] starting independent environment episode=1/1
[Debug] experiment setup: seed=7 goal_instance_index=random start_index=random start_rotation=270.0 start_point=(3.750, 0.901, 8.750)
[Timing] pathfinder goal-distance elapsed=2.555s found=True
real_distance:9.15685424949238
[Debug] observation rotation: angle=0 pause=0.25s
[Debug] observation rotation: angle=90 pause=0.25s
[Debug] observation rotation: angle=180 pause=0.25s
[Debug] observation rotation: angle=270 pause=0.25s
[Debug] calling detection service: position_id=big+0+0 angle=0 prompt='desk . table . paper .'
[Debug] received detection service result: position_id=big+0+0 angle=0
[Debug] calling detection service: position_id=big+0+0 angle=90 prompt='desk . box .'
[Debug] received detection service result: position_id=big+0+0 angle=90
[Debug] calling detection service: position_id=big+0+0 angle=180 prompt='desk . table . bottle . plant .'
[Debug] received detection service result: position_id=big+0+0 angle=180
[Debug] calling detection service: position_id=big+0+0 angle=270 prompt='desk . tv . window .'
Setting `pad_token_id` to `eos_token_id`:151645 for open-end generation.
Setting `pad_token_id` to `eos_token_id`:151645 for open-end generation.
Setting `pad_token_id` to `eos_token_id`:151645 for open-end generation.
Setting `pad_token_id` to `eos_token_id`:151645 for open-end generation.
Setting `pad_token_id` to `eos_token_id`:151645 for open-end generation.
Setting `pad_token_id` to `eos_token_id`:151645 for open-end generation.
[Debug] received detection service result: position_id=big+0+0 angle=270
[Debug] box_info_list_sum: [[], [{'label': 'desk', 'box': [0, 694, 397, 1023]}, {'label': 'box', 'box': [0, 686, 142, 854]}], [{'label': 'plant', 'box': [179, 507, 224, 584]}, {'label': 'bottle', 'box': [121, 546, 274, 584]}], [{'label': 'tv', 'box': [310, 555, 491, 684]}, {'label': 'window', 'box': [551, 458, 679, 586]}, {'label': 'desk', 'box': [301, 665, 494, 752]}]]
[Debug] dropped verified goal candidate: label=desk angle=90 box=[0, 694, 397, 1023] overlaps=diningtable#37:0.601, floor#52:0.172, box#12:0.142, wall#168:0.046, wall#154:0.025
box
wall
wall
tv
window
[Debug] dropped verified goal candidate: label=desk angle=270 box=[301, 665, 494, 752] overlaps=tv#134:0.241, diningtable#36:0.161, diningtable#35:0.146, wall#153:0.135, floor#52:0.115
floor
[Debug] max_similar_objs_list: [[('box', 90, 12, 0.6824224591255188, 'box', array([5.103216 , 0.9039136, 9.93354  ], dtype=float32))], [('wall', 180, 139, 0.5858284831047058, 'wall', array([4.055    , 1.9025515, 1.0135001], dtype=float32))], [('wall', 180, 140, 0.5774183869361877, 'wall', array([4.0549984, 1.9025515, 2.0274994], dtype=float32))], [('tv', 270, 127, 1.0, 'tv', array([0.2101106, 0.8611783, 7.997017 ], dtype=float32))], [('window', 270, 175, 1.0, 'window', array([-2.2351742e-08,  1.4992062e+00,  9.5028582e+00], dtype=float32))], [('floor', 270, 52, 0.6499540209770203, 'floor', array([4.055 , 0.    , 5.0685], dtype=float32))]]
[Debug] empty_position: [1]
Place 0 : {
    "Angle": 0,
    "Objects": [
        "table",
        "paper"
    ]
}{
    "Angle": 90,
    "Objects": [
        "box",
        "box"
    ]
}{
    "Angle": 180,
    "Objects": [
        "wall",
        "table",
        "mirror",
        "wall"
    ]
}{
    "Angle": 270,
    "Objects": [
        "tv",
        "window"
    ]
}
[Debug] allowed planner objects: ['window', 'box', 'tv']
[Debug] allowed planner objects by place: {0: ['window', 'tv', 'box']}
The above is a description of different places in different angles in the environment.Your can get to any place described in the json data. Your goal is to find the desk. Based on the above json data, please choose one specific object to travel to as your target. If your goal is already in the description, please choose it as the target. You must choose an object only from this allowed list: window, box, tv. Do not output any object name that is not in the allowed list. Valid choosable objects by place are: Place 0: window, tv, box. The Objects field must contain exactly one object from the chosen place list.Note that you can travel to door or door frame to other spaces if there are no clear evidence to choose the target.  Return exactly one JSON object by referring to the following template.
            {"Place": x, "Angle": x, "Objects": ["xxxx"] }
            If your goal is already in the description, please choose it as the target. You should not output any explanation, markdown, prose, examples, or extra text before or after the JSON. Note that your should choose only one object in one angle of one place in the json data as the target.
{"Place": "window", "Angle": 270, "Objects": ["tv"]}
[Timing] planning mode=no-kv elapsed=1.500s
{"Place": 0, "Angle": 270, "Objects": ["window"]}
[Debug] planner selected: place=0, angle=270, objects=['window']
last_key:[]
[Debug] allowed_targets_by_place[0] candidates: [('window', 270, 175, 1.0, 'window', array([-2.2351742e-08,  1.4992062e+00,  9.5028582e+00], dtype=float32)), ('tv', 270, 127, 1.0, 'tv', array([0.2101106, 0.8611783, 7.997017 ], dtype=float32)), ('box', 90, 12, 0.6824224591255188, 'box', array([5.103216 , 0.9039136, 9.93354  ], dtype=float32))]
[Debug] resolved target tuple: ('window', 270, 175, 1.0, 'window', array([-2.2351742e-08,  1.4992062e+00,  9.5028582e+00], dtype=float32)) from representative place 0
[Debug] resolved source place: 0 for representative place 0
0
final_goal:desk,sub_goal:window,place:0,trajectory: window in Place 0.
sub_target_id:175
target:window
final_goal:desk
final_length:0
[Timing] pathfinder to-subgoal elapsed=1.193s found=True
[Debug] sub-goal visible on screen: label=window ratio=0.030185 bbox=199x177
[Debug] observation rotation: angle=0 pause=0.25s
[Debug] observation rotation: angle=90 pause=0.25s
[Debug] observation rotation: angle=180 pause=0.25s
[Debug] observation rotation: angle=270 pause=0.25s
[Debug] calling detection service: position_id=big+1+1 angle=0 prompt='desk . window . wall .'
[Debug] received detection service result: position_id=big+1+1 angle=0
[Debug] calling detection service: position_id=big+1+1 angle=90 prompt='desk . table . laptop . sofa .'
[Debug] received detection service result: position_id=big+1+1 angle=90
[Debug] calling detection service: position_id=big+1+1 angle=180 prompt='desk . sink . picture . window .'
[Debug] received detection service result: position_id=big+1+1 angle=180
[Debug] calling detection service: position_id=big+1+1 angle=270 prompt='desk . sky . clouds .'
[Debug] received detection service result: position_id=big+1+1 angle=270
[Debug] box_info_list_sum: [[{'label': 'window', 'box': [0, 0, 280, 1023]}, {'label': 'wall', 'box': [304, 0, 1023, 1024]}], [{'label': 'sofa', 'box': [585, 669, 1023, 855]}, {'label': 'laptop', 'box': [652, 706, 737, 787]}, {'label': 'desk', 'box': [438, 585, 539, 693]}], [{'label': 'picture', 'box': [110, 448, 220, 513]}], [{'label': 'sky', 'box': [0, 0, 1023, 519]}, {'label': 'clouds', 'box': [0, 514, 1023, 1023]}]]
wall
sofa
laptop
[Debug] dropped verified goal candidate: label=desk angle=90 box=[438, 585, 539, 693] overlaps=diningtable#37:0.388, floor#52:0.280, wall#168:0.193, wall#154:0.097, box#12:0.037
painting
[Debug] max_similar_objs_list: [[('wall', 0, 154, 1.0, 'wall', array([3.041    , 1.9025517, 5.0685   ], dtype=float32))], [('sofa', 90, 117, 1.0, 'sofa', array([3.009137  , 0.30490494, 7.9970174 ], dtype=float32))], [('laptop', 90, 69, 1.0, 'laptop', array([2.825107 , 0.4215569, 8.602205 ], dtype=float32))], [('painting', 180, 80, 0.7150622606277466, 'painting', array([2.5498471, 1.7760296, 6.1028705], dtype=float32))]]
[Debug] empty_position: [3]
Place 0 : {
    "Angle": 0,
    "Objects": [
        "table",
        "paper"
    ]
}{
    "Angle": 90,
    "Objects": [
        "box",
        "box"
    ]
}{
    "Angle": 180,
    "Objects": [
        "wall",
        "table",
        "mirror",
        "wall"
    ]
}Place 1 : {
    "Angle": 90,
    "Objects": [
        "laptop",
        "table",
        "sofa"
    ]
}{
    "Angle": 180,
    "Objects": [
        "sink",
        "painting",
        "window"
    ]
}{
    "Angle": 270,
    "Objects": [
        "clouds"
    ]
}
[Debug] resolver candidates place=0: exact=1 relaxed_or_synthesized=1
[Debug] allowed planner objects: ['laptop', 'sofa', 'painting']
[Debug] allowed planner objects by place: {0: [], 1: ['laptop', 'sofa', 'painting']}
The above is a description of different places in different angles in the environment.Your can get to any place described in the json data. Your goal is to find the desk. Based on the above json data, please choose one specific object to travel to as your target. If your goal is already in the description, please choose it as the target. You must choose an object only from this allowed list: laptop, sofa, painting. Do not output any object name that is not in the allowed list. Valid choosable objects by place are: Place 1: laptop, sofa, painting. The Objects field must contain exactly one object from the chosen place list.Note that you can travel to door or door frame to other spaces if there are no clear evidence to choose the target.  Return exactly one JSON object by referring to the following template.
            {"Place": x, "Angle": x, "Objects": ["xxxx"] }
            If your goal is already in the description, please choose it as the target. You should not output any explanation, markdown, prose, examples, or extra text before or after the JSON. Note that your should choose only one object in one angle of one place in the json data as the target.
{"Place": "sofa", "Angle": 180, "Objects": ["sofa"]}
Setting `pad_token_id` to `eos_token_id`:151645 for open-end generation.
Setting `pad_token_id` to `eos_token_id`:151645 for open-end generation.
Setting `pad_token_id` to `eos_token_id`:151645 for open-end generation.
Setting `pad_token_id` to `eos_token_id`:151645 for open-end generation.
Setting `pad_token_id` to `eos_token_id`:151645 for open-end generation.
Setting `pad_token_id` to `eos_token_id`:151645 for open-end generation.
Setting `pad_token_id` to `eos_token_id`:151645 for open-end generation.
Setting `pad_token_id` to `eos_token_id`:151645 for open-end generation.
[Timing] planning mode=no-kv elapsed=1.650s
{"Place": 1, "Angle": 180, "Objects": ["sofa"]}
[Debug] planner selected: place=1, angle=180, objects=['sofa']
last_key:['Place 0']
[Debug] allowed_targets_by_place[1] candidates: [('laptop', 90, 69, 1.0, 'laptop', array([2.825107 , 0.4215569, 8.602205 ], dtype=float32)), ('sofa', 90, 117, 1.0, 'sofa', array([3.009137  , 0.30490494, 7.9970174 ], dtype=float32)), ('painting', 180, 80, 0.7150622606277466, 'painting', array([2.5498471, 1.7760296, 6.1028705], dtype=float32))]
[Debug] resolved target tuple: ('sofa', 90, 117, 1.0, 'sofa', array([3.009137  , 0.30490494, 7.9970174 ], dtype=float32)) from representative place 1
[Debug] resolved source place: 1 for representative place 1
1
final_goal:desk,sub_goal:sofa,place:1,trajectory: window in Place 0.sofa in Place 1.
sub_target_id:117
target:sofa
final_goal:desk
final_length:3.957106828689575
[Timing] pathfinder to-subgoal elapsed=0.687s found=True
[Debug] sub-goal visible on screen: label=sofa ratio=0.066354 bbox=443x316
[Debug] observation rotation: angle=0 pause=0.25s
[Debug] observation rotation: angle=90 pause=0.25s
[Debug] observation rotation: angle=180 pause=0.25s
[Debug] observation rotation: angle=270 pause=0.25s
[Debug] calling detection service: position_id=big+2+2 angle=0 prompt='desk . table . box .'
[Debug] received detection service result: position_id=big+2+2 angle=0
[Debug] calling detection service: position_id=big+2+2 angle=90 prompt='desk . doorway .'
[Debug] received detection service result: position_id=big+2+2 angle=90
[Debug] calling detection service: position_id=big+2+2 angle=180 prompt='desk . table . mirror .'
[Debug] received detection service result: position_id=big+2+2 angle=180
[Debug] calling detection service: position_id=big+2+2 angle=270 prompt='desk . tv . tv stand .'
[Debug] received detection service result: position_id=big+2+2 angle=270
[Debug] box_info_list_sum: [[{'label': 'box', 'box': [816, 639, 930, 745]}, {'label': 'desk', 'box': [702, 712, 1023, 1023]}], [{'label': 'desk', 'box': [0, 694, 229, 945]}, {'label': 'doorway', 'box': [562, 443, 728, 747]}], [{'label': 'mirror', 'box': [0, 369, 382, 945]}], [{'label': 'tv', 'box': [419, 555, 602, 683]}, {'label': 'tv stand', 'box': [415, 665, 607, 752]}]]
[Debug] dropped verified goal candidate: label=desk angle=0 box=[702, 712, 1023, 1023] overlaps=diningtable#37:0.470, floor#52:0.347, wall#154:0.153, box#12:0.028, keychain#63:0.002
[Debug] dropped verified goal candidate: label=desk angle=90 box=[0, 694, 229, 945] overlaps=diningtable#37:0.464, floor#52:0.290, wall#168:0.216, vase#135:0.012, wall#154:0.009
doorway
floor
[Debug] max_similar_objs_list: [[('doorway', 90, 40, 1.0, 'doorway', array([7.686585 , 1.050023 , 7.0068655], dtype=float32))], [('floor', 180, 53, 0.6122258901596069, 'floor', array([4.055, 0.   , 3.041], dtype=float32))]]
[Debug] empty_position: [3]
Place 0 : {
    "Angle": 0,
    "Objects": [
        "table",
        "paper"
    ]
}{
    "Angle": 90,
    "Objects": [
        "box",
        "box"
    ]
}{
    "Angle": 180,
    "Objects": [
        "wall",
        "table",
        "mirror",
        "wall"
    ]
}Place 1 : {
    "Angle": 180,
    "Objects": [
        "sink",
        "painting",
        "window"
    ]
}{
    "Angle": 270,
    "Objects": [
        "clouds"
    ]
}Place 2 : {
    "Angle": 0,
    "Objects": [
        "table"
    ]
}{
    "Angle": 90,
    "Objects": [
        "doorway"
    ]
}{
    "Angle": 180,
    "Objects": [
        "table",
        "floor"
    ]
}{
    "Angle": 270,
    "Objects": [
        "tv stand"
    ]
}
[Debug] resolver candidates place=0: exact=1 relaxed_or_synthesized=1
[Debug] resolver candidates place=1: exact=1 relaxed_or_synthesized=1
[Debug] allowed planner objects: ['doorway']
[Debug] allowed planner objects by place: {0: ['doorway'], 1: []}
[Debug] bypassing planner because only one target is allowed: {"Place": 0, "Angle": 90, "Objects": ["doorway"]}
{"Place": 0, "Angle": 90, "Objects": ["doorway"]}
[Debug] planner selected: place=0, angle=90, objects=['doorway']
last_key:['Place 0', 'Place 1']
[Debug] allowed_targets_by_place[0] candidates: [('doorway', 90, 40, 1.0, 'doorway', array([7.686585 , 1.050023 , 7.0068655], dtype=float32)), ('box', 90, 12, 0.6824224591255188, 'box', array([5.103216 , 0.9039136, 9.93354  ], dtype=float32)), ('tv', 270, 127, 1.0, 'tv', array([0.2101106, 0.8611783, 7.997017 ], dtype=float32))]
[Debug] resolved target tuple: ('doorway', 90, 40, 1.0, 'doorway', array([7.686585 , 1.050023 , 7.0068655], dtype=float32)) from representative place 0
[Debug] resolved source place: 2 for representative place 0
0
final_goal:desk,sub_goal:doorway,place:0,trajectory: window in Place 0.sofa in Place 1.doorway in Place 0.
sub_target_id:40
target:doorway
final_goal:desk
final_length:9.0784273147583
[Timing] pathfinder to-subgoal elapsed=1.359s found=True
[Debug] sub-goal visible on screen: label=doorway ratio=0.024731 bbox=238x344
[Debug] calling detection service: position_id=goal-visible-3-2-15 angle=90 prompt='desk .'
[Debug] received detection service result: position_id=goal-visible-3-2-15 angle=90
[Debug] semantic goal candidate rejected by RGB detector: label=desk ratio=0.012267 semantic_bbox=172x138
[Debug] calling detection service: position_id=goal-visible-3-2-17 angle=135 prompt='desk .'
[Debug] received detection service result: position_id=goal-visible-3-2-17 angle=135
[Debug] final goal visible on screen: label=desk ratio=0.011011 semantic_bbox=152x154 rgb_bbox=152x155
[Debug] saved final goal bbox: tmp/navigation_images/final_goal_visible_step_17.png
[Debug] final goal detected; approaching GT coordinates before stopping
[Timing] pathfinder final-approach elapsed=1.333s found=True
[Debug] close enough to final goal coordinates: label=desk distance=1.352
[Timing] episode elapsed=76.497s sr=1 spl=0.5392 final_length=16.9824
[Timing] val_auto episode total elapsed=76.497s goal=desk sr=1 spl=0.5392 completed_eval_episodes=5/10
[Debug] episode success: final_goal=desk sr=1 spl=0.5392 final_length=16.9824
[Debug] selectable goal names count=31 sample=['apple', 'bottle', 'chair', 'countertop', 'creditcard', 'cup', 'diningtable', 'dishsponge', 'doorway', 'floor']
[Debug] requested EFFICIENTNAV_TARGET_OBJECT='desk' not found in current house; skipping house
[Debug] skipping house because no target object could be selected
[Debug] selectable goal names count=61 sample=['alarmclock', 'apple', 'baseballbat', 'bed', 'book', 'bowl', 'box', 'cd', 'cellphone', 'cloth']
[Debug] using requested target object=desk
[Debug] reachable_positions=1579 candidate_objects_for_desk=1
[Debug] starting independent environment episode=1/1
[Debug] experiment setup: seed=7 goal_instance_index=random start_index=random start_rotation=270.0 start_point=(1.250, 0.901, 5.250)
[Timing] pathfinder goal-distance elapsed=2.450s found=True
real_distance:6.4926406871192865
[Debug] observation rotation: angle=0 pause=0.25s
[Debug] observation rotation: angle=90 pause=0.25s
[Debug] observation rotation: angle=180 pause=0.25s
[Debug] observation rotation: angle=270 pause=0.25s
[Debug] calling detection service: position_id=big+0+0 angle=0 prompt='desk . sink . toilet . trash bin .'
[Debug] received detection service result: position_id=big+0+0 angle=0
[Debug] calling detection service: position_id=big+0+0 angle=90 prompt='desk . doorway . sink .'
[Debug] received detection service result: position_id=big+0+0 angle=90
[Debug] calling detection service: position_id=big+0+0 angle=180 prompt='desk . bed . tv . picture frame .'
[Debug] received detection service result: position_id=big+0+0 angle=180
[Debug] calling detection service: position_id=big+0+0 angle=270 prompt='desk . doorway . painting .'
[Debug] received detection service result: position_id=big+0+0 angle=270
Setting `pad_token_id` to `eos_token_id`:151645 for open-end generation.
Setting `pad_token_id` to `eos_token_id`:151645 for open-end generation.
Setting `pad_token_id` to `eos_token_id`:151645 for open-end generation.
Setting `pad_token_id` to `eos_token_id`:151645 for open-end generation.
Setting `pad_token_id` to `eos_token_id`:151645 for open-end generation.
[Debug] box_info_list_sum: [[{'label': 'toilet', 'box': [713, 626, 931, 849]}, {'label': 'trash bin', 'box': [201, 727, 343, 932]}, {'label': 'sink', 'box': [931, 672, 1023, 779]}], [{'label': 'doorway', 'box': [217, 255, 749, 1022]}, {'label': 'sink', 'box': [0, 666, 171, 777]}], [{'label': 'tv', 'box': [61, 486, 193, 553]}, {'label': 'bed', 'box': [399, 583, 672, 726]}, {'label': 'picture frame', 'box': [226, 481, 744, 616]}], [{'label': 'doorway', 'box': [266, 239, 821, 1021]}, {'label': 'painting', 'box': [0, 381, 189, 692]}]]
toilet
garbagecan
sink
doorway
tv
bed
window
painting
[Debug] max_similar_objs_list: [[('toilet', 0, 170, 1.0, 'toilet', array([2.7757955 , 0.47275966, 7.786147  ], dtype=float32))], [('garbagecan', 0, 94, 0.6123936772346497, 'garbagecan', array([0.2650177, 0.3094639, 7.382598 ], dtype=float32))], [('sink', 0, 149, 1.0, 'sink', array([2.928998 , 0.4880427, 6.804423 ], dtype=float32))], [('doorway', 90, 42, 1.0, 'doorway', array([1.2725202, 1.0462728, 5.2706556], dtype=float32))], [('tv', 180, 166, 1.0, 'tv', array([5.0914555, 1.5032494, 0.0893748], dtype=float32))], [('bed', 180, 11, 1.0, 'bed', array([1.0615703 , 0.41703266, 0.68861824], dtype=float32))], [('window', 180, 254, 0.5928632020950317, 'window', array([3.5436811, 1.4093411, 0.       ], dtype=float32))], [('painting', 270, 120, 1.0, 'painting', array([0.01299965, 1.5128127 , 4.089783  ], dtype=float32))]]
[Debug] empty_position: []
Place 0 : {
    "Angle": 0,
    "Objects": [
        "toilet",
        "sink",
        "garbagecan"
    ]
}{
    "Angle": 90,
    "Objects": [
        "doorway"
    ]
}{
    "Angle": 180,
    "Objects": [
        "bed",
        "tv",
        "window",
        "teddy bear"
    ]
}{
    "Angle": 270,
    "Objects": [
        "painting"
    ]
}
[Debug] allowed planner objects: ['doorway', 'window', 'sink', 'bed', 'toilet', 'tv', 'painting', 'garbagecan']
[Debug] allowed planner objects by place: {0: ['doorway', 'window', 'sink', 'bed', 'toilet', 'tv', 'painting', 'garbagecan']}
The above is a description of different places in different angles in the environment.Your can get to any place described in the json data. Your goal is to find the desk. Based on the above json data, please choose one specific object to travel to as your target. If your goal is already in the description, please choose it as the target. You must choose an object only from this allowed list: doorway, window, sink, bed, toilet, tv, painting, garbagecan. Do not output any object name that is not in the allowed list. Valid choosable objects by place are: Place 0: doorway, window, sink, bed, toilet, tv, painting, garbagecan. The Objects field must contain exactly one object from the chosen place list.Note that you can travel to door or door frame to other spaces if there are no clear evidence to choose the target.  Return exactly one JSON object by referring to the following template.
            {"Place": x, "Angle": x, "Objects": ["xxxx"] }
            If your goal is already in the description, please choose it as the target. You should not output any explanation, markdown, prose, examples, or extra text before or after the JSON. Note that your should choose only one object in one angle of one place in the json data as the target.
{"Place": "garbagecan", "Angle": 0, "Objects": ["garbagecan"]}
[Timing] planning mode=no-kv elapsed=1.543s
{"Place": 0, "Angle": 0, "Objects": ["garbagecan"]}
[Debug] planner selected: place=0, angle=0, objects=['garbagecan']
last_key:[]
[Debug] allowed_targets_by_place[0] candidates: [('doorway', 90, 42, 1.0, 'doorway', array([1.2725202, 1.0462728, 5.2706556], dtype=float32)), ('window', 180, 254, 0.5928632020950317, 'window', array([3.5436811, 1.4093411, 0.       ], dtype=float32)), ('sink', 0, 149, 1.0, 'sink', array([2.928998 , 0.4880427, 6.804423 ], dtype=float32)), ('bed', 180, 11, 1.0, 'bed', array([1.0615703 , 0.41703266, 0.68861824], dtype=float32)), ('toilet', 0, 170, 1.0, 'toilet', array([2.7757955 , 0.47275966, 7.786147  ], dtype=float32)), ('tv', 180, 166, 1.0, 'tv', array([5.0914555, 1.5032494, 0.0893748], dtype=float32)), ('painting', 270, 120, 1.0, 'painting', array([0.01299965, 1.5128127 , 4.089783  ], dtype=float32)), ('garbagecan', 0, 94, 0.6123936772346497, 'garbagecan', array([0.2650177, 0.3094639, 7.382598 ], dtype=float32))]
[Debug] resolved target tuple: ('garbagecan', 0, 94, 0.6123936772346497, 'garbagecan', array([0.2650177, 0.3094639, 7.382598 ], dtype=float32)) from representative place 0
[Debug] resolved source place: 0 for representative place 0
0
final_goal:desk,sub_goal:garbagecan,place:0,trajectory: garbagecan in Place 0.
sub_target_id:94
target:garbagecan
final_goal:desk
final_length:0
[Timing] pathfinder to-subgoal elapsed=1.284s found=True
[Debug] sub-goal visible on screen: label=garbagecan ratio=0.029713 bbox=151x237
[Debug] observation rotation: angle=0 pause=0.25s
[Debug] observation rotation: angle=90 pause=0.25s
[Debug] observation rotation: angle=180 pause=0.25s
[Debug] observation rotation: angle=270 pause=0.25s
[Debug] calling detection service: position_id=big+1+1 angle=0 prompt='desk . frame . wall .'
[Debug] received detection service result: position_id=big+1+1 angle=0
[Debug] calling detection service: position_id=big+1+1 angle=90 prompt='desk . sink . toilet .'
[Debug] received detection service result: position_id=big+1+1 angle=90
[Debug] calling detection service: position_id=big+1+1 angle=180 prompt='desk . bed . window .'
[Debug] received detection service result: position_id=big+1+1 angle=180
[Debug] calling detection service: position_id=big+1+1 angle=270 prompt='desk .'
[Debug] received detection service result: position_id=big+1+1 angle=270
[Debug] box_info_list_sum: [[{'label': 'wall', 'box': [0, 0, 1024, 1023]}, {'label': 'frame', 'box': [733, 409, 1023, 937]}], [{'label': 'toilet', 'box': [348, 645, 505, 1011]}, {'label': 'sink', 'box': [588, 636, 765, 711]}], [{'label': 'bed', 'box': [398, 561, 568, 644]}, {'label': 'window', 'box': [277, 491, 363, 555]}], []]
wall
painting
[Debug] max_similar_objs_list: [[('wall', 0, 236, 1.0, 'wall', array([1.616   , 1.411981, 4.0405  ], dtype=float32))], [('painting', 0, 116, 0.6225451231002808, 'painting', array([1.4004586, 1.4003086, 8.060129 ], dtype=float32))]]
[Debug] empty_position: [1, 2]
Place 0 : {
    "Angle": 90,
    "Objects": [
        "doorway"
    ]
}{
    "Angle": 180,
    "Objects": [
        "bed",
        "tv",
        "window",
        "teddy bear"
    ]
}{
    "Angle": 270,
    "Objects": [
        "painting"
    ]
}Place 1 : {
    "Angle": 0,
    "Objects": [
        "wall",
        "painting"
    ]
}{
    "Angle": 90,
    "Objects": [
        "sink"
    ]
}{
    "Angle": 180,
    "Objects": [
        "window"
    ]
}{
    "Angle": 270,
    "Objects": [
        "background",
        "shadow"
    ]
}
[Debug] resolver candidates place=0: exact=5 relaxed_or_synthesized=2
[Debug] allowed planner objects: ['doorway']
[Debug] allowed planner objects by place: {0: ['doorway']}
[Debug] bypassing planner because only one target is allowed: {"Place": 0, "Angle": 90, "Objects": ["doorway"]}
{"Place": 0, "Angle": 90, "Objects": ["doorway"]}
[Debug] planner selected: place=0, angle=90, objects=['doorway']
last_key:['Place 0']
[Debug] allowed_targets_by_place[0] candidates: [('doorway', 90, 42, 1.0, 'doorway', array([1.2725202, 1.0462728, 5.2706556], dtype=float32)), ('window', 180, 254, 0.5928632020950317, 'window', array([3.5436811, 1.4093411, 0.       ], dtype=float32)), ('bed', 180, 11, 1.0, 'bed', array([1.0615703 , 0.41703266, 0.68861824], dtype=float32)), ('tv', 180, 166, 1.0, 'tv', array([5.0914555, 1.5032494, 0.0893748], dtype=float32)), ('painting', 270, 120, 1.0, 'painting', array([0.01299965, 1.5128127 , 4.089783  ], dtype=float32)), ('painting', 0, 116, 0.6225451231002808, 'painting', array([1.4004586, 1.4003086, 8.060129 ], dtype=float32)), ('sink', 0, 149, 1.0, 'sink', array([2.928998 , 0.4880427, 6.804423 ], dtype=float32)), ('toilet', 0, 170, 1.0, 'toilet', array([2.7757955 , 0.47275966, 7.786147  ], dtype=float32))]
Setting `pad_token_id` to `eos_token_id`:151645 for open-end generation.
Setting `pad_token_id` to `eos_token_id`:151645 for open-end generation.
Setting `pad_token_id` to `eos_token_id`:151645 for open-end generation.
Setting `pad_token_id` to `eos_token_id`:151645 for open-end generation.
Setting `pad_token_id` to `eos_token_id`:151645 for open-end generation.
[Debug] resolved target tuple: ('doorway', 90, 42, 1.0, 'doorway', array([1.2725202, 1.0462728, 5.2706556], dtype=float32)) from representative place 0
[Debug] resolved source place: 0 for representative place 0
0
final_goal:desk,sub_goal:doorway,place:0,trajectory: garbagecan in Place 0.doorway in Place 0.
sub_target_id:42
target:doorway
final_goal:desk
final_length:2.8713204860687256
[Timing] pathfinder to-subgoal elapsed=0.018s found=True
Place 0 : {
    "Angle": 180,
    "Objects": [
        "bed",
        "tv",
        "window",
        "teddy bear"
    ]
}{
    "Angle": 270,
    "Objects": [
        "painting"
    ]
}Place 1 : {
    "Angle": 0,
    "Objects": [
        "wall",
        "painting"
    ]
}{
    "Angle": 90,
    "Objects": [
        "sink"
    ]
}{
    "Angle": 180,
    "Objects": [
        "window"
    ]
}{
    "Angle": 270,
    "Objects": [
        "background",
        "shadow"
    ]
}
[Debug] resolver candidates place=0: exact=4 relaxed_or_synthesized=2
[Debug] allowed planner objects: []
[Debug] allowed planner objects by place: {0: []}
[Debug] resolver candidates place=0: exact=4 relaxed_or_synthesized=2
[Debug] bypassing planner because allowed target list is empty: {"Place": 0, "Angle": 180, "Objects": ["window"]}
{"Place": 0, "Angle": 180, "Objects": ["window"]}
[Debug] planner selected: place=0, angle=180, objects=['window']
last_key:['Place 0', 'Place 0']
[Debug] allowed_targets_by_place[0] candidates: [('window', 180, 254, 0.5928632020950317, 'window', array([3.5436811, 1.4093411, 0.       ], dtype=float32)), ('bed', 180, 11, 1.0, 'bed', array([1.0615703 , 0.41703266, 0.68861824], dtype=float32)), ('tv', 180, 166, 1.0, 'tv', array([5.0914555, 1.5032494, 0.0893748], dtype=float32)), ('painting', 270, 120, 1.0, 'painting', array([0.01299965, 1.5128127 , 4.089783  ], dtype=float32)), ('painting', 0, 116, 0.6225451231002808, 'painting', array([1.4004586, 1.4003086, 8.060129 ], dtype=float32)), ('sink', 0, 149, 1.0, 'sink', array([2.928998 , 0.4880427, 6.804423 ], dtype=float32)), ('toilet', 0, 170, 1.0, 'toilet', array([2.7757955 , 0.47275966, 7.786147  ], dtype=float32))]
[Debug] resolved target tuple: ('window', 180, 254, 0.5928632020950317, 'window', array([3.5436811, 1.4093411, 0.       ], dtype=float32)) from representative place 0
[Debug] resolved source place: 0 for representative place 0
0
final_goal:desk,sub_goal:window,place:0,trajectory: garbagecan in Place 0.doorway in Place 0.window in Place 0.
sub_target_id:254
target:window
final_goal:desk
final_length:2.8713204860687256
[Timing] pathfinder to-subgoal elapsed=2.781s found=True
[Debug] sub-goal visible on screen: label=window ratio=0.011127 bbox=125x101
[Debug] observation rotation: angle=0 pause=0.25s
[Debug] observation rotation: angle=90 pause=0.25s
[Debug] observation rotation: angle=180 pause=0.25s
[Debug] observation rotation: angle=270 pause=0.25s
[Debug] calling detection service: position_id=big+2+3 angle=0 prompt='desk . dresser . lamp . trash bin .'
[Debug] received detection service result: position_id=big+2+3 angle=0
[Debug] calling detection service: position_id=big+2+3 angle=90 prompt='desk . picture . tv . window .'
[Debug] received detection service result: position_id=big+2+3 angle=90
[Debug] calling detection service: position_id=big+2+3 angle=180 prompt='desk . river . tower . sun .'
[Debug] received detection service result: position_id=big+2+3 angle=180
[Debug] calling detection service: position_id=big+2+3 angle=270 prompt='desk . laptop . bed . pillow .'
[Debug] received detection service result: position_id=big+2+3 angle=270
[Debug] box_info_list_sum: [[{'label': 'lamp', 'box': [763, 510, 817, 596]}], [{'label': 'window', 'box': [674, 0, 1023, 1023]}, {'label': 'desk', 'box': [247, 667, 363, 834]}], [{'label': 'sun', 'box': [658, 221, 765, 335]}, {'label': 'tower', 'box': [578, 568, 625, 948]}], [{'label': 'laptop', 'box': [657, 723, 812, 851]}, {'label': 'pillow', 'box': [520, 727, 657, 817]}, {'label': 'bed', 'box': [429, 621, 913, 1023]}]]
desklamp
[Debug] dropped verified goal candidate: label=desk angle=90 box=[247, 667, 363, 834] overlaps=wall#234:0.331, floor#85:0.251, sidetable#146:0.179, wall#215:0.165, book#12:0.074
sidetable
laptop
pillow
[Debug] max_similar_objs_list: [[('desklamp', 0, 35, 0.7352255582809448, 'desklamp', array([4.6708817, 1.4056087, 2.4082685], dtype=float32))], [('sidetable', 90, 146, 0.6906325817108154, 'sidetable', array([6.1600046, 0.3386351, 1.3110063], dtype=float32))], [('laptop', 270, 103, 1.0, 'laptop', array([1.7717164 , 0.67844427, 0.98139066], dtype=float32))], [('pillow', 270, 138, 1.0, 'pillow', array([1.5342617 , 0.5959913 , 0.54040205], dtype=float32))]]
[Debug] empty_position: []
Place 0 : {
    "Angle": 270,
    "Objects": [
        "painting"
    ]
}Place 1 : {
    "Angle": 0,
    "Objects": [
        "wall",
        "painting"
    ]
}{
    "Angle": 90,
    "Objects": [
        "sink"
    ]
}{
    "Angle": 180,
    "Objects": [
        "window"
    ]
}{
    "Angle": 270,
    "Objects": [
        "background",
        "shadow"
    ]
}Place 2 : {
    "Angle": 0,
    "Objects": [
        "dresser",
        "desklamp",
        "trash bin"
    ]
}{
    "Angle": 90,
    "Objects": [
        "folding table",
        "tv",
        "picture"
    ]
}{
    "Angle": 180,
    "Objects": [
        "snow covered buildings",
        "river"
    ]
}{
    "Angle": 270,
    "Objects": [
        "laptop",
        "teddy bear",
        "pillow"
    ]
}
[Debug] resolver candidates place=0: exact=1 relaxed_or_synthesized=4
[Debug] allowed planner objects: ['desklamp', 'laptop', 'pillow']
[Debug] allowed planner objects by place: {0: [], 2: ['laptop', 'pillow', 'desklamp']}
The above is a description of different places in different angles in the environment.Your can get to any place described in the json data. Your goal is to find the desk. Based on the above json data, please choose one specific object to travel to as your target. If your goal is already in the description, please choose it as the target. You must choose an object only from this allowed list: desklamp, laptop, pillow. Do not output any object name that is not in the allowed list. Valid choosable objects by place are: Place 2: laptop, pillow, desklamp. The Objects field must contain exactly one object from the chosen place list.Note that you can travel to door or door frame to other spaces if there are no clear evidence to choose the target.  Return exactly one JSON object by referring to the following template.
            {"Place": x, "Angle": x, "Objects": ["xxxx"] }
            If your goal is already in the description, please choose it as the target. You should not output any explanation, markdown, prose, examples, or extra text before or after the JSON. Note that your should choose only one object in one angle of one place in the json data as the target.
{"Place": "desklamp", "Angle": 90, "Objects": ["tv"]}
[Timing] planning mode=no-kv elapsed=1.568s
{"Place": 2, "Angle": 90, "Objects": ["desklamp"]}
[Debug] planner selected: place=2, angle=90, objects=['desklamp']
last_key:['Place 0', 'Place 0', 'Place 0']
[Debug] allowed_targets_by_place[2] candidates: [('laptop', 270, 103, 1.0, 'laptop', array([1.7717164 , 0.67844427, 0.98139066], dtype=float32)), ('pillow', 270, 138, 1.0, 'pillow', array([1.5342617 , 0.5959913 , 0.54040205], dtype=float32)), ('desklamp', 0, 35, 0.7352255582809448, 'desklamp', array([4.6708817, 1.4056087, 2.4082685], dtype=float32))]
[Debug] resolved target tuple: ('desklamp', 0, 35, 0.7352255582809448, 'desklamp', array([4.6708817, 1.4056087, 2.4082685], dtype=float32)) from representative place 2
[Debug] resolved source place: 2 for representative place 2
2
final_goal:desk,sub_goal:desklamp,place:2,trajectory: garbagecan in Place 0.doorway in Place 0.window in Place 0.desklamp in Place 2.
sub_target_id:35
target:desklamp
final_goal:desk
final_length:8.803300857543945
[Timing] pathfinder to-subgoal elapsed=0.552s found=True
[Debug] sub-goal visible on screen: label=desklamp ratio=0.004337 bbox=68x99
[Debug] observation rotation: angle=0 pause=0.25s
[Debug] observation rotation: angle=90 pause=0.25s
Setting `pad_token_id` to `eos_token_id`:151645 for open-end generation.
Setting `pad_token_id` to `eos_token_id`:151645 for open-end generation.
Setting `pad_token_id` to `eos_token_id`:151645 for open-end generation.
Setting `pad_token_id` to `eos_token_id`:151645 for open-end generation.
Setting `pad_token_id` to `eos_token_id`:151645 for open-end generation.
Setting `pad_token_id` to `eos_token_id`:151645 for open-end generation.
Setting `pad_token_id` to `eos_token_id`:151645 for open-end generation.
Setting `pad_token_id` to `eos_token_id`:151645 for open-end generation.
[Debug] observation rotation: angle=180 pause=0.25s
[Debug] observation rotation: angle=270 pause=0.25s
[Debug] calling detection service: position_id=big+3+4 angle=0 prompt='desk . marker . lamp .'
[Debug] received detection service result: position_id=big+3+4 angle=0
[Debug] calling detection service: position_id=big+3+4 angle=90 prompt='desk . pillow .'
[Debug] received detection service result: position_id=big+3+4 angle=90
[Debug] calling detection service: position_id=big+3+4 angle=180 prompt='desk . tv . window .'
[Debug] received detection service result: position_id=big+3+4 angle=180
[Debug] calling detection service: position_id=big+3+4 angle=270 prompt='desk . laptop . bed . picture .'
[Debug] received detection service result: position_id=big+3+4 angle=270
[Debug] box_info_list_sum: [[{'label': 'lamp', 'box': [597, 501, 877, 973]}, {'label': 'desk', 'box': [407, 657, 973, 1022]}, {'label': 'marker', 'box': [530, 758, 542, 817]}], [], [{'label': 'window', 'box': [600, 434, 921, 674]}, {'label': 'tv', 'box': [169, 440, 528, 621]}, {'label': 'desk', 'box': [47, 914, 1023, 1023]}], [{'label': 'bed', 'box': [91, 595, 452, 848]}, {'label': 'laptop', 'box': [270, 648, 366, 721]}, {'label': 'picture', 'box': [476, 507, 569, 577]}]]
[Debug] dropped verified goal candidate: label=desk angle=0 box=[407, 657, 973, 1022] overlaps=dresser#69:0.390, desklamp#35:0.316, wall#249:0.201, wall#213:0.069, vase#178:0.015
dresser
[Debug] dropped verified goal candidate: label=desk angle=180 box=[47, 914, 1023, 1023] overlaps=floor#85:0.990, wall#188:0.009, wall#249:0.001
floor
painting
[Debug] max_similar_objs_list: [[('dresser', 0, 69, 0.6113646030426025, 'dresser', array([4.6272717 , 0.61419606, 2.7498634 ], dtype=float32))], [('floor', 180, 85, 0.6499540209770203, 'floor', array([3.2325, 0.    , 2.424 ], dtype=float32))], [('painting', 270, 108, 0.7150622606277466, 'painting', array([0.02135001, 1.3093275 , 2.0954473 ], dtype=float32))]]
[Debug] empty_position: [2]
Place 0 : {
    "Angle": 270,
    "Objects": [
        "painting"
    ]
}Place 1 : {
    "Angle": 0,
    "Objects": [
        "wall",
        "painting"
    ]
}{
    "Angle": 90,
    "Objects": [
        "sink"
    ]
}{
    "Angle": 180,
    "Objects": [
        "window"
    ]
}{
    "Angle": 270,
    "Objects": [
        "background",
        "shadow"
    ]
}Place 2 : {
    "Angle": 90,
    "Objects": [
        "folding table",
        "tv",
        "picture"
    ]
}{
    "Angle": 180,
    "Objects": [
        "snow covered buildings",
        "river"
    ]
}{
    "Angle": 270,
    "Objects": [
        "laptop",
        "teddy bear",
        "pillow"
    ]
}Place 3 : {
    "Angle": 0,
    "Objects": [
        "dresser"
    ]
}{
    "Angle": 90,
    "Objects": [
        "shadow",
        "pillow"
    ]
}{
    "Angle": 180,
    "Objects": [
        "tv"
    ]
}{
    "Angle": 270,
    "Objects": [
        "painting",
        "teddy bear"
    ]
}
[Debug] resolver candidates place=0: exact=1 relaxed_or_synthesized=4
[Debug] allowed planner objects: []
[Debug] allowed planner objects by place: {0: [], 2: []}
[Debug] resolver candidates place=0: exact=1 relaxed_or_synthesized=4
[Debug] no allowed planner objects and no deterministic fallback; stopping episode
[Timing] episode elapsed=86.154s sr=0 spl=0.0000 final_length=11.1746
[Timing] val_auto episode total elapsed=86.154s goal=desk sr=0 spl=0.0000 completed_eval_episodes=6/10
[Debug] selectable goal names count=52 sample=['apple', 'basketball', 'bed', 'book', 'bowl', 'box', 'bread', 'cellphone', 'chair', 'countertop']
[Debug] requested EFFICIENTNAV_TARGET_OBJECT='desk' not found in current house; skipping house
[Debug] skipping house because no target object could be selected
[Debug] selectable goal names count=23 sample=['book', 'candle', 'chair', 'creditcard', 'diningtable', 'dogbed', 'doorway', 'drawer', 'dresser', 'floor']
[Debug] requested EFFICIENTNAV_TARGET_OBJECT='desk' not found in current house; skipping house
[Debug] skipping house because no target object could be selected
[Debug] selectable goal names count=40 sample=['alarmclock', 'basketball', 'bed', 'book', 'bowl', 'candle', 'cd', 'cellphone', 'chair', 'creditcard']
[Debug] using requested target object=desk
[Debug] reachable_positions=359 candidate_objects_for_desk=1
[Debug] starting independent environment episode=1/1
[Debug] experiment setup: seed=7 goal_instance_index=random start_index=random start_rotation=270.0 start_point=(3.750, 0.901, 6.250)
[Timing] pathfinder goal-distance elapsed=0.127s found=True
real_distance:1.5606601717798212
[Debug] observation rotation: angle=0 pause=0.25s
[Debug] observation rotation: angle=90 pause=0.25s
[Debug] observation rotation: angle=180 pause=0.25s
[Debug] observation rotation: angle=270 pause=0.25s
[Debug] calling detection service: position_id=big+0+0 angle=0 prompt='desk . table . lamp . digital clock .'
[Debug] received detection service result: position_id=big+0+0 angle=0
[Debug] calling detection service: position_id=big+0+0 angle=90 prompt='desk . doorway . bed . window .'
[Debug] received detection service result: position_id=big+0+0 angle=90
[Debug] calling detection service: position_id=big+0+0 angle=180 prompt='desk . doorway . floor . wall .'
[Debug] received detection service result: position_id=big+0+0 angle=180
[Debug] calling detection service: position_id=big+0+0 angle=270 prompt='desk . dresser . window . potted plant .'
[Debug] received detection service result: position_id=big+0+0 angle=270
[Debug] box_info_list_sum: [[{'label': 'desk', 'box': [10, 672, 579, 1016]}, {'label': 'lamp', 'box': [231, 615, 306, 726]}], [{'label': 'window', 'box': [561, 440, 701, 612]}, {'label': 'bed', 'box': [1, 713, 463, 1022]}, {'label': 'doorway', 'box': [697, 421, 886, 818]}], [{'label': 'wall', 'box': [0, 0, 1023, 942]}, {'label': 'doorway', 'box': [582, 363, 870, 950]}], [{'label': 'window', 'box': [554, 458, 688, 586]}, {'label': 'potted plant', 'box': [467, 585, 545, 751]}]]
[Debug] preserving goal candidate: label=desk angle=0 obj_id=12 visible_ratio=0.063472 bbox=569x339 box_match=0.3400 detection_bbox=569x344
desk
desklamp
window
bed
doorway
wall
doorway
window
plant
[Debug] max_similar_objs_list: [[('desk', 0, 12, 1.0, 'desk', array([3.0712817, 0.4007243, 8.259719 ], dtype=float32))], [('desklamp', 0, 13, 0.7352255582809448, 'desklamp', array([2.8508606, 0.9856409, 8.159505 ], dtype=float32))], [('window', 90, 73, 1.0, 'window', array([6.531    , 1.5000001, 5.2169714], dtype=float32))], [('bed', 90, 3, 1.0, 'bed', array([5.8599143 , 0.33712292, 7.673498  ], dtype=float32))], [('doorway', 90, 16, 1.0, 'doorway', array([5.4898176, 1.0462728, 4.776655 ], dtype=float32))], [('wall', 180, 60, 1.0, 'wall', array([3.2655   , 2.4524524, 2.177    ], dtype=float32))], [('doorway', 180, 15, 1.0, 'doorway', array([2.981176 , 1.0500227, 4.354    ], dtype=float32))], [('window', 270, 74, 1.0, 'window', array([-2.9802322e-08,  1.4992814e+00,  7.0332365e+00], dtype=float32))], [('plant', 270, 34, 0.7787491083145142, 'plant', array([0.31499738, 0.54852486, 6.219814  ], dtype=float32))]]
[Debug] empty_position: []
Place 0 : {
    "Angle": 0,
    "Objects": [
        "desklamp",
        "table",
        "cell phone",
        "digital clock"
    ]
}{
    "Angle": 90,
    "Objects": [
        "bed",
        "doorway",
        "window",
        "basketball"
    ]
}{
    "Angle": 180,
    "Objects": [
        "doorway",
        "wall",
        "floor"
    ]
}{
    "Angle": 270,
    "Objects": [
        "dresser",
        "plant",
        "window"
    ]
}
[Debug] allowed planner objects: ['desk', 'doorway', 'window', 'desklamp', 'bed', 'plant']
[Debug] allowed planner objects by place: {0: ['desk', 'doorway', 'window', 'bed', 'plant', 'desklamp']}
[Debug] bypassing planner because goal is already observed: {"Place": 0, "Angle": 0, "Objects": ["desk"]}
{"Place": 0, "Angle": 0, "Objects": ["desk"]}
[Debug] planner selected: place=0, angle=0, objects=['desk']
last_key:[]
Setting `pad_token_id` to `eos_token_id`:151645 for open-end generation.
Setting `pad_token_id` to `eos_token_id`:151645 for open-end generation.
Setting `pad_token_id` to `eos_token_id`:151645 for open-end generation.
Setting `pad_token_id` to `eos_token_id`:151645 for open-end generation.
Setting `pad_token_id` to `eos_token_id`:151645 for open-end generation.
Setting `pad_token_id` to `eos_token_id`:151645 for open-end generation.
Setting `pad_token_id` to `eos_token_id`:151645 for open-end generation.
Setting `pad_token_id` to `eos_token_id`:151645 for open-end generation.
Setting `pad_token_id` to `eos_token_id`:151645 for open-end generation.
[Debug] allowed_targets_by_place[0] candidates: [('desk', 0, 12, 1.0, 'desk', array([3.0712817, 0.4007243, 8.259719 ], dtype=float32)), ('doorway', 90, 16, 1.0, 'doorway', array([5.4898176, 1.0462728, 4.776655 ], dtype=float32)), ('doorway', 180, 15, 1.0, 'doorway', array([2.981176 , 1.0500227, 4.354    ], dtype=float32)), ('window', 90, 73, 1.0, 'window', array([6.531    , 1.5000001, 5.2169714], dtype=float32)), ('window', 270, 74, 1.0, 'window', array([-2.9802322e-08,  1.4992814e+00,  7.0332365e+00], dtype=float32)), ('bed', 90, 3, 1.0, 'bed', array([5.8599143 , 0.33712292, 7.673498  ], dtype=float32)), ('plant', 270, 34, 0.7787491083145142, 'plant', array([0.31499738, 0.54852486, 6.219814  ], dtype=float32)), ('desklamp', 0, 13, 0.7352255582809448, 'desklamp', array([2.8508606, 0.9856409, 8.159505 ], dtype=float32))]
[Debug] resolved target tuple: ('desk', 0, 12, 1.0, 'desk', array([3.0712817, 0.4007243, 8.259719 ], dtype=float32)) from representative place 0
[Debug] resolved source place: 0 for representative place 0
0
final_goal:desk,sub_goal:desk,place:0,trajectory: desk in Place 0.
sub_target_id:12
target:desk
final_goal:desk
final_length:0
[Timing] pathfinder to-subgoal elapsed=0.139s found=True
[Debug] sub-goal visible on screen: label=desk ratio=0.066923 bbox=506x293
[Debug] calling detection service: position_id=goal-visible-1-0-1 angle=314 prompt='desk .'
[Debug] received detection service result: position_id=goal-visible-1-0-1 angle=314
[Debug] final goal visible on screen: label=desk ratio=0.066923 semantic_bbox=506x293 rgb_bbox=507x298
[Debug] saved final goal bbox: tmp/navigation_images/final_goal_visible_step_1.png
[Debug] final goal detected; approaching GT coordinates before stopping
[Timing] pathfinder final-approach elapsed=0.082s found=True
[Debug] close enough to final goal coordinates: label=desk distance=1.315
[Timing] episode elapsed=19.070s sr=1 spl=1.0000 final_length=0.8684
[Timing] val_auto episode total elapsed=19.071s goal=desk sr=1 spl=1.0000 completed_eval_episodes=7/10
[Debug] episode success: final_goal=desk sr=1 spl=1.0000 final_length=0.8684
[Debug] selectable goal names count=27 sample=['book', 'bowl', 'chair', 'countertop', 'creditcard', 'cup', 'diningtable', 'dishsponge', 'doorway', 'egg']
[Debug] requested EFFICIENTNAV_TARGET_OBJECT='desk' not found in current house; skipping house
[Debug] skipping house because no target object could be selected
[Debug] selectable goal names count=18 sample=['coffeemachine', 'countertop', 'cup', 'doorway', 'egg', 'floor', 'fridge', 'garbagecan', 'painting', 'pencil']
[Debug] requested EFFICIENTNAV_TARGET_OBJECT='desk' not found in current house; skipping house
[Debug] skipping house because no target object could be selected
[Debug] selectable goal names count=31 sample=['alarmclock', 'basketball', 'bed', 'book', 'bowl', 'box', 'cellphone', 'creditcard', 'desk', 'doorway']
[Debug] using requested target object=desk
[Debug] reachable_positions=225 candidate_objects_for_desk=1
[Debug] starting independent environment episode=1/1
[Debug] experiment setup: seed=7 goal_instance_index=random start_index=random start_rotation=270.0 start_point=(3.250, 0.901, 0.750)
[Timing] pathfinder goal-distance elapsed=0.143s found=True
real_distance:4.578427124746191
[Debug] observation rotation: angle=0 pause=0.25s
[Debug] observation rotation: angle=90 pause=0.25s
[Debug] observation rotation: angle=180 pause=0.25s
[Debug] observation rotation: angle=270 pause=0.25s
[Debug] get_observation skip angle=90 reason=depth
[Debug] calling detection service: position_id=big+0+0 angle=0 prompt='desk . doorway . window . mirror .'
[Debug] received detection service result: position_id=big+0+0 angle=0
[Debug] calling detection service: position_id=big+0+0 angle=180 prompt='desk . wall .'
[Debug] received detection service result: position_id=big+0+0 angle=180
[Debug] calling detection service: position_id=big+0+0 angle=270 prompt='desk . bed . nightstand . picture .'
[Debug] received detection service result: position_id=big+0+0 angle=270
[Debug] box_info_list_sum: [[{'label': 'window', 'box': [0, 447, 521, 681]}], [{'label': 'wall', 'box': [0, 0, 1023, 1023]}], [{'label': 'bed', 'box': [310, 647, 985, 953]}, {'label': 'picture', 'box': [104, 209, 1023, 625]}, {'label': 'nightstand', 'box': [906, 716, 1016, 793]}, {'label': 'desk', 'box': [23, 812, 377, 1023]}]]
window
wall
bed
painting
[Debug] dropped verified goal candidate: label=desk angle=270 box=[23, 812, 377, 1023] overlaps=dresser#14:0.529, wall#56:0.289, drawer#12:0.085, cellphone#7:0.052, floor#18:0.018
dresser
[Debug] max_similar_objs_list: [[('window', 0, 61, 1.0, 'window', array([2.5316477, 1.3024893, 3.465    ], dtype=float32))], [('wall', 180, 56, 1.0, 'wall', array([1.7325   , 1.3053861, 0.       ], dtype=float32))], [('bed', 270, 3, 1.0, 'bed', array([0.7232335 , 0.36331648, 1.2266802 ], dtype=float32))], [('painting', 270, 22, 0.7150622606277466, 'painting', array([2.1005561 , 1.8186146 , 0.01457472], dtype=float32))], [('dresser', 270, 14, 0.7508470416069031, 'dresser', array([2.4670677 , 0.41011727, 0.21858594], dtype=float32))]]
[Debug] empty_position: []
Place 0 : {
    "Angle": 0,
    "Objects": [
        "doorway",
        "mirror",
        "window"
    ]
}{
    "Angle": 180,
    "Objects": [
        "wall",
        "shadow"
    ]
}{
    "Angle": 270,
    "Objects": [
        "bed",
        "tv",
        "painting"
    ]
}
[Debug] allowed planner objects: ['window', 'bed', 'painting']
[Debug] allowed planner objects by place: {0: ['window', 'bed', 'painting']}
The above is a description of different places in different angles in the environment.Your can get to any place described in the json data. Your goal is to find the desk. Based on the above json data, please choose one specific object to travel to as your target. If your goal is already in the description, please choose it as the target. You must choose an object only from this allowed list: window, bed, painting. Do not output any object name that is not in the allowed list. Valid choosable objects by place are: Place 0: window, bed, painting. The Objects field must contain exactly one object from the chosen place list.Note that you can travel to door or door frame to other spaces if there are no clear evidence to choose the target.  Return exactly one JSON object by referring to the following template.
            {"Place": x, "Angle": x, "Objects": ["xxxx"] }
            If your goal is already in the description, please choose it as the target. You should not output any explanation, markdown, prose, examples, or extra text before or after the JSON. Note that your should choose only one object in one angle of one place in the json data as the target.
{"Place": "bed", "Angle": 270, "Objects": ["bed"]}
[Timing] planning mode=no-kv elapsed=1.581s
{"Place": 0, "Angle": 270, "Objects": ["bed"]}
[Debug] planner selected: place=0, angle=270, objects=['bed']
last_key:[]
[Debug] allowed_targets_by_place[0] candidates: [('window', 0, 61, 1.0, 'window', array([2.5316477, 1.3024893, 3.465    ], dtype=float32)), ('bed', 270, 3, 1.0, 'bed', array([0.7232335 , 0.36331648, 1.2266802 ], dtype=float32)), ('painting', 270, 22, 0.7150622606277466, 'painting', array([2.1005561 , 1.8186146 , 0.01457472], dtype=float32))]
[Debug] resolved target tuple: ('bed', 270, 3, 1.0, 'bed', array([0.7232335 , 0.36331648, 1.2266802 ], dtype=float32)) from representative place 0
[Debug] resolved source place: 0 for representative place 0
0
final_goal:desk,sub_goal:bed,place:0,trajectory: bed in Place 0.
sub_target_id:3
target:bed
final_goal:desk
final_length:0
[Timing] pathfinder to-subgoal elapsed=0.034s found=True
[Debug] sub-goal visible on screen: label=bed ratio=0.108584 bbox=489x351
[Debug] observation rotation: angle=0 pause=0.25s
[Debug] observation rotation: angle=90 pause=0.25s
[Debug] observation rotation: angle=180 pause=0.25s
[Debug] observation rotation: angle=270 pause=0.25s
[Debug] calling detection service: position_id=big+1+1 angle=0 prompt='desk . tv . window .'
[Debug] received detection service result: position_id=big+1+1 angle=0
Setting `pad_token_id` to `eos_token_id`:151645 for open-end generation.
Setting `pad_token_id` to `eos_token_id`:151645 for open-end generation.
Setting `pad_token_id` to `eos_token_id`:151645 for open-end generation.
Setting `pad_token_id` to `eos_token_id`:151645 for open-end generation.
[Debug] calling detection service: position_id=big+1+1 angle=90 prompt='desk . sink . toilet . bathroom stall door .'
[Debug] received detection service result: position_id=big+1+1 angle=90
[Debug] calling detection service: position_id=big+1+1 angle=180 prompt='desk . dresser . bed . picture .'
[Debug] received detection service result: position_id=big+1+1 angle=180
[Debug] calling detection service: position_id=big+1+1 angle=270 prompt='desk . bed . tv . painting .'
[Debug] received detection service result: position_id=big+1+1 angle=270
[Debug] box_info_list_sum: [[{'label': 'tv', 'box': [0, 287, 130, 656]}, {'label': 'window', 'box': [135, 432, 875, 721]}], [{'label': 'toilet', 'box': [275, 572, 381, 684]}, {'label': 'sink', 'box': [186, 587, 290, 626]}], [{'label': 'picture', 'box': [271, 284, 885, 562]}, {'label': 'bed', 'box': [649, 869, 1023, 1023]}], [{'label': 'bed', 'box': [1, 799, 1023, 1022]}, {'label': 'painting', 'box': [170, 336, 646, 558]}, {'label': 'tv', 'box': [665, 287, 1023, 657]}]]
tv
toilet
sink
painting
painting
[Debug] max_similar_objs_list: [[('tv', 0, 36, 1.0, 'tv', array([0.06106793, 1.6950786 , 2.6150322 ], dtype=float32))], [('toilet', 90, 37, 1.0, 'toilet', array([6.634147  , 0.47275954, 3.0087953 ], dtype=float32))], [('sink', 90, 33, 1.0, 'sink', array([5.422983 , 0.4880426, 3.161998 ], dtype=float32))], [('painting', 180, 21, 0.7150622606277466, 'painting', array([1.2596687, 1.7560482, 0.02135  ], dtype=float32))], [('painting', 270, 24, 1.0, 'painting', array([0.01299965, 1.7934172 , 1.3327105 ], dtype=float32))]]
[Debug] empty_position: []
Place 0 : {
    "Angle": 0,
    "Objects": [
        "doorway",
        "mirror",
        "window"
    ]
}{
    "Angle": 180,
    "Objects": [
        "wall",
        "shadow"
    ]
}Place 1 : {
    "Angle": 0,
    "Objects": [
        "tv"
    ]
}{
    "Angle": 90,
    "Objects": [
        "toilet",
        "sink",
        "bathroom stall door"
    ]
}{
    "Angle": 180,
    "Objects": [
        "dresser",
        "painting"
    ]
}{
    "Angle": 270,
    "Objects": [
        "painting",
        "remote control"
    ]
}
[Debug] resolver candidates place=0: exact=1 relaxed_or_synthesized=1
[Debug] allowed planner objects: []
[Debug] allowed planner objects by place: {0: []}
[Debug] resolver candidates place=0: exact=1 relaxed_or_synthesized=1
[Debug] bypassing planner because allowed target list is empty: {"Place": 0, "Angle": 0, "Objects": ["window"]}
{"Place": 0, "Angle": 0, "Objects": ["window"]}
[Debug] planner selected: place=0, angle=0, objects=['window']
last_key:['Place 0']
[Debug] allowed_targets_by_place[0] candidates: [('window', 0, 61, 1.0, 'window', array([2.5316477, 1.3024893, 3.465    ], dtype=float32)), ('sink', 90, 33, 1.0, 'sink', array([5.422983 , 0.4880426, 3.161998 ], dtype=float32)), ('toilet', 90, 37, 1.0, 'toilet', array([6.634147  , 0.47275954, 3.0087953 ], dtype=float32)), ('tv', 0, 36, 1.0, 'tv', array([0.06106793, 1.6950786 , 2.6150322 ], dtype=float32)), ('painting', 270, 24, 1.0, 'painting', array([0.01299965, 1.7934172 , 1.3327105 ], dtype=float32)), ('painting', 180, 21, 0.7150622606277466, 'painting', array([1.2596687, 1.7560482, 0.02135  ], dtype=float32)), ('painting', 270, 22, 0.7150622606277466, 'painting', array([2.1005561 , 1.8186146 , 0.01457472], dtype=float32))]
[Debug] resolved target tuple: ('window', 0, 61, 1.0, 'window', array([2.5316477, 1.3024893, 3.465    ], dtype=float32)) from representative place 0
[Debug] resolved source place: 0 for representative place 0
0
final_goal:desk,sub_goal:window,place:0,trajectory: bed in Place 0.window in Place 0.
sub_target_id:61
target:window
final_goal:desk
final_length:1.7071068286895752
[Timing] pathfinder to-subgoal elapsed=0.078s found=True
[Debug] sub-goal visible on screen: label=window ratio=0.098040 bbox=351x353
[Debug] calling detection service: position_id=goal-visible-2-1-6 angle=315 prompt='desk .'
[Debug] received detection service result: position_id=goal-visible-2-1-6 angle=315
[Debug] final goal visible on screen: label=desk ratio=0.011023 semantic_bbox=66x209 rgb_bbox=536x329
[Debug] saved final goal bbox: tmp/navigation_images/final_goal_visible_step_6.png
[Debug] final goal detected; approaching GT coordinates before stopping
[Timing] pathfinder final-approach elapsed=0.133s found=True
[Debug] close enough to final goal coordinates: label=desk distance=1.318
[Timing] episode elapsed=39.475s sr=1 spl=1.0000 final_length=4.4749
[Timing] val_auto episode total elapsed=39.475s goal=desk sr=1 spl=1.0000 completed_eval_episodes=8/10
[Debug] episode success: final_goal=desk sr=1 spl=1.0000 final_length=4.4749
[Debug] selectable goal names count=38 sample=['bowl', 'box', 'candle', 'cellphone', 'countertop', 'desklamp', 'diningtable', 'dogbed', 'doorway', 'egg']
[Debug] requested EFFICIENTNAV_TARGET_OBJECT='desk' not found in current house; skipping house
[Debug] skipping house because no target object could be selected
[Debug] selectable goal names count=25 sample=['apple', 'bowl', 'chair', 'countertop', 'creditcard', 'diningtable', 'doorway', 'drawer', 'floor', 'fridge']
[Debug] requested EFFICIENTNAV_TARGET_OBJECT='desk' not found in current house; skipping house
[Debug] skipping house because no target object could be selected
[Debug] selectable goal names count=30 sample=['baseballbat', 'basketball', 'bed', 'book', 'bowl', 'candle', 'chair', 'diningtable', 'doorway', 'drawer']
[Debug] requested EFFICIENTNAV_TARGET_OBJECT='desk' not found in current house; skipping house
[Debug] skipping house because no target object could be selected
[Debug] selectable goal names count=62 sample=['alarmclock', 'baseballbat', 'basketball', 'bed', 'book', 'bowl', 'box', 'butterknife', 'candle', 'cd']
[Debug] using requested target object=desk
[Debug] reachable_positions=1834 candidate_objects_for_desk=1
[Debug] starting independent environment episode=1/1
[Debug] experiment setup: seed=7 goal_instance_index=random start_index=random start_rotation=270.0 start_point=(1.000, 0.901, 4.250)
[Timing] pathfinder goal-distance elapsed=7.000s found=True
real_distance:21.1066017177982
[Debug] observation rotation: angle=0 pause=0.25s
[Debug] observation rotation: angle=90 pause=0.25s
[Debug] observation rotation: angle=180 pause=0.25s
[Debug] observation rotation: angle=270 pause=0.25s
[Debug] calling detection service: position_id=big+0+0 angle=0 prompt='desk . brown background .'
[Debug] received detection service result: position_id=big+0+0 angle=0
[Debug] calling detection service: position_id=big+0+0 angle=90 prompt='desk . floor . wall .'
[Debug] received detection service result: position_id=big+0+0 angle=90
[Debug] calling detection service: position_id=big+0+0 angle=180 prompt='desk . toilet . trash can .'
[Debug] received detection service result: position_id=big+0+0 angle=180
[Debug] calling detection service: position_id=big+0+0 angle=270 prompt='desk . sink . faucet .'
[Debug] received detection service result: position_id=big+0+0 angle=270
[Debug] box_info_list_sum: [[{'label': 'brown background', 'box': [0, 0, 1024, 1024]}], [{'label': 'wall', 'box': [0, 0, 1024, 1024]}], [{'label': 'toilet', 'box': [510, 574, 645, 727]}], [{'label': 'faucet', 'box': [453, 685, 726, 855]}, {'label': 'sink', 'box': [273, 822, 968, 1023]}]]
wall
wall
toilet
faucet
sink
[Debug] max_similar_objs_list: [[('wall', 0, 172, 0.5578507781028748, 'wall', array([0.803    , 2.2174852, 2.4095   ], dtype=float32))], [('wall', 90, 173, 1.0, 'wall', array([0.8030002, 2.217485 , 2.4094996], dtype=float32))], [('toilet', 180, 164, 1.0, 'toilet', array([0.51143354, 0.51895666, 0.28974193], dtype=float32))], [('faucet', 270, 76, 1.0, 'faucet', array([0.150396 , 1.1190457, 4.376542 ], dtype=float32))], [('sink', 270, 146, 1.0, 'sink', array([0.3461714, 0.4927994, 4.376542 ], dtype=float32))]]
[Debug] empty_position: []
Place 0 : {
    "Angle": 0,
    "Objects": [
        "shadows",
        "wall"
    ]
}{
    "Angle": 180,
    "Objects": [
        "toilet",
        "trash can"
    ]
}{
    "Angle": 270,
    "Objects": [
        "faucet",
        "sink"
    ]
}
Setting `pad_token_id` to `eos_token_id`:151645 for open-end generation.
Setting `pad_token_id` to `eos_token_id`:151645 for open-end generation.
Setting `pad_token_id` to `eos_token_id`:151645 for open-end generation.
Setting `pad_token_id` to `eos_token_id`:151645 for open-end generation.
Setting `pad_token_id` to `eos_token_id`:151645 for open-end generation.
Setting `pad_token_id` to `eos_token_id`:151645 for open-end generation.
Setting `pad_token_id` to `eos_token_id`:151645 for open-end generation.
Setting `pad_token_id` to `eos_token_id`:151645 for open-end generation.
Setting `pad_token_id` to `eos_token_id`:151645 for open-end generation.
Setting `pad_token_id` to `eos_token_id`:151645 for open-end generation.
[Debug] allowed planner objects: ['sink', 'toilet', 'faucet']
[Debug] allowed planner objects by place: {0: ['sink', 'toilet', 'faucet']}
The above is a description of different places in different angles in the environment.Your can get to any place described in the json data. Your goal is to find the desk. Based on the above json data, please choose one specific object to travel to as your target. If your goal is already in the description, please choose it as the target. You must choose an object only from this allowed list: sink, toilet, faucet. Do not output any object name that is not in the allowed list. Valid choosable objects by place are: Place 0: sink, toilet, faucet. The Objects field must contain exactly one object from the chosen place list.Note that you can travel to door or door frame to other spaces if there are no clear evidence to choose the target.  Return exactly one JSON object by referring to the following template.
            {"Place": x, "Angle": x, "Objects": ["xxxx"] }
            If your goal is already in the description, please choose it as the target. You should not output any explanation, markdown, prose, examples, or extra text before or after the JSON. Note that your should choose only one object in one angle of one place in the json data as the target.
{"Place": "sink", "Angle": 270, "Objects": ["faucet"]}
[Timing] planning mode=no-kv elapsed=1.610s
{"Place": 0, "Angle": 270, "Objects": ["sink"]}
[Debug] planner selected: place=0, angle=270, objects=['sink']
last_key:[]
[Debug] allowed_targets_by_place[0] candidates: [('sink', 270, 146, 1.0, 'sink', array([0.3461714, 0.4927994, 4.376542 ], dtype=float32)), ('toilet', 180, 164, 1.0, 'toilet', array([0.51143354, 0.51895666, 0.28974193], dtype=float32)), ('faucet', 270, 76, 1.0, 'faucet', array([0.150396 , 1.1190457, 4.376542 ], dtype=float32))]
[Debug] resolved target tuple: ('sink', 270, 146, 1.0, 'sink', array([0.3461714, 0.4927994, 4.376542 ], dtype=float32)) from representative place 0
[Debug] resolved source place: 0 for representative place 0
0
final_goal:desk,sub_goal:sink,place:0,trajectory: sink in Place 0.
sub_target_id:146
target:sink
final_goal:desk
final_length:0
[Timing] pathfinder to-subgoal elapsed=0.142s found=True
[Debug] sub-goal visible on screen: label=sink ratio=0.050503 bbox=441x247
[Debug] observation rotation: angle=0 pause=0.25s
[Debug] observation rotation: angle=90 pause=0.25s
[Debug] observation rotation: angle=180 pause=0.25s
[Debug] observation rotation: angle=270 pause=0.25s
[Debug] get_observation skip angle=270 reason=depth
[Debug] calling detection service: position_id=big+1+1 angle=0 prompt='desk . faucet .'
[Debug] received detection service result: position_id=big+1+1 angle=0
[Debug] calling detection service: position_id=big+1+1 angle=90 prompt='desk . chair . tv stand . lamp .'
[Debug] received detection service result: position_id=big+1+1 angle=90
[Debug] calling detection service: position_id=big+1+1 angle=180 prompt='desk . toilet . trash bin .'
[Debug] received detection service result: position_id=big+1+1 angle=180
[Debug] box_info_list_sum: [[{'label': 'faucet', 'box': [261, 709, 533, 1022]}], [{'label': 'chair', 'box': [804, 583, 966, 740]}, {'label': 'desk', 'box': [599, 564, 671, 629]}, {'label': 'tv stand', 'box': [707, 553, 818, 733]}], [{'label': 'toilet', 'box': [399, 577, 546, 760]}, {'label': 'trash bin', 'box': [482, 695, 560, 866]}, {'label': 'desk', 'box': [72, 726, 592, 1023]}]]
chair
[Debug] dropped verified goal candidate: label=desk angle=90 box=[599, 564, 671, 629] overlaps=wall#184:0.405, diningtable#43:0.245, floor#84:0.169, wall#197:0.150, statue#155:0.016
floor
garbagecan
[Debug] dropped verified goal candidate: label=desk angle=180 box=[72, 726, 592, 1023] overlaps=floor#83:0.637, doorway#52:0.147, wall#173:0.067, garbagecan#90:0.058, wall#171:0.042
floor
[Debug] max_similar_objs_list: [[('chair', 90, 3, 1.0, 'chair', array([4.289521  , 0.49878952, 0.6077599 ], dtype=float32))], [('floor', 90, 84, 0.6499540209770203, 'floor', array([4.016  , 0.     , 2.00775], dtype=float32))], [('garbagecan', 180, 90, 0.6123936772346497, 'garbagecan', array([0.19986778, 0.32831195, 1.311135  ], dtype=float32))], [('floor', 180, 83, 0.6499540209770203, 'floor', array([0.803 , 0.    , 2.4095], dtype=float32))]]
[Debug] empty_position: [0]
Place 0 : {
    "Angle": 0,
    "Objects": [
        "shadows",
        "wall"
    ]
}{
    "Angle": 180,
    "Objects": [
        "toilet",
        "trash can"
    ]
}Place 1 : {
    "Angle": 0,
    "Objects": [
        "faucet"
    ]
}{
    "Angle": 90,
    "Objects": [
        "lamp",
        "chair"
    ]
}{
    "Angle": 180,
    "Objects": [
        "garbagecan"
    ]
}
[Debug] resolver candidates place=0: exact=1 relaxed_or_synthesized=1
[Debug] allowed planner objects: ['chair', 'garbagecan']
[Debug] allowed planner objects by place: {0: [], 1: ['chair', 'garbagecan']}
The above is a description of different places in different angles in the environment.Your can get to any place described in the json data. Your goal is to find the desk. Based on the above json data, please choose one specific object to travel to as your target. If your goal is already in the description, please choose it as the target. You must choose an object only from this allowed list: chair, garbagecan. Do not output any object name that is not in the allowed list. Valid choosable objects by place are: Place 1: chair, garbagecan. The Objects field must contain exactly one object from the chosen place list.Note that you can travel to door or door frame to other spaces if there are no clear evidence to choose the target.  Return exactly one JSON object by referring to the following template.
            {"Place": x, "Angle": x, "Objects": ["xxxx"] }
            If your goal is already in the description, please choose it as the target. You should not output any explanation, markdown, prose, examples, or extra text before or after the JSON. Note that your should choose only one object in one angle of one place in the json data as the target.
{"Place": "garbagecan", "Angle": 180, "Objects": ["garbagecan"]}
[Timing] planning mode=no-kv elapsed=1.648s
{"Place": 1, "Angle": 180, "Objects": ["garbagecan"]}
[Debug] planner selected: place=1, angle=180, objects=['garbagecan']
last_key:['Place 0']
[Debug] allowed_targets_by_place[1] candidates: [('chair', 90, 3, 1.0, 'chair', array([4.289521  , 0.49878952, 0.6077599 ], dtype=float32)), ('garbagecan', 180, 90, 0.6123936772346497, 'garbagecan', array([0.19986778, 0.32831195, 1.311135  ], dtype=float32))]
[Debug] resolved target tuple: ('garbagecan', 180, 90, 0.6123936772346497, 'garbagecan', array([0.19986778, 0.32831195, 1.311135  ], dtype=float32)) from representative place 1
[Debug] resolved source place: 1 for representative place 1
1
final_goal:desk,sub_goal:garbagecan,place:1,trajectory: sink in Place 0.garbagecan in Place 1.
sub_target_id:90
target:garbagecan
final_goal:desk
final_length:1.3106602430343628
[Timing] pathfinder to-subgoal elapsed=0.879s found=True
[Debug] sub-goal visible on screen: label=garbagecan ratio=0.023008 bbox=111x268
[Debug] observation rotation: angle=0 pause=0.25s
[Debug] observation rotation: angle=90 pause=0.25s
[Debug] observation rotation: angle=180 pause=0.25s
[Debug] observation rotation: angle=270 pause=0.25s
[Debug] calling detection service: position_id=big+2+2 angle=0 prompt='desk . sink . broom . picture frame .'
[Debug] received detection service result: position_id=big+2+2 angle=0
[Debug] calling detection service: position_id=big+2+2 angle=90 prompt='desk . sofa . mirror .'
[Debug] received detection service result: position_id=big+2+2 angle=90
[Debug] calling detection service: position_id=big+2+2 angle=180 prompt='desk . candle . candle holder .'
[Debug] received detection service result: position_id=big+2+2 angle=180
[Debug] calling detection service: position_id=big+2+2 angle=270 prompt='desk . brown background .'
[Debug] received detection service result: position_id=big+2+2 angle=270
Setting `pad_token_id` to `eos_token_id`:151645 for open-end generation.
Setting `pad_token_id` to `eos_token_id`:151645 for open-end generation.
Setting `pad_token_id` to `eos_token_id`:151645 for open-end generation.
Setting `pad_token_id` to `eos_token_id`:151645 for open-end generation.
Setting `pad_token_id` to `eos_token_id`:151645 for open-end generation.
Setting `pad_token_id` to `eos_token_id`:151645 for open-end generation.
Setting `pad_token_id` to `eos_token_id`:151645 for open-end generation.
Setting `pad_token_id` to `eos_token_id`:151645 for open-end generation.
Setting `pad_token_id` to `eos_token_id`:151645 for open-end generation.
[Debug] box_info_list_sum: [[{'label': 'picture frame', 'box': [314, 340, 389, 510]}, {'label': 'broom', 'box': [394, 769, 430, 916]}, {'label': 'sink', 'box': [433, 592, 537, 640]}], [{'label': 'sofa', 'box': [0, 589, 168, 752]}, {'label': 'mirror', 'box': [0, 258, 209, 1023]}], [{'label': 'desk', 'box': [618, 794, 951, 1023]}], [{'label': 'brown background', 'box': [0, 0, 1024, 1024]}]]
painting
sofa
doorway
[Debug] dropped verified goal candidate: label=desk angle=180 box=[618, 794, 951, 1023] overlaps=toilet#164:0.615, wall#171:0.286, toiletpaper#166:0.050, candle#25:0.031, wall#174:0.017
wall
[Debug] max_similar_objs_list: [[('painting', 0, 101, 0.5644656419754028, 'painting', array([0.0208705, 1.7945399, 2.6420193], dtype=float32))], [('sofa', 90, 150, 1.0, 'sofa', array([4.7806606, 0.408084 , 4.3388815], dtype=float32))], [('doorway', 90, 52, 0.642623782157898, 'doorway', array([2.038085 , 1.0479664, 2.6319146], dtype=float32))], [('wall', 270, 171, 0.5578507781028748, 'wall', array([0.       , 2.2174852, 2.4094996], dtype=float32))]]
[Debug] empty_position: []
Place 0 : {
    "Angle": 0,
    "Objects": [
        "shadows",
        "wall"
    ]
}{
    "Angle": 180,
    "Objects": [
        "toilet",
        "trash can"
    ]
}Place 1 : {
    "Angle": 0,
    "Objects": [
        "faucet"
    ]
}{
    "Angle": 90,
    "Objects": [
        "lamp",
        "chair"
    ]
}Place 2 : {
    "Angle": 0,
    "Objects": [
        "painting"
    ]
}{
    "Angle": 90,
    "Objects": [
        "doorway",
        "sofa"
    ]
}{
    "Angle": 180,
    "Objects": [
        "candle holder",
        "candle"
    ]
}
[Debug] resolver candidates place=0: exact=1 relaxed_or_synthesized=1
[Debug] allowed planner objects: ['doorway', 'sofa', 'painting']
[Debug] allowed planner objects by place: {0: [], 1: [], 2: ['doorway', 'sofa', 'painting']}
The above is a description of different places in different angles in the environment.Your can get to any place described in the json data. Your goal is to find the desk. Based on the above json data, please choose one specific object to travel to as your target. If your goal is already in the description, please choose it as the target. You must choose an object only from this allowed list: doorway, sofa, painting. Do not output any object name that is not in the allowed list. Valid choosable objects by place are: Place 2: doorway, sofa, painting. The Objects field must contain exactly one object from the chosen place list.Note that you can travel to door or door frame to other spaces if there are no clear evidence to choose the target.  Return exactly one JSON object by referring to the following template.
            {"Place": x, "Angle": x, "Objects": ["xxxx"] }
            If your goal is already in the description, please choose it as the target. You should not output any explanation, markdown, prose, examples, or extra text before or after the JSON. Note that your should choose only one object in one angle of one place in the json data as the target.
{"Place": "doorway", "Angle": 90, "Objects": ["sofa"]}
[Timing] planning mode=no-kv elapsed=1.580s
{"Place": 2, "Angle": 90, "Objects": ["doorway"]}
[Debug] planner selected: place=2, angle=90, objects=['doorway']
last_key:['Place 0', 'Place 1']
[Debug] allowed_targets_by_place[2] candidates: [('doorway', 90, 52, 0.642623782157898, 'doorway', array([2.038085 , 1.0479664, 2.6319146], dtype=float32)), ('sofa', 90, 150, 1.0, 'sofa', array([4.7806606, 0.408084 , 4.3388815], dtype=float32)), ('painting', 0, 101, 0.5644656419754028, 'painting', array([0.0208705, 1.7945399, 2.6420193], dtype=float32))]
[Debug] resolved target tuple: ('doorway', 90, 52, 0.642623782157898, 'doorway', array([2.038085 , 1.0479664, 2.6319146], dtype=float32)) from representative place 2
[Debug] resolved source place: 2 for representative place 2
2
final_goal:desk,sub_goal:doorway,place:2,trajectory: sink in Place 0.garbagecan in Place 1.doorway in Place 2.
sub_target_id:52
target:doorway
final_goal:desk
final_length:5.1997480392456055
[Timing] pathfinder to-subgoal elapsed=0.327s found=True
[Debug] sub-goal visible on screen: label=doorway ratio=0.113396 bbox=405x790
Agent is within 1m of the target. Stopping.
[Debug] observation rotation: angle=0 pause=0.25s
[Debug] observation rotation: angle=90 pause=0.25s
[Debug] observation rotation: angle=180 pause=0.25s
[Debug] observation rotation: angle=270 pause=0.25s
[Debug] calling detection service: position_id=big+3+3 angle=0 prompt='desk . sink . window .'
[Debug] received detection service result: position_id=big+3+3 angle=0
[Debug] calling detection service: position_id=big+3+3 angle=90 prompt='desk . table . doorway . lamp .'
[Debug] received detection service result: position_id=big+3+3 angle=90
[Debug] calling detection service: position_id=big+3+3 angle=180 prompt='desk . shelf . toilet .'
[Debug] received detection service result: position_id=big+3+3 angle=180
[Debug] calling detection service: position_id=big+3+3 angle=270 prompt='desk . bowl . trash can .'
[Debug] received detection service result: position_id=big+3+3 angle=270
[Debug] box_info_list_sum: [[{'label': 'sink', 'box': [0, 639, 204, 758]}], [{'label': 'doorway', 'box': [257, 462, 360, 677]}], [{'label': 'shelf', 'box': [65, 168, 755, 1022]}, {'label': 'toilet', 'box': [779, 625, 1023, 930]}], []]
doorway
[Debug] max_similar_objs_list: [[('doorway', 90, 51, 1.0, 'doorway', array([6.426792 , 1.0371885, 4.396324 ], dtype=float32))]]
[Debug] empty_position: [2]
Place 0 : {
    "Angle": 0,
    "Objects": [
        "shadows",
        "wall"
    ]
}{
    "Angle": 180,
    "Objects": [
        "toilet",
        "trash can"
    ]
}Place 1 : {
    "Angle": 0,
    "Objects": [
        "faucet"
    ]
}{
    "Angle": 90,
    "Objects": [
        "lamp",
        "chair"
    ]
}Place 2 : {
    "Angle": 0,
    "Objects": [
        "painting"
    ]
}{
    "Angle": 180,
    "Objects": [
        "candle holder",
        "candle"
    ]
}Place 3 : {
    "Angle": 0,
    "Objects": [
        "window"
    ]
}{
    "Angle": 90,
    "Objects": [
        "doorway",
        "lamp",
        "table",
        "sofa"
    ]
}{
    "Angle": 180,
    "Objects": [
        "toilet"
    ]
}{
    "Angle": 270,
    "Objects": [
        "trash can",
        "bowl"
    ]
}
[Debug] resolver candidates place=0: exact=1 relaxed_or_synthesized=1
[Debug] resolver candidates place=2: exact=1 relaxed_or_synthesized=1
[Debug] allowed planner objects: ['doorway']
[Debug] allowed planner objects by place: {0: [], 1: [], 2: [], 3: ['doorway']}
[Debug] bypassing planner because only one target is allowed: {"Place": 3, "Angle": 90, "Objects": ["doorway"]}
{"Place": 3, "Angle": 90, "Objects": ["doorway"]}
[Debug] planner selected: place=3, angle=90, objects=['doorway']
last_key:['Place 0', 'Place 1', 'Place 2']
[Debug] allowed_targets_by_place[3] candidates: [('doorway', 90, 51, 1.0, 'doorway', array([6.426792 , 1.0371885, 4.396324 ], dtype=float32))]
[Debug] resolved target tuple: ('doorway', 90, 51, 1.0, 'doorway', array([6.426792 , 1.0371885, 4.396324 ], dtype=float32)) from representative place 3
[Debug] resolved source place: 3 for representative place 3
3
final_goal:desk,sub_goal:doorway,place:3,trajectory: sink in Place 0.garbagecan in Place 1.doorway in Place 2.
sub_target_id:51
target:doorway
final_goal:desk
final_length:7.217514991760254
[Timing] pathfinder to-subgoal elapsed=2.263s found=True
[Debug] sub-goal visible on screen: label=doorway ratio=0.024227 bbox=159x251
Agent is within 1m of the target. Stopping.
[Debug] observation rotation: angle=0 pause=0.25s
[Debug] observation rotation: angle=90 pause=0.25s
[Debug] observation rotation: angle=180 pause=0.25s
[Debug] observation rotation: angle=270 pause=0.25s
[Debug] calling detection service: position_id=big+4+4 angle=0 prompt='desk . sofa . wall art .'
[Debug] received detection service result: position_id=big+4+4 angle=0
[Debug] calling detection service: position_id=big+4+4 angle=90 prompt='desk . doorway . wall .'
[Debug] received detection service result: position_id=big+4+4 angle=90
Setting `pad_token_id` to `eos_token_id`:151645 for open-end generation.
Setting `pad_token_id` to `eos_token_id`:151645 for open-end generation.
Setting `pad_token_id` to `eos_token_id`:151645 for open-end generation.
Setting `pad_token_id` to `eos_token_id`:151645 for open-end generation.
[Debug] calling detection service: position_id=big+4+4 angle=180 prompt='desk . plant .'
[Debug] received detection service result: position_id=big+4+4 angle=180
[Debug] calling detection service: position_id=big+4+4 angle=270 prompt='desk . sofa . trash can .'
[Debug] received detection service result: position_id=big+4+4 angle=270
[Debug] box_info_list_sum: [[{'label': 'sofa', 'box': [686, 634, 1011, 1022]}], [{'label': 'doorway', 'box': [102, 249, 721, 1021]}, {'label': 'desk', 'box': [825, 744, 1023, 1016]}], [{'label': 'plant', 'box': [3, 526, 207, 726]}], [{'label': 'sofa', 'box': [366, 686, 834, 1022]}]]
sofa
[Debug] dropped verified goal candidate: label=desk angle=90 box=[825, 744, 1023, 1016] overlaps=diningtable#43:0.525, wall#184:0.199, floor#84:0.160, plate#124:0.086, book#16:0.025
plant
[Debug] max_similar_objs_list: [[('sofa', 0, 149, 1.0, 'sofa', array([7.66728   , 0.44755417, 6.5834584 ], dtype=float32))], [('plant', 180, 91, 1.0, 'plant', array([7.4110813, 1.1300111, 2.746155 ], dtype=float32))]]
[Debug] empty_position: []
Place 0 : {
    "Angle": 0,
    "Objects": [
        "shadows",
        "wall"
    ]
}{
    "Angle": 180,
    "Objects": [
        "toilet",
        "trash can"
    ]
}Place 1 : {
    "Angle": 0,
    "Objects": [
        "faucet"
    ]
}{
    "Angle": 90,
    "Objects": [
        "lamp",
        "chair"
    ]
}Place 2 : {
    "Angle": 0,
    "Objects": [
        "painting"
    ]
}{
    "Angle": 180,
    "Objects": [
        "candle holder",
        "candle"
    ]
}Place 3 : {
    "Angle": 0,
    "Objects": [
        "window"
    ]
}{
    "Angle": 180,
    "Objects": [
        "toilet"
    ]
}{
    "Angle": 270,
    "Objects": [
        "trash can",
        "bowl"
    ]
}Place 4 : {
    "Angle": 0,
    "Objects": [
        "wall art",
        "sofa"
    ]
}{
    "Angle": 180,
    "Objects": [
        "desk",
        "plant"
    ]
}{
    "Angle": 270,
    "Objects": [
        "trash can"
    ]
}
[Debug] resolver candidates place=0: exact=1 relaxed_or_synthesized=1
[Debug] resolver candidates place=2: exact=1 relaxed_or_synthesized=1
[Debug] resolver candidates place=3: exact=2 relaxed_or_synthesized=4
[Debug] allowed planner objects: []
[Debug] allowed planner objects by place: {0: [], 1: [], 2: [], 3: []}
[Debug] resolver candidates place=0: exact=1 relaxed_or_synthesized=1
[Debug] resolver candidates place=2: exact=1 relaxed_or_synthesized=1
[Debug] resolver candidates place=3: exact=2 relaxed_or_synthesized=4
[Debug] bypassing planner because allowed target list is empty: {"Place": 3, "Angle": 0, "Objects": ["window"]}
{"Place": 3, "Angle": 0, "Objects": ["window"]}
[Debug] planner selected: place=3, angle=0, objects=['window']
last_key:['Place 0', 'Place 1', 'Place 2', 'Place 3']
[Debug] allowed_targets_by_place[3] candidates: [('sofa', 0, 149, 1.0, 'sofa', array([7.66728   , 0.44755417, 6.5834584 ], dtype=float32)), ('plant', 180, 91, 1.0, 'plant', array([7.4110813, 1.1300111, 2.746155 ], dtype=float32)), ('window', 0, 235, 0.5, 'window', array([8.032    , 1.4992062, 5.278039 ], dtype=float32)), ('toilet', 180, 164, 0.5, 'toilet', array([0.51143354, 0.51895666, 0.28974193], dtype=float32)), ('sofa', 90, 150, 0.5, 'sofa', array([4.7806606, 0.408084 , 4.3388815], dtype=float32)), ('diningtable', 90, 44, 0.5, 'diningtable', array([0.4480294 , 0.37110278, 6.3693876 ], dtype=float32)), ('floorlamp', 90, 86, 0.5, 'floorlamp', array([4.289493 , 0.9676012, 1.7794297], dtype=float32)), ('doorframe', 90, 46, 0.5, 'doorframe', array([4.1777697, 1.0478005, 8.032    ], dtype=float32))]
[Debug] resolved target tuple: ('window', 0, 235, 0.5, 'window', array([8.032    , 1.4992062, 5.278039 ], dtype=float32)) from representative place 3
[Debug] resolved source place: 3 for representative place 3
3
final_goal:desk,sub_goal:window,place:3,trajectory: sink in Place 0.garbagecan in Place 1.doorway in Place 2.window in Place 3.
sub_target_id:235
target:window
final_goal:desk
final_length:12.442388534545898
[Timing] pathfinder to-subgoal elapsed=2.289s found=True
[Debug] sub-goal visible on screen: label=window ratio=0.002268 bbox=29x82
[Debug] observation rotation: angle=0 pause=0.25s
[Debug] observation rotation: angle=90 pause=0.25s
[Debug] observation rotation: angle=180 pause=0.25s
[Debug] observation rotation: angle=270 pause=0.25s
[Debug] calling detection service: position_id=big+5+5 angle=0 prompt='desk . picture . window . sofa .'
[Debug] received detection service result: position_id=big+5+5 angle=0
[Debug] calling detection service: position_id=big+5+5 angle=90 prompt='desk . mountain . tree . river .'
[Debug] received detection service result: position_id=big+5+5 angle=90
[Debug] calling detection service: position_id=big+5+5 angle=180 prompt='desk . window . wall .'
[Debug] received detection service result: position_id=big+5+5 angle=180
[Debug] calling detection service: position_id=big+5+5 angle=270 prompt='desk . table . lamp . sofa .'
[Debug] received detection service result: position_id=big+5+5 angle=270
[Debug] box_info_list_sum: [[{'label': 'sofa', 'box': [328, 700, 672, 1022]}, {'label': 'window', 'box': [765, 0, 1023, 1022]}], [], [{'label': 'window', 'box': [0, 0, 226, 1024]}], [{'label': 'lamp', 'box': [483, 470, 553, 649]}, {'label': 'sofa', 'box': [299, 630, 604, 900]}, {'label': 'desk', 'box': [535, 564, 652, 627]}]]
window
floorlamp
[Debug] dropped verified goal candidate: label=desk angle=270 box=[535, 564, 652, 627] overlaps=wall#191:0.533, diningtable#44:0.261, floor#77:0.164, statue#154:0.015, book#17:0.015
floor
[Debug] max_similar_objs_list: [[('window', 0, 235, 1.0, 'window', array([8.032    , 1.4992062, 5.278039 ], dtype=float32))], [('floorlamp', 270, 87, 0.7215485572814941, 'floorlamp', array([3.695169  , 0.94490606, 5.2892113 ], dtype=float32))], [('floor', 270, 77, 0.6499540209770203, 'floor', array([4.016, 0.   , 4.016], dtype=float32))]]
[Debug] empty_position: []
Place 0 : {
    "Angle": 0,
    "Objects": [
        "shadows",
        "wall"
    ]
}{
    "Angle": 180,
    "Objects": [
        "toilet",
        "trash can"
    ]
}Place 1 : {
    "Angle": 0,
    "Objects": [
        "faucet"
    ]
}{
    "Angle": 90,
    "Objects": [
        "lamp",
        "chair"
    ]
}Place 2 : {
    "Angle": 0,
    "Objects": [
        "painting"
    ]
}{
    "Angle": 180,
    "Objects": [
        "candle holder",
        "candle"
    ]
}Place 3 : {
    "Angle": 180,
    "Objects": [
        "toilet"
    ]
}{
    "Angle": 270,
    "Objects": [
        "trash can",
        "bowl"
    ]
}Place 4 : {
    "Angle": 0,
    "Objects": [
        "wall art",
        "sofa"
    ]
}{
    "Angle": 180,
    "Objects": [
        "desk",
        "plant"
    ]
}{
    "Angle": 270,
    "Objects": [
        "trash can"
    ]
}Place 5 : {
    "Angle": 0,
    "Objects": [
        "picture",
        "window"
    ]
}{
    "Angle": 90,
    "Objects": [
        "mountain",
        "river",
        "clouds",
        "tree"
    ]
}{
    "Angle": 270,
    "Objects": [
        "floorlamp",
        "table"
    ]
}
[Debug] resolver candidates place=0: exact=1 relaxed_or_synthesized=1
[Debug] resolver candidates place=2: exact=1 relaxed_or_synthesized=1
[Debug] resolver candidates place=3: exact=1 relaxed_or_synthesized=5
[Debug] allowed planner objects: []
[Debug] allowed planner objects by place: {0: [], 1: [], 2: [], 3: []}
[Debug] resolver candidates place=0: exact=1 relaxed_or_synthesized=1
[Debug] resolver candidates place=2: exact=1 relaxed_or_synthesized=1
[Debug] resolver candidates place=3: exact=1 relaxed_or_synthesized=5
[Debug] bypassing planner because allowed target list is empty: {"Place": 3, "Angle": 0, "Objects": ["window"]}
{"Place": 3, "Angle": 0, "Objects": ["window"]}
[Debug] planner selected: place=3, angle=0, objects=['window']
last_key:['Place 0', 'Place 1', 'Place 2', 'Place 3', 'Place 3']
Setting `pad_token_id` to `eos_token_id`:151645 for open-end generation.
Setting `pad_token_id` to `eos_token_id`:151645 for open-end generation.
Setting `pad_token_id` to `eos_token_id`:151645 for open-end generation.
Setting `pad_token_id` to `eos_token_id`:151645 for open-end generation.
[Debug] allowed_targets_by_place[3] candidates: [('sofa', 0, 149, 1.0, 'sofa', array([7.66728   , 0.44755417, 6.5834584 ], dtype=float32)), ('plant', 180, 91, 1.0, 'plant', array([7.4110813, 1.1300111, 2.746155 ], dtype=float32)), ('floorlamp', 270, 87, 0.7215485572814941, 'floorlamp', array([3.695169  , 0.94490606, 5.2892113 ], dtype=float32)), ('toilet', 180, 164, 0.5, 'toilet', array([0.51143354, 0.51895666, 0.28974193], dtype=float32)), ('window', 0, 236, 0.5, 'window', array([ 3.213    ,  1.4978429, 23.31004  ], dtype=float32)), ('sofa', 90, 150, 0.5, 'sofa', array([4.7806606, 0.408084 , 4.3388815], dtype=float32)), ('diningtable', 90, 44, 0.5, 'diningtable', array([0.4480294 , 0.37110278, 6.3693876 ], dtype=float32)), ('floorlamp', 90, 86, 0.5, 'floorlamp', array([4.289493 , 0.9676012, 1.7794297], dtype=float32)), ('doorframe', 90, 46, 0.5, 'doorframe', array([4.1777697, 1.0478005, 8.032    ], dtype=float32))]
[Debug] resolved target tuple: ('window', 0, 236, 0.5, 'window', array([ 3.213    ,  1.4978429, 23.31004  ], dtype=float32)) from representative place 3
[Debug] resolved source place: 3 for representative place 3
3
final_goal:desk,sub_goal:window,place:3,trajectory: sink in Place 0.garbagecan in Place 1.doorway in Place 2.window in Place 3.
sub_target_id:236
target:window
final_goal:desk
final_length:19.874370574951172
[Timing] pathfinder to-subgoal elapsed=11.796s found=True
[Debug] calling detection service: position_id=goal-visible-6-5-70 angle=314 prompt='desk .'
[Debug] received detection service result: position_id=goal-visible-6-5-70 angle=314
[Debug] semantic goal candidate rejected by RGB detector: label=desk ratio=0.010319 semantic_bbox=117x205
[Debug] calling detection service: position_id=goal-visible-6-5-71 angle=315 prompt='desk .'
[Debug] received detection service result: position_id=goal-visible-6-5-71 angle=315
[Debug] semantic goal candidate rejected by RGB detector: label=desk ratio=0.010159 semantic_bbox=116x211
[Debug] calling detection service: position_id=goal-visible-6-5-76 angle=0 prompt='desk .'
[Debug] received detection service result: position_id=goal-visible-6-5-76 angle=0
[Debug] semantic goal candidate rejected by RGB detector: label=desk ratio=0.021250 semantic_bbox=161x303
[Debug] calling detection service: position_id=goal-visible-6-5-77 angle=0 prompt='desk .'
[Debug] received detection service result: position_id=goal-visible-6-5-77 angle=0
[Debug] semantic goal candidate rejected by RGB detector: label=desk ratio=0.045171 semantic_bbox=245x336
[Debug] calling detection service: position_id=goal-visible-6-5-78 angle=0 prompt='desk .'
[Debug] received detection service result: position_id=goal-visible-6-5-78 angle=0
[Debug] semantic goal candidate rejected by RGB detector: label=desk ratio=0.057358 semantic_bbox=284x377
[Debug] calling detection service: position_id=goal-visible-6-5-79 angle=0 prompt='desk .'
[Debug] received detection service result: position_id=goal-visible-6-5-79 angle=0
[Debug] semantic goal candidate rejected by RGB detector: label=desk ratio=0.056784 semantic_bbox=290x429
[Debug] calling detection service: position_id=goal-visible-6-5-80 angle=0 prompt='desk .'
[Debug] received detection service result: position_id=goal-visible-6-5-80 angle=0
[Debug] semantic goal candidate rejected by RGB detector: label=desk ratio=0.043990 semantic_bbox=270x498
[Debug] calling detection service: position_id=goal-visible-6-5-81 angle=0 prompt='desk .'
[Debug] received detection service result: position_id=goal-visible-6-5-81 angle=0
[Debug] semantic goal candidate rejected by RGB detector: label=desk ratio=0.033408 semantic_bbox=247x350
[Debug] calling detection service: position_id=goal-visible-6-5-82 angle=0 prompt='desk .'
[Debug] received detection service result: position_id=goal-visible-6-5-82 angle=0
[Debug] semantic goal candidate rejected by RGB detector: label=desk ratio=0.035445 semantic_bbox=220x394
[Debug] calling detection service: position_id=goal-visible-6-5-83 angle=0 prompt='desk .'
[Debug] received detection service result: position_id=goal-visible-6-5-83 angle=0
[Debug] semantic goal candidate rejected by RGB detector: label=desk ratio=0.032985 semantic_bbox=185x452
[Debug] calling detection service: position_id=goal-visible-6-5-84 angle=0 prompt='desk .'
[Debug] received detection service result: position_id=goal-visible-6-5-84 angle=0
[Debug] semantic goal candidate rejected by RGB detector: label=desk ratio=0.021642 semantic_bbox=142x491
[Debug] sub-goal visible on screen: label=window ratio=0.002100 bbox=25x136
[Debug] observation rotation: angle=0 pause=0.25s
[Debug] observation rotation: angle=90 pause=0.25s
[Debug] observation rotation: angle=180 pause=0.25s
[Debug] observation rotation: angle=270 pause=0.25s
[Debug] calling detection service: position_id=big+6+6 angle=0 prompt='desk . window . wall .'
[Debug] received detection service result: position_id=big+6+6 angle=0
[Debug] calling detection service: position_id=big+6+6 angle=90 prompt='desk . window . building .'
[Debug] received detection service result: position_id=big+6+6 angle=90
[Debug] calling detection service: position_id=big+6+6 angle=180 prompt='desk . laptop . bed . nightstand .'
[Debug] received detection service result: position_id=big+6+6 angle=180
[Debug] calling detection service: position_id=big+6+6 angle=270 prompt='desk . bed .'
[Debug] received detection service result: position_id=big+6+6 angle=270
[Debug] box_info_list_sum: [[{'label': 'wall', 'box': [0, 0, 796, 1024]}, {'label': 'window', 'box': [781, 0, 1022, 1023]}], [{'label': 'building', 'box': [1, 1, 1021, 1022]}], [], [{'label': 'bed', 'box': [0, 512, 171, 815]}, {'label': 'desk', 'box': [567, 924, 973, 1023]}]]
wall
window
bed
[Debug] dropped verified goal candidate: label=desk angle=270 box=[567, 924, 973, 1023] overlaps=dresser#70:0.857, wall#181:0.109, wall#175:0.034
dresser
[Debug] max_similar_objs_list: [[('wall', 0, 181, 1.0, 'wall', array([ 1.6065001,  2.2174852, 12.048    ], dtype=float32))], [('window', 0, 236, 1.0, 'window', array([ 3.213    ,  1.4978429, 23.31004  ], dtype=float32))], [('bed', 270, 9, 1.0, 'bed', array([ 0.5998996 ,  0.79175913, 21.535337  ], dtype=float32))], [('dresser', 270, 70, 0.7508470416069031, 'dresser', array([ 2.0045552 ,  0.33496875, 23.721642  ], dtype=float32))]]
[Debug] empty_position: []
Place 0 : {
    "Angle": 0,
    "Objects": [
        "shadows",
        "wall"
    ]
}{
    "Angle": 180,
    "Objects": [
        "toilet",
        "trash can"
    ]
}Place 1 : {
    "Angle": 0,
    "Objects": [
        "faucet"
    ]
}{
    "Angle": 90,
    "Objects": [
        "lamp",
        "chair"
    ]
}Place 2 : {
    "Angle": 0,
    "Objects": [
        "painting"
    ]
}{
    "Angle": 180,
    "Objects": [
        "candle holder",
        "candle"
    ]
}Place 3 : {
    "Angle": 180,
    "Objects": [
        "toilet"
    ]
}{
    "Angle": 270,
    "Objects": [
        "trash can",
        "bowl"
    ]
}Place 4 : {
    "Angle": 0,
    "Objects": [
        "wall art",
        "sofa"
    ]
}{
    "Angle": 180,
    "Objects": [
        "desk",
        "plant"
    ]
}{
    "Angle": 270,
    "Objects": [
        "trash can"
    ]
}Place 5 : {
    "Angle": 0,
    "Objects": [
        "picture",
        "window"
    ]
}{
    "Angle": 90,
    "Objects": [
        "mountain",
        "river",
        "clouds",
        "tree"
    ]
}{
    "Angle": 270,
    "Objects": [
        "floorlamp",
        "table"
    ]
}Place 6 : {
    "Angle": 0,
    "Objects": [
        "wall",
        "window"
    ]
}{
    "Angle": 90,
    "Objects": [
        "window"
    ]
}{
    "Angle": 180,
    "Objects": [
        "bed",
        "laptop",
        "window",
        "nightstand"
    ]
}{
    "Angle": 270,
    "Objects": [
        "bed",
        "dresser"
    ]
}
[Debug] resolver candidates place=0: exact=1 relaxed_or_synthesized=1
[Debug] resolver candidates place=2: exact=1 relaxed_or_synthesized=1
[Debug] resolver candidates place=3: exact=1 relaxed_or_synthesized=4
[Debug] allowed planner objects: ['dresser', 'bed']
[Debug] allowed planner objects by place: {0: [], 1: [], 2: [], 3: [], 6: ['bed', 'dresser']}
Setting `pad_token_id` to `eos_token_id`:151645 for open-end generation.
Setting `pad_token_id` to `eos_token_id`:151645 for open-end generation.
Setting `pad_token_id` to `eos_token_id`:151645 for open-end generation.
Setting `pad_token_id` to `eos_token_id`:151645 for open-end generation.
Setting `pad_token_id` to `eos_token_id`:151645 for open-end generation.
The above is a description of different places in different angles in the environment.Your can get to any place described in the json data. Your goal is to find the desk. Based on the above json data, please choose one specific object to travel to as your target. If your goal is already in the description, please choose it as the target. You must choose an object only from this allowed list: dresser, bed. Do not output any object name that is not in the allowed list. Valid choosable objects by place are: Place 6: bed, dresser. The Objects field must contain exactly one object from the chosen place list.Note that you can travel to door or door frame to other spaces if there are no clear evidence to choose the target.  Return exactly one JSON object by referring to the following template.
            {"Place": x, "Angle": x, "Objects": ["xxxx"] }
            If your goal is already in the description, please choose it as the target. You should not output any explanation, markdown, prose, examples, or extra text before or after the JSON. Note that your should choose only one object in one angle of one place in the json data as the target.
{"Place": "bed", "Angle": 270, "Objects": ["bed"]}
[Timing] planning mode=no-kv elapsed=1.630s
{"Place": 6, "Angle": 270, "Objects": ["bed"]}
[Debug] planner selected: place=6, angle=270, objects=['bed']
last_key:['Place 0', 'Place 1', 'Place 2', 'Place 3', 'Place 3', 'Place 3']
[Debug] allowed_targets_by_place[6] candidates: [('bed', 270, 9, 1.0, 'bed', array([ 0.5998996 ,  0.79175913, 21.535337  ], dtype=float32)), ('dresser', 270, 70, 0.7508470416069031, 'dresser', array([ 2.0045552 ,  0.33496875, 23.721642  ], dtype=float32))]
[Debug] resolved target tuple: ('bed', 270, 9, 1.0, 'bed', array([ 0.5998996 ,  0.79175913, 21.535337  ], dtype=float32)) from representative place 6
[Debug] resolved source place: 6 for representative place 6
6
final_goal:desk,sub_goal:bed,place:6,trajectory: sink in Place 0.garbagecan in Place 1.doorway in Place 2.window in Place 3.bed in Place 6.
sub_target_id:9
target:bed
final_goal:desk
final_length:46.37741470336914
[Timing] pathfinder to-subgoal elapsed=0.168s found=True
[Debug] sub-goal visible on screen: label=bed ratio=0.031416 bbox=270x300
[Debug] observation rotation: angle=0 pause=0.25s
[Debug] observation rotation: angle=90 pause=0.25s
[Debug] observation rotation: angle=180 pause=0.25s
[Debug] observation rotation: angle=270 pause=0.25s
[Debug] calling detection service: position_id=big+7+7 angle=0 prompt='desk . bed . nightstand .'
[Debug] received detection service result: position_id=big+7+7 angle=0
[Debug] calling detection service: position_id=big+7+7 angle=90 prompt='desk . dresser . bed . vase .'
[Debug] received detection service result: position_id=big+7+7 angle=90
[Debug] calling detection service: position_id=big+7+7 angle=180 prompt='desk . doorway . bed .'
[Debug] received detection service result: position_id=big+7+7 angle=180
[Debug] calling detection service: position_id=big+7+7 angle=270 prompt='desk . bed . wall .'
[Debug] received detection service result: position_id=big+7+7 angle=270
[Debug] box_info_list_sum: [[{'label': 'bed', 'box': [0, 504, 339, 1022]}, {'label': 'nightstand', 'box': [566, 691, 751, 937]}], [{'label': 'bed', 'box': [0, 115, 620, 1020]}, {'label': 'dresser', 'box': [797, 652, 933, 813]}, {'label': 'vase', 'box': [819, 607, 849, 659]}], [{'label': 'bed', 'box': [691, 504, 1023, 1022]}], [{'label': 'wall', 'box': [0, 0, 1022, 548]}, {'label': 'bed', 'box': [0, 516, 1022, 1021]}]]
bed
drawer
wall
wall
[Debug] max_similar_objs_list: [[('bed', 90, 11, 1.0, 'bed', array([ 3.5337627,  1.1599566, 21.887924 ], dtype=float32))], [('drawer', 90, 62, 0.8022466897964478, 'drawer', array([ 4.4831376 ,  0.47524732, 19.558353  ], dtype=float32))], [('wall', 90, 178, 0.5753442049026489, 'wall', array([ 2.4094996,  2.2174852, 11.244997 ], dtype=float32))], [('wall', 270, 214, 1.0, 'wall', array([ 0.803    ,  2.2174852, 11.245    ], dtype=float32))]]
[Debug] empty_position: [0]
Place 0 : {
    "Angle": 0,
    "Objects": [
        "shadows",
        "wall"
    ]
}{
    "Angle": 180,
    "Objects": [
        "toilet",
        "trash can"
    ]
}Place 1 : {
    "Angle": 0,
    "Objects": [
        "faucet"
    ]
}{
    "Angle": 90,
    "Objects": [
        "lamp",
        "chair"
    ]
}Place 2 : {
    "Angle": 0,
    "Objects": [
        "painting"
    ]
}{
    "Angle": 180,
    "Objects": [
        "candle holder",
        "candle"
    ]
}Place 3 : {
    "Angle": 180,
    "Objects": [
        "toilet"
    ]
}{
    "Angle": 270,
    "Objects": [
        "trash can",
        "bowl"
    ]
}Place 4 : {
    "Angle": 0,
    "Objects": [
        "wall art",
        "sofa"
    ]
}{
    "Angle": 180,
    "Objects": [
        "desk",
        "plant"
    ]
}{
    "Angle": 270,
    "Objects": [
        "trash can"
    ]
}Place 5 : {
    "Angle": 0,
    "Objects": [
        "picture",
        "window"
    ]
}{
    "Angle": 90,
    "Objects": [
        "mountain",
        "river",
        "clouds",
        "tree"
    ]
}{
    "Angle": 270,
    "Objects": [
        "floorlamp",
        "table"
    ]
}Place 6 : {
    "Angle": 0,
    "Objects": [
        "wall",
        "window"
    ]
}{
    "Angle": 90,
    "Objects": [
        "window"
    ]
}{
    "Angle": 180,
    "Objects": [
        "bed",
        "laptop",
        "window",
        "nightstand"
    ]
}Place 7 : {
    "Angle": 0,
    "Objects": [
        "nightstand"
    ]
}{
    "Angle": 90,
    "Objects": [
        "bed",
        "drawer",
        "wall",
        "window"
    ]
}{
    "Angle": 180,
    "Objects": [
        "doorway"
    ]
}
[Debug] resolver candidates place=0: exact=1 relaxed_or_synthesized=1
[Debug] resolver candidates place=2: exact=1 relaxed_or_synthesized=1
[Debug] resolver candidates place=3: exact=1 relaxed_or_synthesized=4
[Debug] resolver candidates place=6: exact=0 relaxed_or_synthesized=1
[Debug] allowed planner objects: []
[Debug] allowed planner objects by place: {0: [], 1: [], 2: [], 3: [], 6: []}
[Debug] resolver candidates place=0: exact=1 relaxed_or_synthesized=1
[Debug] resolver candidates place=2: exact=1 relaxed_or_synthesized=1
[Debug] resolver candidates place=3: exact=1 relaxed_or_synthesized=4
[Debug] resolver candidates place=6: exact=0 relaxed_or_synthesized=1
[Debug] no allowed planner objects and no deterministic fallback; stopping episode
[Timing] episode elapsed=239.754s sr=0 spl=0.0000 final_length=48.6452
[Timing] val_auto episode total elapsed=239.754s goal=desk sr=0 spl=0.0000 completed_eval_episodes=9/10
[Debug] selectable goal names count=46 sample=['apple', 'book', 'bowl', 'butterknife', 'chair', 'countertop', 'creditcard', 'cup', 'desklamp', 'diningtable']
[Debug] requested EFFICIENTNAV_TARGET_OBJECT='desk' not found in current house; skipping house
[Debug] skipping house because no target object could be selected
[Debug] selectable goal names count=50 sample=['alarmclock', 'baseballbat', 'bed', 'book', 'bowl', 'cellphone', 'chair', 'countertop', 'cup', 'diningtable']
[Debug] requested EFFICIENTNAV_TARGET_OBJECT='desk' not found in current house; skipping house
[Debug] skipping house because no target object could be selected
[Debug] selectable goal names count=61 sample=['alarmclock', 'baseballbat', 'basketball', 'bed', 'book', 'bowl', 'box', 'butterknife', 'cabinet', 'candle']
[Debug] requested EFFICIENTNAV_TARGET_OBJECT='desk' not found in current house; skipping house
[Debug] skipping house because no target object could be selected
[Debug] selectable goal names count=24 sample=['book', 'box', 'chair', 'diningtable', 'doorway', 'drawer', 'dresser', 'floor', 'keychain', 'laptop']
[Debug] requested EFFICIENTNAV_TARGET_OBJECT='desk' not found in current house; skipping house
[Debug] skipping house because no target object could be selected
[Debug] selectable goal names count=75 sample=['alarmclock', 'apple', 'baseballbat', 'basketball', 'bed', 'book', 'boots', 'bowl', 'box', 'bread']
[Debug] using requested target object=desk
[Debug] reachable_positions=1364 candidate_objects_for_desk=1
[Debug] starting independent environment episode=1/1
Setting `pad_token_id` to `eos_token_id`:151645 for open-end generation.
Setting `pad_token_id` to `eos_token_id`:151645 for open-end generation.
Setting `pad_token_id` to `eos_token_id`:151645 for open-end generation.
Setting `pad_token_id` to `eos_token_id`:151645 for open-end generation.
Setting `pad_token_id` to `eos_token_id`:151645 for open-end generation.
Setting `pad_token_id` to `eos_token_id`:151645 for open-end generation.
Setting `pad_token_id` to `eos_token_id`:151645 for open-end generation.
Setting `pad_token_id` to `eos_token_id`:151645 for open-end generation.
Setting `pad_token_id` to `eos_token_id`:151645 for open-end generation.
[Debug] experiment setup: seed=7 goal_instance_index=random start_index=random start_rotation=270.0 start_point=(7.250, 0.901, 2.250)
[Timing] pathfinder goal-distance elapsed=1.587s found=True
real_distance:4.371320343559643
[Debug] observation rotation: angle=0 pause=0.25s
[Debug] observation rotation: angle=90 pause=0.25s
[Debug] observation rotation: angle=180 pause=0.25s
[Debug] observation rotation: angle=270 pause=0.25s
[Debug] calling detection service: position_id=big+0+0 angle=0 prompt='desk . table . sink . picture .'
[Debug] received detection service result: position_id=big+0+0 angle=0
[Debug] calling detection service: position_id=big+0+0 angle=90 prompt='desk . table . statue . book .'
[Debug] received detection service result: position_id=big+0+0 angle=90
[Debug] calling detection service: position_id=big+0+0 angle=180 prompt='desk . doorway . wall .'
[Debug] received detection service result: position_id=big+0+0 angle=180
[Debug] calling detection service: position_id=big+0+0 angle=270 prompt='desk . tv . sofa .'
[Debug] received detection service result: position_id=big+0+0 angle=270
[Debug] box_info_list_sum: [[{'label': 'picture', 'box': [0, 418, 840, 629]}], [{'label': 'book', 'box': [440, 728, 567, 806]}, {'label': 'statue', 'box': [438, 623, 497, 727]}], [{'label': 'doorway', 'box': [679, 387, 1022, 878]}], [{'label': 'tv', 'box': [273, 516, 455, 639]}, {'label': 'sofa', 'box': [657, 629, 1000, 986]}, {'label': 'desk', 'box': [238, 635, 475, 805]}]]
painting
book
statue
doorway
tv
sofa
[Debug] dropped verified goal candidate: label=desk angle=270 box=[238, 635, 475, 805] overlaps=tv#207:0.292, floor#95:0.139, shelf#168:0.103, shelf#167:0.091, shelf#169:0.088
shelf
[Debug] max_similar_objs_list: [[('painting', 0, 132, 0.7150622606277466, 'painting', array([5.6684675, 1.506531 , 3.87065  ], dtype=float32))], [('book', 90, 17, 1.0, 'book', array([8.743765  , 0.84231806, 2.2807345 ], dtype=float32))], [('statue', 90, 188, 1.0, 'statue', array([9.120919 , 1.0040152, 2.4061983], dtype=float32))], [('doorway', 180, 75, 1.0, 'doorway', array([5.5210104e+00, 1.0524565e+00, 7.4505806e-09], dtype=float32))], [('tv', 270, 194, 1.0, 'tv', array([4.2187614, 1.1540222, 1.4037536], dtype=float32))], [('sofa', 270, 179, 1.0, 'sofa', array([4.7559023, 0.4475542, 3.5272806], dtype=float32))], [('shelf', 270, 167, 0.692304790019989, 'shelf', array([4.2291675 , 0.59795403, 1.7703029 ], dtype=float32))]]
[Debug] empty_position: []
Place 0 : {
    "Angle": 0,
    "Objects": [
        "chairs",
        "painting",
        "table",
        "sink"
    ]
}{
    "Angle": 90,
    "Objects": [
        "book",
        "vase",
        "table",
        "statue"
    ]
}{
    "Angle": 180,
    "Objects": [
        "doorway",
        "wall"
    ]
}{
    "Angle": 270,
    "Objects": [
        "tv",
        "sofa"
    ]
}
[Debug] allowed planner objects: ['doorway', 'tv', 'statue', 'book', 'sofa', 'painting']
[Debug] allowed planner objects by place: {0: ['doorway', 'tv', 'statue', 'book', 'sofa', 'painting']}
The above is a description of different places in different angles in the environment.Your can get to any place described in the json data. Your goal is to find the desk. Based on the above json data, please choose one specific object to travel to as your target. If your goal is already in the description, please choose it as the target. You must choose an object only from this allowed list: doorway, tv, statue, book, sofa, painting. Do not output any object name that is not in the allowed list. Valid choosable objects by place are: Place 0: doorway, tv, statue, book, sofa, painting. The Objects field must contain exactly one object from the chosen place list.Note that you can travel to door or door frame to other spaces if there are no clear evidence to choose the target.  Return exactly one JSON object by referring to the following template.
            {"Place": x, "Angle": x, "Objects": ["xxxx"] }
            If your goal is already in the description, please choose it as the target. You should not output any explanation, markdown, prose, examples, or extra text before or after the JSON. Note that your should choose only one object in one angle of one place in the json data as the target.
{"Place": "sofa", "Angle": 270, "Objects": ["tv"]}
[Timing] planning mode=no-kv elapsed=1.614s
{"Place": 0, "Angle": 270, "Objects": ["sofa"]}
[Debug] planner selected: place=0, angle=270, objects=['sofa']
last_key:[]
[Debug] allowed_targets_by_place[0] candidates: [('doorway', 180, 75, 1.0, 'doorway', array([5.5210104e+00, 1.0524565e+00, 7.4505806e-09], dtype=float32)), ('tv', 270, 194, 1.0, 'tv', array([4.2187614, 1.1540222, 1.4037536], dtype=float32)), ('statue', 90, 188, 1.0, 'statue', array([9.120919 , 1.0040152, 2.4061983], dtype=float32)), ('book', 90, 17, 1.0, 'book', array([8.743765  , 0.84231806, 2.2807345 ], dtype=float32)), ('sofa', 270, 179, 1.0, 'sofa', array([4.7559023, 0.4475542, 3.5272806], dtype=float32)), ('painting', 0, 132, 0.7150622606277466, 'painting', array([5.6684675, 1.506531 , 3.87065  ], dtype=float32))]
[Debug] resolved target tuple: ('sofa', 270, 179, 1.0, 'sofa', array([4.7559023, 0.4475542, 3.5272806], dtype=float32)) from representative place 0
[Debug] resolved source place: 0 for representative place 0
0
final_goal:desk,sub_goal:sofa,place:0,trajectory: sofa in Place 0.
sub_target_id:179
target:sofa
final_goal:desk
final_length:0
[Timing] pathfinder to-subgoal elapsed=1.758s found=True
[Debug] sub-goal visible on screen: label=sofa ratio=0.047887 bbox=218x313
[Debug] observation rotation: angle=0 pause=0.25s
[Debug] observation rotation: angle=90 pause=0.25s
[Debug] observation rotation: angle=180 pause=0.25s
[Debug] observation rotation: angle=270 pause=0.25s
[Debug] calling detection service: position_id=big+1+1 angle=0 prompt='desk . table . chair . refrigerator .'
[Debug] received detection service result: position_id=big+1+1 angle=0
[Debug] calling detection service: position_id=big+1+1 angle=90 prompt='desk . dining table . chair . picture .'
[Debug] received detection service result: position_id=big+1+1 angle=90
[Debug] calling detection service: position_id=big+1+1 angle=180 prompt='desk . dark area .'
[Debug] received detection service result: position_id=big+1+1 angle=180
[Debug] calling detection service: position_id=big+1+1 angle=270 prompt='desk . chair .'
[Debug] received detection service result: position_id=big+1+1 angle=270
[Debug] box_info_list_sum: [[{'label': 'chair', 'box': [0, 669, 73, 829]}], [{'label': 'picture', 'box': [249, 438, 320, 490]}], [{'label': 'dark area', 'box': [0, 367, 1024, 1024]}], [{'label': 'desk', 'box': [794, 637, 1023, 813]}, {'label': 'chair', 'box': [938, 699, 1023, 856]}]]
chair
painting
wall
[Debug] dropped verified goal candidate: label=desk angle=270 box=[794, 637, 1023, 813] overlaps=floor#100:0.556, diningtable#66:0.189, chair#53:0.113, sidetable#174:0.074, statue#183:0.021
[Debug] max_similar_objs_list: [[('chair', 0, 53, 1.0, 'chair', array([2.2334852 , 0.39464667, 6.7539077 ], dtype=float32))], [('painting', 90, 128, 0.7150622606277466, 'painting', array([9.709129 , 2.0338395, 6.4509454], dtype=float32))], [('wall', 180, 225, 0.5234245657920837, 'wall', array([4.865    , 1.4514499, 1.9460001], dtype=float32))]]
[Debug] empty_position: [3]
Place 0 : {
    "Angle": 0,
    "Objects": [
        "chairs",
        "painting",
        "table",
        "sink"
    ]
}{
    "Angle": 90,
    "Objects": [
        "book",
        "vase",
        "table",
        "statue"
    ]
}{
    "Angle": 180,
    "Objects": [
        "doorway",
        "wall"
    ]
}Place 1 : {
    "Angle": 0,
    "Objects": [
        "kitchen counter",
        "chair",
        "table",
        "refrigerator"
    ]
}{
    "Angle": 90,
    "Objects": [
        "chair",
        "painting",
        "dining table"
    ]
}{
    "Angle": 180,
    "Objects": [
        "shadow",
        "wall"
    ]
}{
    "Angle": 270,
    "Objects": [
        "chair"
    ]
}
[Debug] resolver candidates place=0: exact=4 relaxed_or_synthesized=1
[Debug] allowed planner objects: ['chair', 'painting']
Setting `pad_token_id` to `eos_token_id`:151645 for open-end generation.
Setting `pad_token_id` to `eos_token_id`:151645 for open-end generation.
Setting `pad_token_id` to `eos_token_id`:151645 for open-end generation.
Setting `pad_token_id` to `eos_token_id`:151645 for open-end generation.
Setting `pad_token_id` to `eos_token_id`:151645 for open-end generation.
[Debug] allowed planner objects by place: {0: [], 1: ['chair', 'painting']}
The above is a description of different places in different angles in the environment.Your can get to any place described in the json data. Your goal is to find the desk. Based on the above json data, please choose one specific object to travel to as your target. If your goal is already in the description, please choose it as the target. You must choose an object only from this allowed list: chair, painting. Do not output any object name that is not in the allowed list. Valid choosable objects by place are: Place 1: chair, painting. The Objects field must contain exactly one object from the chosen place list.Note that you can travel to door or door frame to other spaces if there are no clear evidence to choose the target.  Return exactly one JSON object by referring to the following template.
            {"Place": x, "Angle": x, "Objects": ["xxxx"] }
            If your goal is already in the description, please choose it as the target. You should not output any explanation, markdown, prose, examples, or extra text before or after the JSON. Note that your should choose only one object in one angle of one place in the json data as the target.
{"Place": "chair", "Angle": 0, "Objects": ["chair"]}
[Timing] planning mode=no-kv elapsed=1.573s
{"Place": 1, "Angle": 0, "Objects": ["chair"]}
[Debug] planner selected: place=1, angle=0, objects=['chair']
last_key:['Place 0']
[Debug] allowed_targets_by_place[1] candidates: [('chair', 0, 53, 1.0, 'chair', array([2.2334852 , 0.39464667, 6.7539077 ], dtype=float32)), ('painting', 90, 128, 0.7150622606277466, 'painting', array([9.709129 , 2.0338395, 6.4509454], dtype=float32))]
[Debug] resolved target tuple: ('chair', 0, 53, 1.0, 'chair', array([2.2334852 , 0.39464667, 6.7539077 ], dtype=float32)) from representative place 1
[Debug] resolved source place: 1 for representative place 1
1
final_goal:desk,sub_goal:chair,place:1,trajectory: sofa in Place 0.chair in Place 1.
sub_target_id:53
target:chair
final_goal:desk
final_length:4.828426837921143
[Timing] pathfinder to-subgoal elapsed=0.882s found=True
[Debug] sub-goal visible on screen: label=chair ratio=0.004434 bbox=83x131
[Debug] observation rotation: angle=0 pause=0.25s
[Debug] observation rotation: angle=90 pause=0.25s
[Debug] observation rotation: angle=180 pause=0.25s
[Debug] observation rotation: angle=270 pause=0.25s
[Debug] calling detection service: position_id=big+2+2 angle=0 prompt='desk . tv . window . cart .'
[Debug] received detection service result: position_id=big+2+2 angle=0
[Debug] calling detection service: position_id=big+2+2 angle=90 prompt='desk . table . chair . refrigerator .'
[Debug] received detection service result: position_id=big+2+2 angle=90
[Debug] calling detection service: position_id=big+2+2 angle=180 prompt='desk . doorway . toilet .'
[Debug] received detection service result: position_id=big+2+2 angle=180
[Debug] calling detection service: position_id=big+2+2 angle=270 prompt='desk . tv . vase . window .'
[Debug] received detection service result: position_id=big+2+2 angle=270
[Debug] box_info_list_sum: [[{'label': 'tv', 'box': [0, 546, 84, 710]}, {'label': 'cart', 'box': [409, 578, 583, 1022]}, {'label': 'window', 'box': [353, 453, 521, 614]}, {'label': 'desk', 'box': [0, 680, 149, 878]}], [{'label': 'chair', 'box': [408, 618, 504, 776]}, {'label': 'refrigerator', 'box': [0, 515, 108, 872]}], [{'label': 'toilet', 'box': [653, 558, 730, 638]}, {'label': 'doorway', 'box': [390, 389, 890, 928]}], [{'label': 'tv', 'box': [865, 552, 1023, 731]}, {'label': 'window', 'box': [74, 452, 328, 620]}, {'label': 'desk', 'box': [411, 680, 1023, 897]}, {'label': 'vase', 'box': [741, 779, 832, 972]}]]
tv
cart
window
[Debug] dropped verified goal candidate: label=desk angle=0 box=[0, 680, 149, 878] overlaps=floor#100:0.257, tv#206:0.209, shelf#172:0.168, shelf#171:0.151, wall#219:0.098
shelf
chair
fridge
toilet
doorway
window
[Debug] dropped verified goal candidate: label=desk angle=270 box=[411, 680, 1023, 897] overlaps=sidetable#174:0.266, wall#228:0.156, diningtable#66:0.140, tv#206:0.097, vase#210:0.066
sidetable
vase
[Debug] max_similar_objs_list: [[('tv', 0, 193, 1.0, 'tv', array([0.3409212, 0.9904854, 8.995088 ], dtype=float32))], [('cart', 0, 39, 1.0, 'cart', array([2.698738 , 0.6413502, 8.646962 ], dtype=float32))], [('window', 0, 252, 1.0, 'window', array([2.3381128, 1.4507313, 9.73     ], dtype=float32))], [('shelf', 0, 172, 0.692304790019989, 'shelf', array([0.34092084, 0.44064   , 8.995089  ], dtype=float32))], [('chair', 90, 56, 1.0, 'chair', array([6.049743  , 0.41842476, 7.071809  ], dtype=float32))], [('fridge', 90, 105, 0.9570007920265198, 'fridge', array([5.016536 , 0.7781024, 9.320242 ], dtype=float32))], [('toilet', 180, 201, 1.0, 'toilet', array([0.4562047 , 0.4727599 , 0.29485303], dtype=float32))], [('doorway', 180, 71, 1.0, 'doorway', array([2.2594137, 1.0364102, 4.304597 ], dtype=float32))], [('window', 270, 256, 1.0, 'window', array([-5.2154064e-08,  1.4514500e+00,  5.1300960e+00], dtype=float32))], [('sidetable', 270, 174, 0.6906325817108154, 'sidetable', array([0.20081484, 0.33580345, 6.863107  ], dtype=float32))], [('vase', 270, 210, 1.0, 'vase', array([1.8008871, 0.9024733, 7.2572823], dtype=float32))]]
[Debug] empty_position: []
Place 0 : {
    "Angle": 0,
    "Objects": [
        "chairs",
        "painting",
        "table",
        "sink"
    ]
}{
    "Angle": 90,
    "Objects": [
        "book",
        "vase",
        "table",
        "statue"
    ]
}{
    "Angle": 180,
    "Objects": [
        "doorway",
        "wall"
    ]
}Place 1 : {
    "Angle": 90,
    "Objects": [
        "chair",
        "painting",
        "dining table"
    ]
}{
    "Angle": 180,
    "Objects": [
        "shadow",
        "wall"
    ]
}{
    "Angle": 270,
    "Objects": [
        "chair"
    ]
}Place 2 : {
    "Angle": 0,
    "Objects": [
        "cart",
        "tv",
        "window"
    ]
}{
    "Angle": 90,
    "Objects": [
        "chair",
        "table",
        "fridge",
        "stool"
    ]
}{
    "Angle": 180,
    "Objects": [
        "doorway",
        "toilet"
    ]
}{
    "Angle": 270,
    "Objects": [
        "vase",
        "window",
        "sidetable"
    ]
}
[Debug] resolver candidates place=0: exact=4 relaxed_or_synthesized=1
[Debug] allowed planner objects: ['doorway']
[Debug] allowed planner objects by place: {0: ['doorway'], 1: []}
[Debug] bypassing planner because only one target is allowed: {"Place": 0, "Angle": 180, "Objects": ["doorway"]}
{"Place": 0, "Angle": 180, "Objects": ["doorway"]}
[Debug] planner selected: place=0, angle=180, objects=['doorway']
last_key:['Place 0', 'Place 1']
Setting `pad_token_id` to `eos_token_id`:151645 for open-end generation.
Setting `pad_token_id` to `eos_token_id`:151645 for open-end generation.
Setting `pad_token_id` to `eos_token_id`:151645 for open-end generation.
Setting `pad_token_id` to `eos_token_id`:151645 for open-end generation.
[Debug] allowed_targets_by_place[0] candidates: [('doorway', 180, 75, 1.0, 'doorway', array([5.5210104e+00, 1.0524565e+00, 7.4505806e-09], dtype=float32)), ('doorway', 180, 71, 1.0, 'doorway', array([2.2594137, 1.0364102, 4.304597 ], dtype=float32)), ('window', 0, 252, 1.0, 'window', array([2.3381128, 1.4507313, 9.73     ], dtype=float32)), ('window', 270, 256, 1.0, 'window', array([-5.2154064e-08,  1.4514500e+00,  5.1300960e+00], dtype=float32)), ('chair', 90, 56, 1.0, 'chair', array([6.049743  , 0.41842476, 7.071809  ], dtype=float32)), ('toilet', 180, 201, 1.0, 'toilet', array([0.4562047 , 0.4727599 , 0.29485303], dtype=float32)), ('tv', 0, 193, 1.0, 'tv', array([0.3409212, 0.9904854, 8.995088 ], dtype=float32)), ('statue', 90, 188, 1.0, 'statue', array([9.120919 , 1.0040152, 2.4061983], dtype=float32)), ('book', 90, 17, 1.0, 'book', array([8.743765  , 0.84231806, 2.2807345 ], dtype=float32)), ('vase', 270, 210, 1.0, 'vase', array([1.8008871, 0.9024733, 7.2572823], dtype=float32)), ('cart', 0, 39, 1.0, 'cart', array([2.698738 , 0.6413502, 8.646962 ], dtype=float32)), ('fridge', 90, 105, 0.9570007920265198, 'fridge', array([5.016536 , 0.7781024, 9.320242 ], dtype=float32)), ('painting', 0, 132, 0.7150622606277466, 'painting', array([5.6684675, 1.506531 , 3.87065  ], dtype=float32)), ('sidetable', 270, 174, 0.6906325817108154, 'sidetable', array([0.20081484, 0.33580345, 6.863107  ], dtype=float32)), ('tv', 270, 194, 1.0, 'tv', array([4.2187614, 1.1540222, 1.4037536], dtype=float32))]
[Debug] resolved target tuple: ('doorway', 180, 75, 1.0, 'doorway', array([5.5210104e+00, 1.0524565e+00, 7.4505806e-09], dtype=float32)) from representative place 0
[Debug] resolved source place: 0 for representative place 0
0
final_goal:desk,sub_goal:doorway,place:0,trajectory: sofa in Place 0.chair in Place 1.doorway in Place 0.
sub_target_id:75
target:doorway
final_goal:desk
final_length:8.363960266113281
[Timing] pathfinder to-subgoal elapsed=1.274s found=True
[Debug] sub-goal visible on screen: label=doorway ratio=0.098177 bbox=250x521
[Debug] observation rotation: angle=0 pause=0.25s
[Debug] observation rotation: angle=90 pause=0.25s
[Debug] observation rotation: angle=180 pause=0.25s
[Debug] observation rotation: angle=270 pause=0.25s
[Debug] get_observation skip angle=180 reason=depth
[Debug] calling detection service: position_id=big+3+3 angle=0 prompt='desk . tv . sofa .'
[Debug] received detection service result: position_id=big+3+3 angle=0
[Debug] calling detection service: position_id=big+3+3 angle=90 prompt='desk . chair .'
[Debug] received detection service result: position_id=big+3+3 angle=90
[Debug] calling detection service: position_id=big+3+3 angle=270 prompt='desk . doorway . tv .'
[Debug] received detection service result: position_id=big+3+3 angle=270
[Debug] box_info_list_sum: [[{'label': 'sofa', 'box': [282, 611, 570, 779]}, {'label': 'tv', 'box': [0, 519, 232, 860]}, {'label': 'desk', 'box': [0, 752, 301, 1023]}], [{'label': 'desk', 'box': [51, 597, 302, 773]}], [{'label': 'tv', 'box': [846, 523, 1023, 860]}, {'label': 'desk', 'box': [722, 828, 1023, 1023]}, {'label': 'doorway', 'box': [0, 0, 385, 1023]}]]
[Debug] dropped verified goal candidate: label=desk angle=0 box=[0, 752, 301, 1023] overlaps=tv#207:0.506, tv#194:0.190, shelf#169:0.097, shelf#168:0.078, shelf#167:0.066
shelf
[Debug] dropped verified goal candidate: label=desk angle=90 box=[51, 597, 302, 773] overlaps=floor#95:0.411, diningtable#65:0.227, wall#222:0.121, bed#13:0.115, wall#223:0.079
bed
[Debug] dropped verified goal candidate: label=desk angle=270 box=[722, 828, 1023, 1023] overlaps=tv#207:0.837, tv#194:0.147, wall#224:0.016
[Debug] max_similar_objs_list: [[('shelf', 0, 169, 0.692304790019989, 'shelf', array([4.229093  , 0.44623166, 1.4038973 ], dtype=float32))], [('bed', 90, 13, 0.690909206867218, 'bed', array([10.585425  ,  0.41503024,  3.0906436 ], dtype=float32))]]
[Debug] empty_position: [0, 2]
Place 0 : {
    "Angle": 0,
    "Objects": [
        "chairs",
        "painting",
        "table",
        "sink"
    ]
}{
    "Angle": 90,
    "Objects": [
        "book",
        "vase",
        "table",
        "statue"
    ]
}Place 1 : {
    "Angle": 90,
    "Objects": [
        "chair",
        "painting",
        "dining table"
    ]
}{
    "Angle": 180,
    "Objects": [
        "shadow",
        "wall"
    ]
}{
    "Angle": 270,
    "Objects": [
        "chair"
    ]
}Place 2 : {
    "Angle": 0,
    "Objects": [
        "cart",
        "tv",
        "window"
    ]
}{
    "Angle": 90,
    "Objects": [
        "chair",
        "table",
        "fridge",
        "stool"
    ]
}{
    "Angle": 180,
    "Objects": [
        "doorway",
        "toilet"
    ]
}{
    "Angle": 270,
    "Objects": [
        "vase",
        "window",
        "sidetable"
    ]
}Place 3 : {
    "Angle": 0,
    "Objects": [
        "tv"
    ]
}{
    "Angle": 90,
    "Objects": [
        "bed",
        "chair"
    ]
}{
    "Angle": 270,
    "Objects": [
        "doorway"
    ]
}
[Debug] resolver candidates place=0: exact=3 relaxed_or_synthesized=1
[Debug] allowed planner objects: ['bed']
[Debug] allowed planner objects by place: {0: [], 1: [], 3: ['bed']}
[Debug] bypassing planner because only one target is allowed: {"Place": 3, "Angle": 90, "Objects": ["bed"]}
{"Place": 3, "Angle": 90, "Objects": ["bed"]}
[Debug] planner selected: place=3, angle=90, objects=['bed']
last_key:['Place 0', 'Place 1', 'Place 0']
[Debug] allowed_targets_by_place[3] candidates: [('bed', 90, 13, 0.690909206867218, 'bed', array([10.585425  ,  0.41503024,  3.0906436 ], dtype=float32))]
[Debug] resolved target tuple: ('bed', 90, 13, 0.690909206867218, 'bed', array([10.585425  ,  0.41503024,  3.0906436 ], dtype=float32)) from representative place 3
[Debug] resolved source place: 3 for representative place 3
3
final_goal:desk,sub_goal:bed,place:3,trajectory: sofa in Place 0.chair in Place 1.doorway in Place 0.bed in Place 3.
sub_target_id:13
target:bed
final_goal:desk
final_length:12.192387580871582
[Timing] pathfinder to-subgoal elapsed=5.562s found=True
[Debug] sub-goal visible on screen: label=bed ratio=0.003112 bbox=111x54
[Debug] calling detection service: position_id=goal-visible-4-3-19 angle=90 prompt='desk .'
[Debug] received detection service result: position_id=goal-visible-4-3-19 angle=90
[Debug] final goal visible on screen: label=desk ratio=0.015571 semantic_bbox=222x216 rgb_bbox=222x218
[Debug] saved final goal bbox: tmp/navigation_images/final_goal_visible_step_19.png
[Debug] final goal detected; approaching GT coordinates before stopping
[Timing] pathfinder final-approach elapsed=0.419s found=True
[Debug] close enough to final goal coordinates: label=desk distance=1.359
[Timing] episode elapsed=110.391s sr=1 spl=0.2519 final_length=17.3566
[Timing] val_auto episode total elapsed=110.391s goal=desk sr=1 spl=0.2519 completed_eval_episodes=10/10
[Debug] episode success: final_goal=desk sr=1 spl=0.2519 final_length=17.3566
