[EfficientNav] running file: /home/min/test/EfficientNav/efficientnav.py
[EfficientNav] units module: /home/min/test/EfficientNav/units.py
[EfficientNav] planner model: /home/min/test/models/InternVL3-1B
[EfficientNav] H2O cache: enabled=False budget=2048 recent=256 heavy=256 protected_prefix=0
FlashAttention2 is not installed.
[AI2-THOR WARNING] There has been an update to ProcTHOR-10K that must be used with AI2-THOR version 5.0+. To use the new version of ProcTHOR-10K, please update AI2-THOR to version 5.0+ by running:
    pip install --upgrade ai2thor
Alternatively, to downgrade to the old version of ProcTHOR-10K, run:
   prior.load_dataset("procthor-10k", revision="ab3cacd0fc17754d4c080a3fd50b18395fae8647")
Loading train:   0%|          | 0/10000 [00:00<?, ?it/s]Loading train:  10%|█         | 1002/10000 [00:00<00:00, 10015.71it/s]Loading train:  21%|██        | 2079/10000 [00:00<00:00, 10458.74it/s]Loading train:  32%|███▏      | 3158/10000 [00:00<00:00, 10608.82it/s]Loading train:  42%|████▏     | 4219/10000 [00:00<00:00, 10304.34it/s]Loading train:  53%|█████▎    | 5251/10000 [00:00<00:00, 10046.83it/s]Loading train:  63%|██████▎   | 6258/10000 [00:00<00:00, 9966.31it/s] Loading train:  73%|███████▎  | 7256/10000 [00:00<00:00, 9842.93it/s]Loading train:  83%|████████▎ | 8279/10000 [00:00<00:00, 9960.02it/s]Loading train:  93%|█████████▎| 9322/10000 [00:00<00:00, 10103.15it/s]Loading train: 100%|██████████| 10000/10000 [00:00<00:00, 10127.82it/s]
Loading val:   0%|          | 0/1000 [00:00<?, ?it/s]Loading val: 100%|██████████| 1000/1000 [00:00<00:00, 10675.41it/s]
Loading test:   0%|          | 0/1000 [00:00<?, ?it/s]Loading test: 100%|██████████| 1000/1000 [00:00<00:00, 10431.46it/s]
Setting `pad_token_id` to `eos_token_id`:151645 for open-end generation.
Setting `pad_token_id` to `eos_token_id`:151645 for open-end generation.
Setting `pad_token_id` to `eos_token_id`:151645 for open-end generation.
Setting `pad_token_id` to `eos_token_id`:151645 for open-end generation.
Setting `pad_token_id` to `eos_token_id`:151645 for open-end generation.
Setting `pad_token_id` to `eos_token_id`:151645 for open-end generation.
Setting `pad_token_id` to `eos_token_id`:151645 for open-end generation.
Setting `pad_token_id` to `eos_token_id`:151645 for open-end generation.
[Debug] selectable goal names count=35 sample=['apple', 'bowl', 'cellphone', 'chair', 'countertop', 'creditcard', 'cup', 'diningtable', 'doorway', 'egg']
[Debug] using requested target object=plant
[Debug] reachable_positions=992 candidate_objects_for_plant=1
[Debug] starting independent environment episode=1/1
[Debug] experiment setup: seed=7 goal_instance_index=random start_index=random start_rotation=90.0 start_point=(6.750, 0.901, 9.000)
[Timing] pathfinder goal-distance elapsed=1.900s found=True
real_distance:9.588834764831844
[Debug] observation rotation: angle=0 pause=0.25s
[Debug] observation rotation: angle=90 pause=0.25s
[Debug] observation rotation: angle=180 pause=0.25s
[Debug] observation rotation: angle=270 pause=0.25s
[Debug] calling detection service: position_id=big+0+0 angle=0 prompt='plant . laptop . window .'
[Debug] received detection service result: position_id=big+0+0 angle=0
[Debug] calling detection service: position_id=big+0+0 angle=90 prompt='plant . table . chair .'
[Debug] received detection service result: position_id=big+0+0 angle=90
[Debug] calling detection service: position_id=big+0+0 angle=180 prompt='plant . lamp . desk . chair .'
[Debug] received detection service result: position_id=big+0+0 angle=180
[Debug] calling detection service: position_id=big+0+0 angle=270 prompt='plant . sofa . tv stand .'
[Debug] received detection service result: position_id=big+0+0 angle=270
[Debug] box_info_list_sum: [[{'label': 'window', 'box': [9, 261, 446, 826]}, {'label': 'laptop', 'box': [824, 749, 1023, 962]}], [{'label': 'chair', 'box': [716, 771, 1023, 1023]}, {'label': 'table', 'box': [0, 761, 699, 1022]}], [{'label': 'lamp', 'box': [81, 422, 273, 1008]}, {'label': 'chair', 'box': [455, 554, 586, 646]}, {'label': 'desk', 'box': [409, 567, 552, 640]}], [{'label': 'sofa', 'box': [0, 608, 437, 798]}, {'label': 'tv stand', 'box': [298, 575, 421, 644]}]]
window
laptop
chair
statue
floorlamp
chair
sofa
tv
[Debug] max_similar_objs_list: [[('window', 0, 65, 1.0, 'window', array([ 5.970752 ,  1.4993188, 10.508999 ], dtype=float32))], [('laptop', 0, 29, 1.0, 'laptop', array([ 7.6354885,  0.9170662, 10.0352125], dtype=float32))], [('chair', 90, 3, 1.0, 'chair', array([7.860443  , 0.38061038, 8.041011  ], dtype=float32))], [('statue', 90, 44, 0.627722442150116, 'statue', array([7.630681  , 0.96019053, 9.146948  ], dtype=float32))], [('floorlamp', 180, 22, 0.7215485572814941, 'floorlamp', array([7.8611965 , 0.92367643, 7.275919  ], dtype=float32))], [('chair', 180, 8, 1.0, 'chair', array([7.112501  , 0.49567136, 2.7322915 ], dtype=float32))], [('sofa', 270, 41, 1.0, 'sofa', array([3.4744134 , 0.50392896, 7.191756  ], dtype=float32))], [('tv', 270, 46, 0.8397394418716431, 'tv', array([0.47341067, 1.0578212 , 7.1917553 ], dtype=float32))]]
[Debug] empty_position: []
 {
    "Place": 0,
    "Angle": 0,
    "Objects": [
        "laptop",
        "window"
    ]
}{
    "Place": 0,
    "Angle": 90,
    "Objects": [
        "chair",
        "statue"
    ]
}{
    "Place": 0,
    "Angle": 180,
    "Objects": [
        "sofa",
        "chair",
        "floorlamp"
    ]
}{
    "Place": 0,
    "Angle": 270,
    "Objects": [
        "sofa",
        "tv"
    ]
}
[Debug] allowed planner objects: ['window', 'statue', 'tv', 'laptop', 'chair', 'sofa', 'floorlamp']
[Debug] allowed planner objects by place: {0: ['window', 'laptop', 'chair', 'sofa', 'tv', 'floorlamp', 'statue']}
The above is a description of different places in different angles in the environment.Your can get to any place described in the json data. Your goal is to find the plant. Based on the above json data, please choose one specific object to travel to as your target. If your goal is already in the description, please choose it as the target. You must choose an object only from this allowed list: window, statue, tv, laptop, chair, sofa, floorlamp. Do not output any object name that is not in the allowed list. Valid choosable objects by place are: Place 0: window, laptop, chair, sofa, tv, floorlamp, statue. The Objects field must contain exactly one object from the chosen place list.Note that you can travel to door or door frame to other spaces if there are no clear evidence to choose the target.  Return exactly one JSON object by referring to the following template.
            {"Place": x, "Angle": x, "Objects": ["xxxx"] }
            If your goal is already in the description, please choose it as the target. You should not output any explanation, markdown, prose, examples, or extra text before or after the JSON. Note that your should choose only one object in one angle of one place in the json data as the target.
{"Place": "sofa", "Angle": 270, "Objects": ["tv"]}
[Timing] planning mode=kv elapsed=1.137s
{"Place": 0, "Angle": 270, "Objects": ["sofa"]}
[Debug] planner selected: place=0, angle=270, objects=['sofa']
last_key:[]
[Debug] allowed_targets_by_place[0] candidates: [('window', 0, 65, 1.0, 'window', array([ 5.970752 ,  1.4993188, 10.508999 ], dtype=float32)), ('laptop', 0, 29, 1.0, 'laptop', array([ 7.6354885,  0.9170662, 10.0352125], dtype=float32)), ('chair', 90, 3, 1.0, 'chair', array([7.860443  , 0.38061038, 8.041011  ], dtype=float32)), ('chair', 180, 8, 1.0, 'chair', array([7.112501  , 0.49567136, 2.7322915 ], dtype=float32)), ('sofa', 270, 41, 1.0, 'sofa', array([3.4744134 , 0.50392896, 7.191756  ], dtype=float32)), ('tv', 270, 46, 0.8397394418716431, 'tv', array([0.47341067, 1.0578212 , 7.1917553 ], dtype=float32)), ('floorlamp', 180, 22, 0.7215485572814941, 'floorlamp', array([7.8611965 , 0.92367643, 7.275919  ], dtype=float32)), ('statue', 90, 44, 0.627722442150116, 'statue', array([7.630681  , 0.96019053, 9.146948  ], dtype=float32))]
[Debug] resolved target tuple: ('sofa', 270, 41, 1.0, 'sofa', array([3.4744134 , 0.50392896, 7.191756  ], dtype=float32)) from representative place 0
[Debug] resolved source place: 0 for representative place 0
0
final_goal:plant,sub_goal:sofa,place:0,trajectory: sofa in Place 0.
sub_target_id:41
target:sofa
final_goal:plant
final_length:0
[Timing] pathfinder to-subgoal elapsed=0.485s found=True
[Debug] sub-goal visible on screen: label=sofa ratio=0.072453 bbox=443x290
[Debug] observation rotation: angle=0 pause=0.25s
[Debug] observation rotation: angle=90 pause=0.25s
[Debug] observation rotation: angle=180 pause=0.25s
[Debug] observation rotation: angle=270 pause=0.25s
[Debug] calling detection service: position_id=big+1+1 angle=0 prompt='plant . window . chair .'
[Debug] received detection service result: position_id=big+1+1 angle=0
[Debug] calling detection service: position_id=big+1+1 angle=90 prompt='plant . lamp . desk . chair .'
[Debug] received detection service result: position_id=big+1+1 angle=90
[Debug] calling detection service: position_id=big+1+1 angle=180 prompt='plant . desk . chair . sofa .'
[Debug] received detection service result: position_id=big+1+1 angle=180
[Debug] calling detection service: position_id=big+1+1 angle=270 prompt='plant . tv . cabinet .'
[Debug] received detection service result: position_id=big+1+1 angle=270
[Debug] box_info_list_sum: [[{'label': 'window', 'box': [691, 397, 887, 651]}, {'label': 'chair', 'box': [0, 570, 480, 1023]}], [{'label': 'lamp', 'box': [469, 471, 544, 745]}, {'label': 'chair', 'box': [330, 614, 452, 754]}, {'label': 'desk', 'box': [0, 609, 331, 766]}], [{'label': 'sofa', 'box': [615, 781, 1023, 1023]}, {'label': 'chair', 'box': [139, 561, 361, 702]}, {'label': 'desk', 'box': [95, 584, 329, 689]}], [{'label': 'tv', 'box': [429, 531, 577, 634]}, {'label': 'cabinet', 'box': [409, 619, 596, 754]}, {'label': 'plant', 'box': [188, 604, 226, 714]}]]
chair
floor
tv
[Debug] preserving goal candidate: label=plant angle=270 obj_id=26 visible_ratio=0.001284 bbox=36x118 box_match=0.3179 detection_bbox=38x110
plant
Setting `pad_token_id` to `eos_token_id`:151645 for open-end generation.
Setting `pad_token_id` to `eos_token_id`:151645 for open-end generation.
Setting `pad_token_id` to `eos_token_id`:151645 for open-end generation.
Setting `pad_token_id` to `eos_token_id`:151645 for open-end generation.
[Debug] max_similar_objs_list: [[('chair', 0, 2, 1.0, 'chair', array([3.3287203, 0.6352806, 9.616457 ], dtype=float32))], [('floor', 90, 19, 0.6499540209770203, 'floor', array([4.2035, 0.    , 5.2545], dtype=float32))], [('tv', 270, 48, 0.6600907444953918, 'tv', array([0.47341067, 0.34467316, 7.1917553 ], dtype=float32))], [('plant', 270, 26, 1.0, 'plant', array([0.19064163, 0.44784793, 4.84302   ], dtype=float32))]]
[Debug] empty_position: [2]
 {
    "Place": 0,
    "Angle": 0,
    "Objects": [
        "laptop",
        "window"
    ]
}{
    "Place": 0,
    "Angle": 90,
    "Objects": [
        "chair",
        "statue"
    ]
}{
    "Place": 0,
    "Angle": 180,
    "Objects": [
        "sofa",
        "chair",
        "floorlamp"
    ]
} {
    "Place": 1,
    "Angle": 0,
    "Objects": [
        "chair"
    ]
}{
    "Place": 1,
    "Angle": 180,
    "Objects": [
        "desk"
    ]
}{
    "Place": 1,
    "Angle": 270,
    "Objects": [
        "tv"
    ]
}
[Debug] resolver candidates place=0: exact=6 relaxed_or_synthesized=1
[Debug] resolver candidates place=1: exact=2 relaxed_or_synthesized=1
[Debug] allowed planner objects: []
[Debug] allowed planner objects by place: {0: []}
[Debug] bypassing planner because goal is already observed: {"Place": 0, "Angle": 270, "Objects": ["plant"]}
{"Place": 0, "Angle": 270, "Objects": ["plant"]}
[Debug] planner selected: place=0, angle=270, objects=['plant']
last_key:['Place 0']
[Debug] allowed_targets_by_place[0] candidates: [('plant', 270, 26, 1.0, 'plant', array([0.19064163, 0.44784793, 4.84302   ], dtype=float32)), ('window', 0, 65, 1.0, 'window', array([ 5.970752 ,  1.4993188, 10.508999 ], dtype=float32)), ('laptop', 0, 29, 1.0, 'laptop', array([ 7.6354885,  0.9170662, 10.0352125], dtype=float32)), ('chair', 0, 2, 1.0, 'chair', array([3.3287203, 0.6352806, 9.616457 ], dtype=float32)), ('chair', 90, 3, 1.0, 'chair', array([7.860443  , 0.38061038, 8.041011  ], dtype=float32)), ('chair', 180, 8, 1.0, 'chair', array([7.112501  , 0.49567136, 2.7322915 ], dtype=float32)), ('floorlamp', 180, 22, 0.7215485572814941, 'floorlamp', array([7.8611965 , 0.92367643, 7.275919  ], dtype=float32)), ('tv', 270, 48, 0.6600907444953918, 'tv', array([0.47341067, 0.34467316, 7.1917553 ], dtype=float32)), ('statue', 90, 44, 0.627722442150116, 'statue', array([7.630681  , 0.96019053, 9.146948  ], dtype=float32)), ('tv', 270, 46, 0.8397394418716431, 'tv', array([0.47341067, 1.0578212 , 7.1917553 ], dtype=float32))]
[Debug] resolved target tuple: ('plant', 270, 26, 1.0, 'plant', array([0.19064163, 0.44784793, 4.84302   ], dtype=float32)) from representative place 0
[Debug] resolved source place: 1 for representative place 0
0
final_goal:plant,sub_goal:plant,place:0,trajectory: sofa in Place 0.plant in Place 0.
sub_target_id:26
target:plant
final_goal:plant
final_length:3.4319803714752197
[Timing] pathfinder to-subgoal elapsed=2.157s found=True
[Debug] sub-goal visible on screen: label=plant ratio=0.002115 bbox=51x147
[Debug] observation rotation: angle=0 pause=0.25s
[Debug] observation rotation: angle=90 pause=0.25s
[Debug] observation rotation: angle=180 pause=0.25s
[Debug] observation rotation: angle=270 pause=0.25s
[Debug] calling detection service: position_id=big+2+2 angle=0 prompt='plant . chair . sofa . coffee table .'
[Debug] received detection service result: position_id=big+2+2 angle=0
[Debug] calling detection service: position_id=big+2+2 angle=90 prompt='plant . lamp . desk . chair .'
[Debug] received detection service result: position_id=big+2+2 angle=90
[Debug] calling detection service: position_id=big+2+2 angle=180 prompt='plant . refrigerator . desk .'
[Debug] received detection service result: position_id=big+2+2 angle=180
[Debug] calling detection service: position_id=big+2+2 angle=270 prompt='plant . trees . cave .'
[Debug] received detection service result: position_id=big+2+2 angle=270
[Debug] box_info_list_sum: [[], [{'label': 'lamp', 'box': [333, 492, 374, 624]}, {'label': 'chair', 'box': [264, 555, 812, 664]}, {'label': 'desk', 'box': [106, 563, 775, 652]}], [{'label': 'desk', 'box': [412, 583, 587, 761]}], [{'label': 'cave', 'box': [0, 192, 549, 695]}]]
wall
countertop
painting
[Debug] max_similar_objs_list: [[('wall', 90, 53, 0.579981803894043, 'wall', array([4.2035   , 1.8457986, 5.2545   ], dtype=float32))], [('countertop', 180, 10, 0.6678004264831543, 'countertop', array([0.6346007 , 0.46919134, 1.1509895 ], dtype=float32))], [('painting', 270, 35, 0.5707308650016785, 'painting', array([0.02087049, 1.6395439 , 4.712037  ], dtype=float32))]]
[Debug] empty_position: []
 {
    "Place": 0,
    "Angle": 0,
    "Objects": [
        "laptop",
        "window"
    ]
}{
    "Place": 0,
    "Angle": 90,
    "Objects": [
        "chair",
        "statue"
    ]
}{
    "Place": 0,
    "Angle": 180,
    "Objects": [
        "sofa",
        "chair",
        "floorlamp"
    ]
} {
    "Place": 1,
    "Angle": 0,
    "Objects": [
        "chair"
    ]
}{
    "Place": 1,
    "Angle": 180,
    "Objects": [
        "desk"
    ]
} {
    "Place": 2,
    "Angle": 0,
    "Objects": [
        "sofa",
        "coffee table",
        "armchair"
    ]
}{
    "Place": 2,
    "Angle": 90,
    "Objects": [
        "sofa",
        "wall"
    ]
}{
    "Place": 2,
    "Angle": 180,
    "Objects": [
        "refrigerator",
        "countertop"
    ]
}{
    "Place": 2,
    "Angle": 270,
    "Objects": [
        "painting",
        "trees"
    ]
}
[Debug] resolver candidates place=0: exact=6 relaxed_or_synthesized=1
[Debug] resolver candidates place=1: exact=1 relaxed_or_synthesized=1
[Debug] allowed planner objects: ['painting', 'countertop']
[Debug] allowed planner objects by place: {0: [], 2: ['countertop', 'painting']}
The above is a description of different places in different angles in the environment.Your can get to any place described in the json data. Your goal is to find the plant. Based on the above json data, please choose one specific object to travel to as your target. If your goal is already in the description, please choose it as the target. You must choose an object only from this allowed list: painting, countertop. Do not output any object name that is not in the allowed list. Valid choosable objects by place are: Place 2: countertop, painting. The Objects field must contain exactly one object from the chosen place list.Note that you can travel to door or door frame to other spaces if there are no clear evidence to choose the target.  Return exactly one JSON object by referring to the following template.
            {"Place": x, "Angle": x, "Objects": ["xxxx"] }
            If your goal is already in the description, please choose it as the target. You should not output any explanation, markdown, prose, examples, or extra text before or after the JSON. Note that your should choose only one object in one angle of one place in the json data as the target.
{"Place": "painting", "Angle": 270, "Objects": ["trees"]}
[Timing] planning mode=kv elapsed=1.174s
{"Place": 2, "Angle": 270, "Objects": ["painting"]}
[Debug] planner selected: place=2, angle=270, objects=['painting']
last_key:['Place 0', 'Place 1']
[Debug] allowed_targets_by_place[2] candidates: [('countertop', 180, 10, 0.6678004264831543, 'countertop', array([0.6346007 , 0.46919134, 1.1509895 ], dtype=float32)), ('painting', 270, 35, 0.5707308650016785, 'painting', array([0.02087049, 1.6395439 , 4.712037  ], dtype=float32))]
[Debug] resolved target tuple: ('painting', 270, 35, 0.5707308650016785, 'painting', array([0.02087049, 1.6395439 , 4.712037  ], dtype=float32)) from representative place 2
[Debug] resolved source place: 2 for representative place 2
2
final_goal:plant,sub_goal:painting,place:2,trajectory: sofa in Place 0.plant in Place 0.painting in Place 2.
sub_target_id:35
target:painting
final_goal:plant
final_length:10.23528003692627
[Timing] pathfinder to-subgoal elapsed=0.080s found=True
[Debug] sub-goal visible on screen: label=painting ratio=0.134265 bbox=345x491
[Debug] observation rotation: angle=0 pause=0.25s
[Debug] observation rotation: angle=90 pause=0.25s
[Debug] observation rotation: angle=180 pause=0.25s
Setting `pad_token_id` to `eos_token_id`:151645 for open-end generation.
Setting `pad_token_id` to `eos_token_id`:151645 for open-end generation.
Setting `pad_token_id` to `eos_token_id`:151645 for open-end generation.
Setting `pad_token_id` to `eos_token_id`:151645 for open-end generation.
Setting `pad_token_id` to `eos_token_id`:151645 for open-end generation.
Setting `pad_token_id` to `eos_token_id`:151645 for open-end generation.
Setting `pad_token_id` to `eos_token_id`:151645 for open-end generation.
Setting `pad_token_id` to `eos_token_id`:151645 for open-end generation.
[Debug] observation rotation: angle=270 pause=0.25s
[Debug] get_observation skip angle=270 reason=depth
[Debug] calling detection service: position_id=big+3+3 angle=0 prompt='plant . tv . sofa . coffee table .'
[Debug] received detection service result: position_id=big+3+3 angle=0
[Debug] calling detection service: position_id=big+3+3 angle=90 prompt='plant . lamp . desk . chair .'
[Debug] received detection service result: position_id=big+3+3 angle=90
[Debug] calling detection service: position_id=big+3+3 angle=180 prompt='plant . refrigerator . desk .'
[Debug] received detection service result: position_id=big+3+3 angle=180
[Debug] box_info_list_sum: [[{'label': 'sofa', 'box': [858, 590, 1023, 796]}], [{'label': 'lamp', 'box': [304, 492, 345, 621]}, {'label': 'chair', 'box': [619, 554, 755, 657]}, {'label': 'desk', 'box': [83, 561, 718, 645]}], []]
chair
[Debug] max_similar_objs_list: [[('chair', 90, 7, 1.0, 'chair', array([6.0827036 , 0.49567124, 2.118813  ], dtype=float32))]]
[Debug] empty_position: []
 {
    "Place": 0,
    "Angle": 0,
    "Objects": [
        "laptop",
        "window"
    ]
}{
    "Place": 0,
    "Angle": 90,
    "Objects": [
        "chair",
        "statue"
    ]
}{
    "Place": 0,
    "Angle": 180,
    "Objects": [
        "sofa",
        "chair",
        "floorlamp"
    ]
} {
    "Place": 1,
    "Angle": 0,
    "Objects": [
        "chair"
    ]
}{
    "Place": 1,
    "Angle": 180,
    "Objects": [
        "desk"
    ]
} {
    "Place": 2,
    "Angle": 0,
    "Objects": [
        "sofa",
        "coffee table",
        "armchair"
    ]
}{
    "Place": 2,
    "Angle": 90,
    "Objects": [
        "sofa",
        "wall"
    ]
}{
    "Place": 2,
    "Angle": 180,
    "Objects": [
        "refrigerator",
        "countertop"
    ]
} {
    "Place": 3,
    "Angle": 0,
    "Objects": [
        "coffee table",
        "tv"
    ]
}{
    "Place": 3,
    "Angle": 90,
    "Objects": [
        "sofa",
        "chair"
    ]
}{
    "Place": 3,
    "Angle": 180,
    "Objects": [
        "refrigerator",
        "desk"
    ]
}
[Debug] resolver candidates place=0: exact=6 relaxed_or_synthesized=1
[Debug] resolver candidates place=1: exact=1 relaxed_or_synthesized=1
[Debug] allowed planner objects: []
[Debug] allowed planner objects by place: {0: [], 2: []}
[Debug] resolver candidates place=0: exact=6 relaxed_or_synthesized=1
[Debug] resolver candidates place=1: exact=1 relaxed_or_synthesized=1
[Debug] bypassing planner because allowed target list is empty: {"Place": 0, "Angle": 0, "Objects": ["window"]}
{"Place": 0, "Angle": 0, "Objects": ["window"]}
[Debug] planner selected: place=0, angle=0, objects=['window']
last_key:['Place 0', 'Place 1', 'Place 2']
[Debug] allowed_targets_by_place[0] candidates: [('window', 0, 65, 1.0, 'window', array([ 5.970752 ,  1.4993188, 10.508999 ], dtype=float32)), ('laptop', 0, 29, 1.0, 'laptop', array([ 7.6354885,  0.9170662, 10.0352125], dtype=float32)), ('chair', 0, 2, 1.0, 'chair', array([3.3287203, 0.6352806, 9.616457 ], dtype=float32)), ('chair', 90, 3, 1.0, 'chair', array([7.860443  , 0.38061038, 8.041011  ], dtype=float32)), ('chair', 180, 8, 1.0, 'chair', array([7.112501  , 0.49567136, 2.7322915 ], dtype=float32)), ('floorlamp', 180, 22, 0.7215485572814941, 'floorlamp', array([7.8611965 , 0.92367643, 7.275919  ], dtype=float32)), ('statue', 90, 44, 0.627722442150116, 'statue', array([7.630681  , 0.96019053, 9.146948  ], dtype=float32)), ('tv', 270, 46, 0.8397394418716431, 'tv', array([0.47341067, 1.0578212 , 7.1917553 ], dtype=float32)), ('tv', 270, 48, 0.6600907444953918, 'tv', array([0.47341067, 0.34467316, 7.1917553 ], dtype=float32))]
[Debug] resolved target tuple: ('window', 0, 65, 1.0, 'window', array([ 5.970752 ,  1.4993188, 10.508999 ], dtype=float32)) from representative place 0
[Debug] resolved source place: 0 for representative place 0
0
final_goal:plant,sub_goal:window,place:0,trajectory: sofa in Place 0.plant in Place 0.painting in Place 2.window in Place 0.
sub_target_id:65
target:window
final_goal:plant
final_length:11.192386627197266
[Timing] pathfinder to-subgoal elapsed=0.160s found=True
[Debug] sub-goal visible on screen: label=window ratio=0.293143 bbox=493x885
[Debug] observation rotation: angle=0 pause=0.25s
[Debug] observation rotation: angle=90 pause=0.25s
[Debug] observation rotation: angle=180 pause=0.25s
[Debug] observation rotation: angle=270 pause=0.25s
[Debug] calling detection service: position_id=big+4+4 angle=0 prompt='plant . tree . window .'
[Debug] received detection service result: position_id=big+4+4 angle=0
[Debug] calling detection service: position_id=big+4+4 angle=90 prompt='plant . table . chair .'
[Debug] received detection service result: position_id=big+4+4 angle=90
[Debug] calling detection service: position_id=big+4+4 angle=180 prompt='plant . lamp . desk . chair .'
[Debug] received detection service result: position_id=big+4+4 angle=180
[Debug] calling detection service: position_id=big+4+4 angle=270 prompt='plant . tv . sofa .'
[Debug] received detection service result: position_id=big+4+4 angle=270
[Debug] box_info_list_sum: [[{'label': 'tree', 'box': [411, 0, 944, 552]}], [{'label': 'table', 'box': [335, 682, 989, 1022]}, {'label': 'chair', 'box': [867, 689, 1023, 994]}], [{'label': 'lamp', 'box': [98, 457, 220, 778]}, {'label': 'chair', 'box': [0, 549, 527, 994]}, {'label': 'desk', 'box': [371, 559, 497, 621]}], [{'label': 'tv', 'box': [200, 525, 303, 596]}, {'label': 'sofa', 'box': [0, 576, 595, 923]}, {'label': 'plant', 'box': [42, 573, 71, 644]}]]
floor
[Debug] preserving goal candidate: label=plant angle=270 obj_id=26 visible_ratio=0.000485 bbox=29x73 box_match=0.2428 detection_bbox=29x71
[Debug] max_similar_objs_list: [[('floor', 180, 21, 0.6499540209770203, 'floor', array([4.2035, 0.    , 2.102 ], dtype=float32))]]
[Debug] empty_position: [1, 3]
 {
    "Place": 0,
    "Angle": 90,
    "Objects": [
        "chair",
        "statue"
    ]
}{
    "Place": 0,
    "Angle": 180,
    "Objects": [
        "sofa",
        "chair",
        "floorlamp"
    ]
} {
    "Place": 1,
    "Angle": 0,
    "Objects": [
        "chair"
    ]
}{
    "Place": 1,
    "Angle": 180,
    "Objects": [
        "desk"
    ]
} {
    "Place": 2,
    "Angle": 0,
    "Objects": [
        "sofa",
        "coffee table",
        "armchair"
    ]
}{
    "Place": 2,
    "Angle": 90,
    "Objects": [
        "sofa",
        "wall"
    ]
}{
    "Place": 2,
    "Angle": 180,
    "Objects": [
        "refrigerator",
        "countertop"
    ]
} {
    "Place": 3,
    "Angle": 0,
    "Objects": [
        "coffee table",
        "tv"
    ]
}{
    "Place": 3,
    "Angle": 90,
    "Objects": [
        "sofa",
        "chair"
    ]
}{
    "Place": 3,
    "Angle": 180,
    "Objects": [
        "refrigerator",
        "desk"
    ]
} {
    "Place": 4,
    "Angle": 0,
    "Objects": [
        "window"
    ]
}{
    "Place": 4,
    "Angle": 90,
    "Objects": [
        "chair"
    ]
}{
    "Place": 4,
    "Angle": 180,
    "Objects": [
        "sofa",
        "floor"
    ]
}{
    "Place": 4,
    "Angle": 270,
    "Objects": [
        "sofa"
    ]
}
[Debug] resolver candidates place=0: exact=4 relaxed_or_synthesized=2
[Debug] resolver candidates place=1: exact=1 relaxed_or_synthesized=1
[Debug] allowed planner objects: []
[Debug] allowed planner objects by place: {0: [], 2: []}
[Debug] resolver candidates place=0: exact=4 relaxed_or_synthesized=2
[Debug] resolver candidates place=1: exact=1 relaxed_or_synthesized=1
[Debug] bypassing planner because allowed target list is empty: {"Place": 0, "Angle": 0, "Objects": ["window"]}
{"Place": 0, "Angle": 0, "Objects": ["window"]}
[Debug] planner selected: place=0, angle=0, objects=['window']
last_key:['Place 0', 'Place 1', 'Place 2', 'Place 0']
Setting `pad_token_id` to `eos_token_id`:151645 for open-end generation.
Setting `pad_token_id` to `eos_token_id`:151645 for open-end generation.
Setting `pad_token_id` to `eos_token_id`:151645 for open-end generation.
Setting `pad_token_id` to `eos_token_id`:151645 for open-end generation.
Setting `pad_token_id` to `eos_token_id`:151645 for open-end generation.
Setting `pad_token_id` to `eos_token_id`:151645 for open-end generation.
Setting `pad_token_id` to `eos_token_id`:151645 for open-end generation.
Setting `pad_token_id` to `eos_token_id`:151645 for open-end generation.
[Debug] allowed_targets_by_place[0] candidates: [('chair', 0, 2, 1.0, 'chair', array([3.3287203, 0.6352806, 9.616457 ], dtype=float32)), ('chair', 90, 3, 1.0, 'chair', array([7.860443  , 0.38061038, 8.041011  ], dtype=float32)), ('chair', 180, 8, 1.0, 'chair', array([7.112501  , 0.49567136, 2.7322915 ], dtype=float32)), ('floorlamp', 180, 22, 0.7215485572814941, 'floorlamp', array([7.8611965 , 0.92367643, 7.275919  ], dtype=float32)), ('statue', 90, 44, 0.627722442150116, 'statue', array([7.630681  , 0.96019053, 9.146948  ], dtype=float32)), ('window', 0, 62, 0.5, 'window', array([8.407    , 1.4992062, 5.7390513], dtype=float32)), ('laptop', 0, 29, 1.0, 'laptop', array([ 7.6354885,  0.9170662, 10.0352125], dtype=float32)), ('tv', 270, 46, 0.8397394418716431, 'tv', array([0.47341067, 1.0578212 , 7.1917553 ], dtype=float32)), ('tv', 270, 48, 0.6600907444953918, 'tv', array([0.47341067, 0.34467316, 7.1917553 ], dtype=float32))]
[Debug] resolved target tuple: ('window', 0, 62, 0.5, 'window', array([8.407    , 1.4992062, 5.7390513], dtype=float32)) from representative place 0
[Debug] resolved source place: 4 for representative place 0
0
final_goal:plant,sub_goal:window,place:0,trajectory: sofa in Place 0.plant in Place 0.painting in Place 2.window in Place 0.
sub_target_id:62
target:window
final_goal:plant
final_length:12.503046989440918
[Timing] pathfinder to-subgoal elapsed=0.837s found=True
[Debug] sub-goal visible on screen: label=window ratio=0.006069 bbox=48x139
[Debug] observation rotation: angle=0 pause=0.25s
[Debug] observation rotation: angle=90 pause=0.25s
[Debug] observation rotation: angle=180 pause=0.25s
[Debug] observation rotation: angle=270 pause=0.25s
[Debug] calling detection service: position_id=big+5+5 angle=0 prompt='plant . lamp . chair .'
[Debug] received detection service result: position_id=big+5+5 angle=0
[Debug] calling detection service: position_id=big+5+5 angle=90 prompt='plant . trees . window .'
[Debug] received detection service result: position_id=big+5+5 angle=90
[Debug] calling detection service: position_id=big+5+5 angle=180 prompt='plant . picture . doorway . table .'
[Debug] received detection service result: position_id=big+5+5 angle=180
[Debug] calling detection service: position_id=big+5+5 angle=270 prompt='plant . tv . chair . sofa .'
[Debug] received detection service result: position_id=big+5+5 angle=270
[Debug] box_info_list_sum: [[{'label': 'lamp', 'box': [368, 411, 554, 1022]}], [{'label': 'window', 'box': [1, 4, 1022, 1022]}], [{'label': 'table', 'box': [506, 608, 799, 770]}], [{'label': 'sofa', 'box': [529, 580, 855, 710]}, {'label': 'plant', 'box': [442, 556, 462, 616]}, {'label': 'tv', 'box': [175, 530, 232, 554]}, {'label': 'chair', 'box': [852, 547, 1021, 712]}]]
window
[Debug] preserving goal candidate: label=plant angle=270 obj_id=26 visible_ratio=0.000295 bbox=18x60 box_match=0.2550 detection_bbox=20x60
[Debug] max_similar_objs_list: [[('window', 90, 62, 1.0, 'window', array([8.407    , 1.4992062, 5.7390513], dtype=float32))]]
[Debug] empty_position: []
 {
    "Place": 0,
    "Angle": 90,
    "Objects": [
        "chair",
        "statue"
    ]
}{
    "Place": 0,
    "Angle": 180,
    "Objects": [
        "sofa",
        "chair",
        "floorlamp"
    ]
} {
    "Place": 1,
    "Angle": 0,
    "Objects": [
        "chair"
    ]
}{
    "Place": 1,
    "Angle": 180,
    "Objects": [
        "desk"
    ]
} {
    "Place": 2,
    "Angle": 0,
    "Objects": [
        "sofa",
        "coffee table",
        "armchair"
    ]
}{
    "Place": 2,
    "Angle": 90,
    "Objects": [
        "sofa",
        "wall"
    ]
}{
    "Place": 2,
    "Angle": 180,
    "Objects": [
        "refrigerator",
        "countertop"
    ]
} {
    "Place": 3,
    "Angle": 0,
    "Objects": [
        "coffee table",
        "tv"
    ]
}{
    "Place": 3,
    "Angle": 90,
    "Objects": [
        "sofa",
        "chair"
    ]
}{
    "Place": 3,
    "Angle": 180,
    "Objects": [
        "refrigerator",
        "desk"
    ]
} {
    "Place": 4,
    "Angle": 90,
    "Objects": [
        "chair"
    ]
}{
    "Place": 4,
    "Angle": 180,
    "Objects": [
        "sofa",
        "floor"
    ]
}{
    "Place": 4,
    "Angle": 270,
    "Objects": [
        "sofa"
    ]
} {
    "Place": 5,
    "Angle": 0,
    "Objects": [
        "chair"
    ]
}{
    "Place": 5,
    "Angle": 90,
    "Objects": [
        "trees",
        "window"
    ]
}{
    "Place": 5,
    "Angle": 180,
    "Objects": [
        "chairs",
        "doorway",
        "picture"
    ]
}{
    "Place": 5,
    "Angle": 270,
    "Objects": [
        "tv"
    ]
}
[Debug] resolver candidates place=0: exact=4 relaxed_or_synthesized=2
[Debug] resolver candidates place=1: exact=1 relaxed_or_synthesized=1
[Debug] resolver candidates place=4: exact=1 relaxed_or_synthesized=1
[Debug] allowed planner objects: ['doorway']
[Debug] allowed planner objects by place: {0: ['doorway'], 2: []}
[Debug] bypassing planner because only one target is allowed: {"Place": 0, "Angle": 180, "Objects": ["doorway"]}
{"Place": 0, "Angle": 180, "Objects": ["doorway"]}
[Debug] planner selected: place=0, angle=180, objects=['doorway']
last_key:['Place 0', 'Place 1', 'Place 2', 'Place 0', 'Place 4']
[Debug] allowed_targets_by_place[0] candidates: [('chair', 0, 2, 1.0, 'chair', array([3.3287203, 0.6352806, 9.616457 ], dtype=float32)), ('chair', 90, 3, 1.0, 'chair', array([7.860443  , 0.38061038, 8.041011  ], dtype=float32)), ('chair', 180, 8, 1.0, 'chair', array([7.112501  , 0.49567136, 2.7322915 ], dtype=float32)), ('floorlamp', 180, 22, 0.7215485572814941, 'floorlamp', array([7.8611965 , 0.92367643, 7.275919  ], dtype=float32)), ('statue', 90, 44, 0.627722442150116, 'statue', array([7.630681  , 0.96019053, 9.146948  ], dtype=float32)), ('doorway', 180, 15, 0.5, 'doorway', array([5.699785 , 1.0500227, 0.       ], dtype=float32)), ('painting', 180, 34, 0.5, 'painting', array([8.386129 , 1.205158 , 3.1444972], dtype=float32)), ('laptop', 0, 29, 1.0, 'laptop', array([ 7.6354885,  0.9170662, 10.0352125], dtype=float32)), ('tv', 270, 46, 0.8397394418716431, 'tv', array([0.47341067, 1.0578212 , 7.1917553 ], dtype=float32)), ('tv', 270, 48, 0.6600907444953918, 'tv', array([0.47341067, 0.34467316, 7.1917553 ], dtype=float32)), ('window', 0, 64, 0.5, 'window', array([8.407    , 1.4980521, 1.5404677], dtype=float32))]
[Debug] resolved target tuple: ('doorway', 180, 15, 0.5, 'doorway', array([5.699785 , 1.0500227, 0.       ], dtype=float32)) from representative place 0
[Debug] resolved source place: 5 for representative place 0
0
final_goal:plant,sub_goal:doorway,place:0,trajectory: sofa in Place 0.plant in Place 0.painting in Place 2.window in Place 0.doorway in Place 0.
sub_target_id:15
target:doorway
final_goal:plant
final_length:18.409902572631836
[Timing] pathfinder to-subgoal elapsed=2.067s found=True
[Debug] sub-goal visible on screen: label=doorway ratio=0.015821 bbox=103x174
[Debug] observation rotation: angle=0 pause=0.25s
[Debug] observation rotation: angle=90 pause=0.25s
[Debug] observation rotation: angle=180 pause=0.25s
[Debug] observation rotation: angle=270 pause=0.25s
[Debug] get_observation skip angle=180 reason=depth
[Debug] calling detection service: position_id=big+6+6 angle=0 prompt='plant . lamp . table . chair .'
[Debug] received detection service result: position_id=big+6+6 angle=0
[Debug] calling detection service: position_id=big+6+6 angle=90 prompt='plant . desk . chair .'
[Debug] received detection service result: position_id=big+6+6 angle=90
[Debug] calling detection service: position_id=big+6+6 angle=270 prompt='plant . refrigerator . window .'
[Debug] received detection service result: position_id=big+6+6 angle=270
[Debug] box_info_list_sum: [[{'label': 'lamp', 'box': [648, 491, 683, 629]}, {'label': 'chair', 'box': [516, 619, 1023, 1023]}, {'label': 'table', 'box': [619, 682, 1023, 1022]}], [{'label': 'chair', 'box': [0, 704, 188, 1023]}, {'label': 'desk', 'box': [0, 690, 197, 884]}], [{'label': 'refrigerator', 'box': [450, 485, 630, 938]}, {'label': 'plant', 'box': [917, 578, 950, 658]}, {'label': 'window', 'box': [672, 476, 760, 559]}]]
chair
fridge
Setting `pad_token_id` to `eos_token_id`:151645 for open-end generation.
Setting `pad_token_id` to `eos_token_id`:151645 for open-end generation.
Setting `pad_token_id` to `eos_token_id`:151645 for open-end generation.
Setting `pad_token_id` to `eos_token_id`:151645 for open-end generation.
[Debug] preserving goal candidate: label=plant angle=270 obj_id=26 visible_ratio=0.000737 bbox=31x86 box_match=0.2848 detection_bbox=33x80
window
[Debug] max_similar_objs_list: [[('chair', 90, 9, 1.0, 'chair', array([7.1384335 , 0.49567136, 1.5322145 ], dtype=float32))], [('fridge', 270, 24, 0.9570007920265198, 'fridge', array([3.4542322 , 0.8463026 , 0.37820494], dtype=float32))], [('window', 270, 63, 1.0, 'window', array([-2.9802322e-08,  1.4992814e+00,  2.5223432e+00], dtype=float32))]]
[Debug] empty_position: []
 {
    "Place": 0,
    "Angle": 90,
    "Objects": [
        "chair",
        "statue"
    ]
}{
    "Place": 0,
    "Angle": 180,
    "Objects": [
        "sofa",
        "chair",
        "floorlamp"
    ]
} {
    "Place": 1,
    "Angle": 0,
    "Objects": [
        "chair"
    ]
}{
    "Place": 1,
    "Angle": 180,
    "Objects": [
        "desk"
    ]
} {
    "Place": 2,
    "Angle": 0,
    "Objects": [
        "sofa",
        "coffee table",
        "armchair"
    ]
}{
    "Place": 2,
    "Angle": 90,
    "Objects": [
        "sofa",
        "wall"
    ]
}{
    "Place": 2,
    "Angle": 180,
    "Objects": [
        "refrigerator",
        "countertop"
    ]
} {
    "Place": 3,
    "Angle": 0,
    "Objects": [
        "coffee table",
        "tv"
    ]
}{
    "Place": 3,
    "Angle": 90,
    "Objects": [
        "sofa",
        "chair"
    ]
}{
    "Place": 3,
    "Angle": 180,
    "Objects": [
        "refrigerator",
        "desk"
    ]
} {
    "Place": 4,
    "Angle": 90,
    "Objects": [
        "chair"
    ]
}{
    "Place": 4,
    "Angle": 180,
    "Objects": [
        "sofa",
        "floor"
    ]
}{
    "Place": 4,
    "Angle": 270,
    "Objects": [
        "sofa"
    ]
} {
    "Place": 5,
    "Angle": 0,
    "Objects": [
        "chair"
    ]
}{
    "Place": 5,
    "Angle": 90,
    "Objects": [
        "trees",
        "window"
    ]
}{
    "Place": 5,
    "Angle": 270,
    "Objects": [
        "tv"
    ]
} {
    "Place": 6,
    "Angle": 0,
    "Objects": [
        "tv stand"
    ]
}{
    "Place": 6,
    "Angle": 90,
    "Objects": [
        "chair"
    ]
}{
    "Place": 6,
    "Angle": 270,
    "Objects": [
        "fridge",
        "window"
    ]
}
[Debug] resolver candidates place=0: exact=4 relaxed_or_synthesized=2
[Debug] resolver candidates place=1: exact=1 relaxed_or_synthesized=1
[Debug] resolver candidates place=4: exact=1 relaxed_or_synthesized=1
[Debug] resolver candidates place=5: exact=2 relaxed_or_synthesized=1
[Debug] allowed planner objects: []
[Debug] allowed planner objects by place: {0: [], 2: []}
[Debug] resolver candidates place=0: exact=4 relaxed_or_synthesized=2
[Debug] resolver candidates place=1: exact=1 relaxed_or_synthesized=1
[Debug] resolver candidates place=4: exact=1 relaxed_or_synthesized=1
[Debug] resolver candidates place=5: exact=2 relaxed_or_synthesized=1
[Debug] bypassing planner because allowed target list is empty: {"Place": 0, "Angle": 0, "Objects": ["window"]}
{"Place": 0, "Angle": 0, "Objects": ["window"]}
[Debug] planner selected: place=0, angle=0, objects=['window']
last_key:['Place 0', 'Place 1', 'Place 2', 'Place 0', 'Place 4', 'Place 5']
[Debug] allowed_targets_by_place[0] candidates: [('chair', 0, 2, 1.0, 'chair', array([3.3287203, 0.6352806, 9.616457 ], dtype=float32)), ('chair', 90, 3, 1.0, 'chair', array([7.860443  , 0.38061038, 8.041011  ], dtype=float32)), ('chair', 180, 8, 1.0, 'chair', array([7.112501  , 0.49567136, 2.7322915 ], dtype=float32)), ('floorlamp', 180, 22, 0.7215485572814941, 'floorlamp', array([7.8611965 , 0.92367643, 7.275919  ], dtype=float32)), ('statue', 90, 44, 0.627722442150116, 'statue', array([7.630681  , 0.96019053, 9.146948  ], dtype=float32)), ('laptop', 0, 29, 1.0, 'laptop', array([ 7.6354885,  0.9170662, 10.0352125], dtype=float32)), ('tv', 270, 46, 0.8397394418716431, 'tv', array([0.47341067, 1.0578212 , 7.1917553 ], dtype=float32)), ('tv', 270, 48, 0.6600907444953918, 'tv', array([0.47341067, 0.34467316, 7.1917553 ], dtype=float32)), ('window', 0, 64, 0.5, 'window', array([8.407    , 1.4980521, 1.5404677], dtype=float32)), ('painting', 180, 34, 0.5, 'painting', array([8.386129 , 1.205158 , 3.1444972], dtype=float32))]
[Debug] resolved target tuple: ('window', 0, 64, 0.5, 'window', array([8.407    , 1.4980521, 1.5404677], dtype=float32)) from representative place 0
[Debug] resolved source place: 4 for representative place 0
0
final_goal:plant,sub_goal:window,place:0,trajectory: sofa in Place 0.plant in Place 0.painting in Place 2.window in Place 0.doorway in Place 0.
sub_target_id:64
target:window
final_goal:plant
final_length:25.877416610717773
[Timing] pathfinder to-subgoal elapsed=3.186s found=True
[Debug] sub-goal visible on screen: label=window ratio=0.005152 bbox=76x79
[Debug] observation rotation: angle=0 pause=0.25s
[Debug] observation rotation: angle=90 pause=0.25s
[Debug] observation rotation: angle=180 pause=0.25s
[Debug] observation rotation: angle=270 pause=0.25s
[Debug] calling detection service: position_id=big+7+7 angle=0 prompt='plant . lamp . window . chair .'
[Debug] received detection service result: position_id=big+7+7 angle=0
[Debug] calling detection service: position_id=big+7+7 angle=90 prompt='plant . tree .'
[Debug] received detection service result: position_id=big+7+7 angle=90
[Debug] calling detection service: position_id=big+7+7 angle=180 prompt='plant . picture . wall .'
[Debug] received detection service result: position_id=big+7+7 angle=180
[Debug] calling detection service: position_id=big+7+7 angle=270 prompt='plant . apple . spoon . table .'
[Debug] received detection service result: position_id=big+7+7 angle=270
[Debug] box_info_list_sum: [[{'label': 'window', 'box': [687, 2, 1023, 1021]}, {'label': 'lamp', 'box': [476, 487, 523, 649]}, {'label': 'chair', 'box': [197, 680, 325, 811]}], [{'label': 'tree', 'box': [603, 166, 963, 589]}], [{'label': 'picture', 'box': [369, 414, 732, 649]}, {'label': 'wall', 'box': [6, 0, 1022, 1023]}], [{'label': 'apple', 'box': [923, 897, 1002, 992]}, {'label': 'spoon', 'box': [808, 738, 886, 806]}, {'label': 'table', 'box': [625, 743, 1023, 1023]}, {'label': 'plant', 'box': [736, 560, 756, 616]}]]
window
wall
painting
wall
apple
[Debug] preserving goal candidate: label=plant angle=270 obj_id=26 visible_ratio=0.000317 bbox=19x59 box_match=0.2911 detection_bbox=20x56
[Debug] max_similar_objs_list: [[('window', 0, 64, 1.0, 'window', array([8.407    , 1.4980521, 1.5404677], dtype=float32))], [('wall', 0, 52, 0.579981803894043, 'wall', array([4.2035   , 1.8457987, 5.2545   ], dtype=float32))], [('painting', 180, 33, 0.7150622606277466, 'painting', array([7.906745  , 1.5264486 , 0.02087049], dtype=float32))], [('wall', 180, 50, 1.0, 'wall', array([4.203499 , 1.8457985, 2.102    ], dtype=float32))], [('apple', 270, 1, 1.0, 'apple', array([7.13576  , 0.8476802, 2.0106788], dtype=float32))]]
[Debug] empty_position: [1]
Setting `pad_token_id` to `eos_token_id`:151645 for open-end generation.
Setting `pad_token_id` to `eos_token_id`:151645 for open-end generation.
Setting `pad_token_id` to `eos_token_id`:151645 for open-end generation.
Setting `pad_token_id` to `eos_token_id`:151645 for open-end generation.
 {
    "Place": 0,
    "Angle": 90,
    "Objects": [
        "chair",
        "statue"
    ]
}{
    "Place": 0,
    "Angle": 180,
    "Objects": [
        "sofa",
        "chair",
        "floorlamp"
    ]
} {
    "Place": 1,
    "Angle": 0,
    "Objects": [
        "chair"
    ]
}{
    "Place": 1,
    "Angle": 180,
    "Objects": [
        "desk"
    ]
} {
    "Place": 2,
    "Angle": 0,
    "Objects": [
        "sofa",
        "coffee table",
        "armchair"
    ]
}{
    "Place": 2,
    "Angle": 90,
    "Objects": [
        "sofa",
        "wall"
    ]
}{
    "Place": 2,
    "Angle": 180,
    "Objects": [
        "refrigerator",
        "countertop"
    ]
} {
    "Place": 3,
    "Angle": 0,
    "Objects": [
        "coffee table",
        "tv"
    ]
}{
    "Place": 3,
    "Angle": 90,
    "Objects": [
        "sofa",
        "chair"
    ]
}{
    "Place": 3,
    "Angle": 180,
    "Objects": [
        "refrigerator",
        "desk"
    ]
} {
    "Place": 4,
    "Angle": 90,
    "Objects": [
        "chair"
    ]
}{
    "Place": 4,
    "Angle": 180,
    "Objects": [
        "sofa",
        "floor"
    ]
}{
    "Place": 4,
    "Angle": 270,
    "Objects": [
        "sofa"
    ]
} {
    "Place": 5,
    "Angle": 0,
    "Objects": [
        "chair"
    ]
}{
    "Place": 5,
    "Angle": 90,
    "Objects": [
        "trees",
        "window"
    ]
}{
    "Place": 5,
    "Angle": 270,
    "Objects": [
        "tv"
    ]
} {
    "Place": 6,
    "Angle": 0,
    "Objects": [
        "tv stand"
    ]
}{
    "Place": 6,
    "Angle": 90,
    "Objects": [
        "chair"
    ]
}{
    "Place": 6,
    "Angle": 270,
    "Objects": [
        "fridge",
        "window"
    ]
} {
    "Place": 7,
    "Angle": 0,
    "Objects": [
        "sofa",
        "wall",
        "window"
    ]
}{
    "Place": 7,
    "Angle": 90,
    "Objects": [
        "tree"
    ]
}{
    "Place": 7,
    "Angle": 180,
    "Objects": [
        "painting",
        "wall"
    ]
}{
    "Place": 7,
    "Angle": 270,
    "Objects": [
        "apple",
        "chair"
    ]
}
[Debug] resolver candidates place=0: exact=4 relaxed_or_synthesized=2
[Debug] resolver candidates place=1: exact=1 relaxed_or_synthesized=1
[Debug] resolver candidates place=4: exact=1 relaxed_or_synthesized=1
[Debug] resolver candidates place=5: exact=2 relaxed_or_synthesized=1
[Debug] allowed planner objects: []
[Debug] allowed planner objects by place: {0: [], 2: []}
[Debug] resolver candidates place=0: exact=4 relaxed_or_synthesized=2
[Debug] resolver candidates place=1: exact=1 relaxed_or_synthesized=1
[Debug] resolver candidates place=4: exact=1 relaxed_or_synthesized=1
[Debug] resolver candidates place=5: exact=2 relaxed_or_synthesized=1
[Debug] bypassing planner because allowed target list is empty: {"Place": 0, "Angle": 0, "Objects": ["window"]}
{"Place": 0, "Angle": 0, "Objects": ["window"]}
[Debug] planner selected: place=0, angle=0, objects=['window']
last_key:['Place 0', 'Place 1', 'Place 2', 'Place 0', 'Place 4', 'Place 5', 'Place 4']
[Debug] allowed_targets_by_place[0] candidates: [('chair', 0, 2, 1.0, 'chair', array([3.3287203, 0.6352806, 9.616457 ], dtype=float32)), ('chair', 90, 3, 1.0, 'chair', array([7.860443  , 0.38061038, 8.041011  ], dtype=float32)), ('chair', 180, 8, 1.0, 'chair', array([7.112501  , 0.49567136, 2.7322915 ], dtype=float32)), ('floorlamp', 180, 22, 0.7215485572814941, 'floorlamp', array([7.8611965 , 0.92367643, 7.275919  ], dtype=float32)), ('statue', 90, 44, 0.627722442150116, 'statue', array([7.630681  , 0.96019053, 9.146948  ], dtype=float32)), ('laptop', 0, 29, 1.0, 'laptop', array([ 7.6354885,  0.9170662, 10.0352125], dtype=float32)), ('tv', 270, 46, 0.8397394418716431, 'tv', array([0.47341067, 1.0578212 , 7.1917553 ], dtype=float32)), ('tv', 270, 48, 0.6600907444953918, 'tv', array([0.47341067, 0.34467316, 7.1917553 ], dtype=float32)), ('window', 0, 63, 0.5, 'window', array([-2.9802322e-08,  1.4992814e+00,  2.5223432e+00], dtype=float32)), ('painting', 180, 34, 0.5, 'painting', array([8.386129 , 1.205158 , 3.1444972], dtype=float32))]
[Debug] resolved target tuple: ('window', 0, 63, 0.5, 'window', array([-2.9802322e-08,  1.4992814e+00,  2.5223432e+00], dtype=float32)) from representative place 0
[Debug] resolved source place: 4 for representative place 0
0
final_goal:plant,sub_goal:window,place:0,trajectory: sofa in Place 0.plant in Place 0.painting in Place 2.window in Place 0.doorway in Place 0.
sub_target_id:63
target:window
final_goal:plant
final_length:39.319801330566406
[Timing] pathfinder to-subgoal elapsed=2.113s found=True
[Debug] sub-goal visible on screen: label=window ratio=0.002046 bbox=43x60
[Debug] observation rotation: angle=0 pause=0.25s
[Debug] observation rotation: angle=90 pause=0.25s
[Debug] observation rotation: angle=180 pause=0.25s
[Debug] observation rotation: angle=270 pause=0.25s
[Debug] calling detection service: position_id=big+8+8 angle=0 prompt='plant . sofa . coffee table .'
[Debug] received detection service result: position_id=big+8+8 angle=0
[Debug] calling detection service: position_id=big+8+8 angle=90 prompt='plant . lamp . refrigerator . desk .'
[Debug] received detection service result: position_id=big+8+8 angle=90
[Debug] calling detection service: position_id=big+8+8 angle=180 prompt='plant . counter . box .'
[Debug] received detection service result: position_id=big+8+8 angle=180
[Debug] calling detection service: position_id=big+8+8 angle=270 prompt='plant . trees . window .'
[Debug] received detection service result: position_id=big+8+8 angle=270
[Debug] box_info_list_sum: [[{'label': 'sofa', 'box': [719, 563, 1023, 743]}, {'label': 'plant', 'box': [410, 670, 475, 871]}], [{'label': 'lamp', 'box': [157, 492, 201, 624]}, {'label': 'refrigerator', 'box': [787, 492, 1010, 826]}, {'label': 'desk', 'box': [0, 562, 108, 628]}], [{'label': 'box', 'box': [474, 597, 653, 821]}, {'label': 'counter', 'box': [230, 676, 841, 1023]}], [{'label': 'trees', 'box': [159, 212, 907, 536]}, {'label': 'window', 'box': [27, 89, 1013, 995]}]]
[Debug] preserving goal candidate: label=plant angle=0 obj_id=26 visible_ratio=0.003861 bbox=60x215 box_match=0.3080 detection_bbox=65x201
microwave
[Debug] max_similar_objs_list: [[('microwave', 180, 30, 0.6661025881767273, 'microwave', array([0.40996644, 1.1141373 , 1.1519753 ], dtype=float32))]]
[Debug] empty_position: [3]
Setting `pad_token_id` to `eos_token_id`:151645 for open-end generation.
Setting `pad_token_id` to `eos_token_id`:151645 for open-end generation.
Setting `pad_token_id` to `eos_token_id`:151645 for open-end generation.
Setting `pad_token_id` to `eos_token_id`:151645 for open-end generation.
 {
    "Place": 0,
    "Angle": 90,
    "Objects": [
        "chair",
        "statue"
    ]
}{
    "Place": 0,
    "Angle": 180,
    "Objects": [
        "sofa",
        "chair",
        "floorlamp"
    ]
} {
    "Place": 1,
    "Angle": 0,
    "Objects": [
        "chair"
    ]
}{
    "Place": 1,
    "Angle": 180,
    "Objects": [
        "desk"
    ]
} {
    "Place": 2,
    "Angle": 0,
    "Objects": [
        "sofa",
        "coffee table",
        "armchair"
    ]
}{
    "Place": 2,
    "Angle": 90,
    "Objects": [
        "sofa",
        "wall"
    ]
}{
    "Place": 2,
    "Angle": 180,
    "Objects": [
        "refrigerator",
        "countertop"
    ]
} {
    "Place": 3,
    "Angle": 0,
    "Objects": [
        "coffee table",
        "tv"
    ]
}{
    "Place": 3,
    "Angle": 90,
    "Objects": [
        "sofa",
        "chair"
    ]
}{
    "Place": 3,
    "Angle": 180,
    "Objects": [
        "refrigerator",
        "desk"
    ]
} {
    "Place": 4,
    "Angle": 90,
    "Objects": [
        "chair"
    ]
}{
    "Place": 4,
    "Angle": 180,
    "Objects": [
        "sofa",
        "floor"
    ]
}{
    "Place": 4,
    "Angle": 270,
    "Objects": [
        "sofa"
    ]
} {
    "Place": 5,
    "Angle": 0,
    "Objects": [
        "chair"
    ]
}{
    "Place": 5,
    "Angle": 90,
    "Objects": [
        "trees",
        "window"
    ]
}{
    "Place": 5,
    "Angle": 270,
    "Objects": [
        "tv"
    ]
} {
    "Place": 6,
    "Angle": 0,
    "Objects": [
        "tv stand"
    ]
}{
    "Place": 6,
    "Angle": 90,
    "Objects": [
        "chair"
    ]
}{
    "Place": 6,
    "Angle": 270,
    "Objects": [
        "fridge",
        "window"
    ]
} {
    "Place": 7,
    "Angle": 0,
    "Objects": [
        "sofa",
        "wall",
        "window"
    ]
}{
    "Place": 7,
    "Angle": 90,
    "Objects": [
        "tree"
    ]
}{
    "Place": 7,
    "Angle": 180,
    "Objects": [
        "painting",
        "wall"
    ]
}{
    "Place": 7,
    "Angle": 270,
    "Objects": [
        "apple",
        "chair"
    ]
} {
    "Place": 8,
    "Angle": 0,
    "Objects": [
        "coffee table"
    ]
}{
    "Place": 8,
    "Angle": 90,
    "Objects": [
        "chair"
    ]
}{
    "Place": 8,
    "Angle": 180,
    "Objects": [
        "microwave"
    ]
}{
    "Place": 8,
    "Angle": 270,
    "Objects": [
        "window"
    ]
}
[Debug] resolver candidates place=0: exact=4 relaxed_or_synthesized=2
[Debug] resolver candidates place=1: exact=1 relaxed_or_synthesized=1
[Debug] resolver candidates place=5: exact=1 relaxed_or_synthesized=1
[Debug] allowed planner objects: []
[Debug] allowed planner objects by place: {0: [], 2: []}
[Debug] resolver candidates place=0: exact=4 relaxed_or_synthesized=2
[Debug] resolver candidates place=1: exact=1 relaxed_or_synthesized=1
[Debug] resolver candidates place=5: exact=1 relaxed_or_synthesized=1
[Debug] no allowed planner objects and no deterministic fallback; stopping episode
[Timing] episode elapsed=229.569s sr=0 spl=0.0000 final_length=49.3909
[Timing] val_auto episode total elapsed=229.569s goal=plant sr=0 spl=0.0000 completed_eval_episodes=1/5
[Debug] selectable goal names count=64 sample=['apple', 'baseballbat', 'basketball', 'bed', 'book', 'bowl', 'box', 'bread', 'butterknife', 'candle']
[Debug] using requested target object=plant
[Debug] reachable_positions=3342 candidate_objects_for_plant=3
[Debug] starting independent environment episode=1/1
[Debug] experiment setup: seed=7 goal_instance_index=random start_index=random start_rotation=270.0 start_point=(10.250, 0.901, 9.750)
[Timing] pathfinder goal-distance elapsed=12.662s found=True
real_distance:11.113961030678926
[Debug] observation rotation: angle=0 pause=0.25s
[Debug] observation rotation: angle=90 pause=0.25s
[Debug] observation rotation: angle=180 pause=0.25s
[Debug] observation rotation: angle=270 pause=0.25s
[Debug] calling detection service: position_id=big+0+0 angle=0 prompt='plant .'
[Debug] received detection service result: position_id=big+0+0 angle=0
[Debug] calling detection service: position_id=big+0+0 angle=90 prompt='plant . doorway . table . floor .'
[Debug] received detection service result: position_id=big+0+0 angle=90
[Debug] calling detection service: position_id=big+0+0 angle=180 prompt='plant . doorway . ceiling .'
[Debug] received detection service result: position_id=big+0+0 angle=180
[Debug] calling detection service: position_id=big+0+0 angle=270 prompt='plant . black object . vertical object .'
[Debug] received detection service result: position_id=big+0+0 angle=270
[Debug] box_info_list_sum: [[], [{'label': 'doorway', 'box': [442, 433, 589, 759]}, {'label': 'table', 'box': [732, 579, 860, 680]}, {'label': 'floor', 'box': [370, 643, 1023, 1023]}], [{'label': 'doorway', 'box': [316, 425, 469, 807]}, {'label': 'ceiling', 'box': [0, 0, 1001, 203]}, {'label': 'plant', 'box': [329, 528, 357, 577]}], [{'label': 'black object', 'box': [229, 752, 750, 1021]}, {'label': 'vertical object', 'box': [398, 84, 531, 1020]}]]
doorway
floor
doorway
wall
[Debug] preserving goal candidate: label=plant angle=180 obj_id=112 visible_ratio=0.000373 bbox=23x45 box_match=0.2850 detection_bbox=28x49
plant
tv
[Debug] max_similar_objs_list: [[('doorway', 90, 58, 1.0, 'doorway', array([14.478235 ,  1.0376704,  9.763346 ], dtype=float32))], [('floor', 90, 97, 0.6794582009315491, 'floor', array([8.1485   , 0.       , 5.0930004], dtype=float32))], [('doorway', 180, 57, 1.0, 'doorway', array([11.081314 ,  1.0459483,  6.5430164], dtype=float32))], [('wall', 180, 214, 0.6041585206985474, 'wall', array([4.074499 , 1.8875161, 5.0929995], dtype=float32))], [('plant', 180, 112, 1.0, 'plant', array([12.382526 ,  1.0490179,  3.3026695], dtype=float32))], [('tv', 270, 180, 0.5620273351669312, 'tv', array([9.025491 , 1.2942309, 9.712589 ], dtype=float32))]]
[Debug] empty_position: []
 {
    "Place": 0,
    "Angle": 0,
    "Objects": [
        "shadow",
        "background"
    ]
}{
    "Place": 0,
    "Angle": 90,
    "Objects": [
        "doorway",
        "ceiling"
    ]
}{
    "Place": 0,
    "Angle": 180,
    "Objects": [
        "doorway",
        "wall"
    ]
}{
    "Place": 0,
    "Angle": 270,
    "Objects": [
        "tv"
    ]
}
[Debug] resolver candidates place=0: exact=3 relaxed_or_synthesized=1
[Debug] allowed planner objects: ['plant', 'doorway', 'tv']
[Debug] allowed planner objects by place: {0: ['plant', 'doorway', 'tv']}
[Debug] bypassing planner because goal is already observed: {"Place": 0, "Angle": 180, "Objects": ["plant"]}
{"Place": 0, "Angle": 180, "Objects": ["plant"]}
[Debug] planner selected: place=0, angle=180, objects=['plant']
last_key:[]
[Debug] allowed_targets_by_place[0] candidates: [('plant', 180, 112, 1.0, 'plant', array([12.382526 ,  1.0490179,  3.3026695], dtype=float32)), ('doorway', 90, 58, 1.0, 'doorway', array([14.478235 ,  1.0376704,  9.763346 ], dtype=float32)), ('doorway', 180, 57, 1.0, 'doorway', array([11.081314 ,  1.0459483,  6.5430164], dtype=float32)), ('tv', 270, 180, 0.5620273351669312, 'tv', array([9.025491 , 1.2942309, 9.712589 ], dtype=float32))]
[Debug] resolved target tuple: ('plant', 180, 112, 1.0, 'plant', array([12.382526 ,  1.0490179,  3.3026695], dtype=float32)) from representative place 0
[Debug] resolved source place: 0 for representative place 0
0
final_goal:plant,sub_goal:plant,place:0,trajectory: plant in Place 0.
sub_target_id:112
target:plant
final_goal:plant
final_length:0
[Timing] pathfinder to-subgoal elapsed=9.131s found=True
[Debug] sub-goal visible on screen: label=plant ratio=0.002326 bbox=68x111
[Debug] calling detection service: position_id=goal-visible-1-0-42 angle=270 prompt='plant .'
[Debug] received detection service result: position_id=goal-visible-1-0-42 angle=270
[Debug] final goal visible on screen: label=plant ratio=0.014254 semantic_bbox=168x273 rgb_bbox=169x229
[Debug] saved final goal bbox: tmp/navigation_images/final_goal_visible_step_42.png
[Debug] final goal detected; approaching GT coordinates before stopping
[Timing] pathfinder final-approach elapsed=0.362s found=True
[Debug] close enough to final goal coordinates: label=plant distance=0.931
Setting `pad_token_id` to `eos_token_id`:151645 for open-end generation.
Setting `pad_token_id` to `eos_token_id`:151645 for open-end generation.
Setting `pad_token_id` to `eos_token_id`:151645 for open-end generation.
Setting `pad_token_id` to `eos_token_id`:151645 for open-end generation.
Setting `pad_token_id` to `eos_token_id`:151645 for open-end generation.
Setting `pad_token_id` to `eos_token_id`:151645 for open-end generation.
Setting `pad_token_id` to `eos_token_id`:151645 for open-end generation.
Setting `pad_token_id` to `eos_token_id`:151645 for open-end generation.
[Timing] episode elapsed=56.148s sr=1 spl=1.0000 final_length=8.4497
[Timing] val_auto episode total elapsed=56.149s goal=plant sr=1 spl=1.0000 completed_eval_episodes=2/5
[Debug] episode success: final_goal=plant sr=1 spl=1.0000 final_length=8.4497
[Debug] selectable goal names count=41 sample=['apple', 'basketball', 'bed', 'book', 'bowl', 'box', 'butterknife', 'candle', 'cd', 'chair']
[Debug] using requested target object=plant
[Debug] reachable_positions=252 candidate_objects_for_plant=3
[Debug] starting independent environment episode=1/1
[Debug] experiment setup: seed=7 goal_instance_index=random start_index=random start_rotation=90.0 start_point=(2.250, 0.901, 0.500)
[Timing] pathfinder goal-distance elapsed=0.118s found=True
real_distance:5.371320343559643
[Debug] observation rotation: angle=0 pause=0.25s
[Debug] observation rotation: angle=90 pause=0.25s
[Debug] observation rotation: angle=180 pause=0.25s
[Debug] observation rotation: angle=270 pause=0.25s
[Debug] calling detection service: position_id=big+0+0 angle=0 prompt='plant . remote . keychain . laptop .'
[Debug] received detection service result: position_id=big+0+0 angle=0
[Debug] calling detection service: position_id=big+0+0 angle=90 prompt='plant . picture frame . wall .'
[Debug] received detection service result: position_id=big+0+0 angle=90
[Debug] calling detection service: position_id=big+0+0 angle=180 prompt='plant . tile .'
[Debug] received detection service result: position_id=big+0+0 angle=180
[Debug] calling detection service: position_id=big+0+0 angle=270 prompt='plant . pillow . remote . basketball .'
[Debug] received detection service result: position_id=big+0+0 angle=270
[Debug] box_info_list_sum: [[{'label': 'laptop', 'box': [640, 751, 811, 866]}, {'label': 'keychain', 'box': [835, 791, 909, 816]}], [{'label': 'picture frame', 'box': [0, 139, 129, 404]}, {'label': 'wall', 'box': [0, 1, 1022, 1022]}], [{'label': 'tile', 'box': [0, 0, 1023, 1022]}], [{'label': 'remote', 'box': [425, 939, 454, 1016]}, {'label': 'basketball', 'box': [844, 834, 916, 905]}]]
laptop
dresser
painting
wall
bed
basketball
[Debug] max_similar_objs_list: [[('laptop', 0, 37, 1.0, 'laptop', array([2.673609  , 0.99222696, 1.5374721 ], dtype=float32))], [('dresser', 0, 23, 0.557720959186554, 'dresser', array([2.8636615 , 0.48569733, 1.5465158 ], dtype=float32))], [('painting', 90, 38, 0.5644656419754028, 'painting', array([3.2171295, 2.0282753, 1.5678673], dtype=float32))], [('wall', 90, 68, 1.0, 'wall', array([1.619    , 1.6391454, 0.       ], dtype=float32))], [('bed', 270, 3, 0.6064897179603577, 'bed', array([1.0177794 , 0.6060875 , 0.54806876], dtype=float32))], [('basketball', 270, 2, 1.0, 'basketball', array([0.16623037, 0.11968711, 1.9928868 ], dtype=float32))]]
[Debug] empty_position: []
 {
    "Place": 0,
    "Angle": 0,
    "Objects": [
        "desk",
        "laptop",
        "dresser",
        "remote"
    ]
}{
    "Place": 0,
    "Angle": 90,
    "Objects": [
        "wall",
        "painting"
    ]
}{
    "Place": 0,
    "Angle": 180,
    "Objects": [
        "shadows"
    ]
}{
    "Place": 0,
    "Angle": 270,
    "Objects": [
        "pillow",
        "basketball",
        "bed",
        "bed"
    ]
}
[Debug] allowed planner objects: ['painting', 'laptop', 'basketball', 'bed', 'dresser']
[Debug] allowed planner objects by place: {0: ['laptop', 'basketball', 'bed', 'painting', 'dresser']}
The above is a description of different places in different angles in the environment.Your can get to any place described in the json data. Your goal is to find the plant. Based on the above json data, please choose one specific object to travel to as your target. If your goal is already in the description, please choose it as the target. You must choose an object only from this allowed list: painting, laptop, basketball, bed, dresser. Do not output any object name that is not in the allowed list. Valid choosable objects by place are: Place 0: laptop, basketball, bed, painting, dresser. The Objects field must contain exactly one object from the chosen place list.Note that you can travel to door or door frame to other spaces if there are no clear evidence to choose the target.  Return exactly one JSON object by referring to the following template.
            {"Place": x, "Angle": x, "Objects": ["xxxx"] }
            If your goal is already in the description, please choose it as the target. You should not output any explanation, markdown, prose, examples, or extra text before or after the JSON. Note that your should choose only one object in one angle of one place in the json data as the target.
{"Place": "bed", "Angle": 270, "Objects": ["pillow", "basketball", "bed"]}
[Timing] planning mode=kv elapsed=1.375s
{"Place": 0, "Angle": 270, "Objects": ["bed"]}
[Debug] planner selected: place=0, angle=270, objects=['bed']
last_key:[]
[Debug] allowed_targets_by_place[0] candidates: [('laptop', 0, 37, 1.0, 'laptop', array([2.673609  , 0.99222696, 1.5374721 ], dtype=float32)), ('basketball', 270, 2, 1.0, 'basketball', array([0.16623037, 0.11968711, 1.9928868 ], dtype=float32)), ('bed', 270, 3, 0.6064897179603577, 'bed', array([1.0177794 , 0.6060875 , 0.54806876], dtype=float32)), ('painting', 90, 38, 0.5644656419754028, 'painting', array([3.2171295, 2.0282753, 1.5678673], dtype=float32)), ('dresser', 0, 23, 0.557720959186554, 'dresser', array([2.8636615 , 0.48569733, 1.5465158 ], dtype=float32))]
[Debug] resolved target tuple: ('bed', 270, 3, 0.6064897179603577, 'bed', array([1.0177794 , 0.6060875 , 0.54806876], dtype=float32)) from representative place 0
[Debug] resolved source place: 0 for representative place 0
0
final_goal:plant,sub_goal:bed,place:0,trajectory: bed in Place 0.
sub_target_id:3
target:bed
final_goal:plant
final_length:0
[Timing] pathfinder to-subgoal elapsed=0.041s found=True
[Debug] sub-goal visible on screen: label=bed ratio=0.107143 bbox=308x403
[Debug] observation rotation: angle=0 pause=0.25s
[Debug] observation rotation: angle=90 pause=0.25s
[Debug] observation rotation: angle=180 pause=0.25s
[Debug] observation rotation: angle=270 pause=0.25s
[Debug] calling detection service: position_id=big+1+1 angle=0 prompt='plant . doorway . wall .'
[Debug] received detection service result: position_id=big+1+1 angle=0
[Debug] calling detection service: position_id=big+1+1 angle=90 prompt='plant . lamp . desk .'
[Debug] received detection service result: position_id=big+1+1 angle=90
[Debug] calling detection service: position_id=big+1+1 angle=180 prompt='plant . bricks . wall .'
[Debug] received detection service result: position_id=big+1+1 angle=180
[Debug] calling detection service: position_id=big+1+1 angle=270 prompt='plant . wooden bench . wall .'
[Debug] received detection service result: position_id=big+1+1 angle=270
[Debug] box_info_list_sum: [[], [{'label': 'lamp', 'box': [400, 546, 504, 661]}, {'label': 'plant', 'box': [230, 755, 274, 804]}, {'label': 'desk', 'box': [209, 765, 292, 925]}], [{'label': 'wall', 'box': [1, 0, 1021, 1021]}], [{'label': 'wooden bench', 'box': [1, 702, 419, 1020]}, {'label': 'wall', 'box': [1, 1, 1022, 1021]}]]
wall
[Debug] preserving goal candidate: label=plant angle=90 obj_id=35 visible_ratio=0.000706 bbox=40x47 box_match=0.3414 detection_bbox=44x49
plant
sidetable
wall
[Debug] max_similar_objs_list: [[('wall', 90, 67, 0.579981803894043, 'wall', array([1.6189996, 1.6391454, 1.6189998], dtype=float32))], [('plant', 90, 35, 1.0, 'plant', array([2.9430351 , 0.54365206, 2.2450302 ], dtype=float32))], [('sidetable', 90, 61, 0.6906325817108154, 'sidetable', array([3.0542097, 0.239983 , 2.2808166], dtype=float32))], [('wall', 270, 65, 1.0, 'wall', array([0.       , 1.6391454, 1.619    ], dtype=float32))]]
[Debug] empty_position: []
Setting `pad_token_id` to `eos_token_id`:151645 for open-end generation.
Setting `pad_token_id` to `eos_token_id`:151645 for open-end generation.
Setting `pad_token_id` to `eos_token_id`:151645 for open-end generation.
Setting `pad_token_id` to `eos_token_id`:151645 for open-end generation.
Setting `pad_token_id` to `eos_token_id`:151645 for open-end generation.
Setting `pad_token_id` to `eos_token_id`:151645 for open-end generation.
Setting `pad_token_id` to `eos_token_id`:151645 for open-end generation.
Setting `pad_token_id` to `eos_token_id`:151645 for open-end generation.
 {
    "Place": 0,
    "Angle": 0,
    "Objects": [
        "desk",
        "laptop",
        "dresser",
        "remote"
    ]
}{
    "Place": 0,
    "Angle": 90,
    "Objects": [
        "wall",
        "painting"
    ]
}{
    "Place": 0,
    "Angle": 180,
    "Objects": [
        "shadows"
    ]
} {
    "Place": 1,
    "Angle": 0,
    "Objects": [
        "doorway",
        "wall"
    ]
}{
    "Place": 1,
    "Angle": 90,
    "Objects": [
        "sidetable",
        "plant",
        "wall"
    ]
}{
    "Place": 1,
    "Angle": 180,
    "Objects": [
        "bricks"
    ]
}
[Debug] resolver candidates place=0: exact=3 relaxed_or_synthesized=1
[Debug] allowed planner objects: ['plant', 'sidetable']
[Debug] allowed planner objects by place: {0: [], 1: ['plant', 'sidetable']}
[Debug] bypassing planner because goal is already observed: {"Place": 1, "Angle": 90, "Objects": ["plant"]}
{"Place": 1, "Angle": 90, "Objects": ["plant"]}
[Debug] planner selected: place=1, angle=90, objects=['plant']
last_key:['Place 0']
[Debug] allowed_targets_by_place[1] candidates: [('plant', 90, 35, 1.0, 'plant', array([2.9430351 , 0.54365206, 2.2450302 ], dtype=float32)), ('sidetable', 90, 61, 0.6906325817108154, 'sidetable', array([3.0542097, 0.239983 , 2.2808166], dtype=float32))]
[Debug] resolved target tuple: ('plant', 90, 35, 1.0, 'plant', array([2.9430351 , 0.54365206, 2.2450302 ], dtype=float32)) from representative place 1
[Debug] resolved source place: 1 for representative place 1
1
final_goal:plant,sub_goal:plant,place:1,trajectory: bed in Place 0.plant in Place 1.
sub_target_id:35
target:plant
final_goal:plant
final_length:2.4142136573791504
[Timing] pathfinder to-subgoal elapsed=0.063s found=True
[Debug] sub-goal visible on screen: label=plant ratio=0.002544 bbox=69x100
[Debug] observation rotation: angle=0 pause=0.25s
[Debug] observation rotation: angle=90 pause=0.25s
[Debug] observation rotation: angle=180 pause=0.25s
[Debug] observation rotation: angle=270 pause=0.25s
[Debug] calling detection service: position_id=big+2+2 angle=0 prompt='plant . painting . wall .'
[Debug] received detection service result: position_id=big+2+2 angle=0
[Debug] calling detection service: position_id=big+2+2 angle=90 prompt='plant . tiles . wall .'
[Debug] received detection service result: position_id=big+2+2 angle=90
[Debug] calling detection service: position_id=big+2+2 angle=180 prompt='plant . remote . tv . lamp .'
[Debug] received detection service result: position_id=big+2+2 angle=180
[Debug] calling detection service: position_id=big+2+2 angle=270 prompt='plant . doorway . bed .'
[Debug] received detection service result: position_id=big+2+2 angle=270
[Debug] box_info_list_sum: [[{'label': 'wall', 'box': [1, 1, 1021, 1020]}, {'label': 'painting', 'box': [856, 2, 1022, 799]}], [{'label': 'wall', 'box': [1, 1, 1022, 1021]}], [{'label': 'lamp', 'box': [258, 607, 369, 796]}, {'label': 'remote', 'box': [425, 794, 469, 870]}], [{'label': 'bed', 'box': [0, 579, 244, 1014]}, {'label': 'doorway', 'box': [651, 420, 838, 823]}]]
wall
painting
desklamp
remotecontrol
doorway
[Debug] max_similar_objs_list: [[('wall', 0, 66, 1.0, 'wall', array([1.619    , 1.6391453, 1.619    ], dtype=float32))], [('painting', 0, 44, 1.0, 'painting', array([3.2250004, 1.6885716, 2.8293538], dtype=float32))], [('desklamp', 180, 15, 0.7352255582809448, 'desklamp', array([3.1228807, 1.2030637, 1.4979863], dtype=float32))], [('remotecontrol', 180, 49, 0.8624249696731567, 'remotecontrol', array([2.8625822 , 0.98071736, 1.5370795 ], dtype=float32))], [('doorway', 270, 19, 1.0, 'doorway', array([1.0515028, 1.0364102, 3.6505966], dtype=float32))]]
[Debug] empty_position: []
 {
    "Place": 0,
    "Angle": 0,
    "Objects": [
        "desk",
        "laptop",
        "dresser",
        "remote"
    ]
}{
    "Place": 0,
    "Angle": 90,
    "Objects": [
        "wall",
        "painting"
    ]
}{
    "Place": 0,
    "Angle": 180,
    "Objects": [
        "shadows"
    ]
} {
    "Place": 1,
    "Angle": 0,
    "Objects": [
        "doorway",
        "wall"
    ]
}{
    "Place": 1,
    "Angle": 180,
    "Objects": [
        "bricks"
    ]
} {
    "Place": 2,
    "Angle": 0,
    "Objects": [
        "wall",
        "painting"
    ]
}{
    "Place": 2,
    "Angle": 90,
    "Objects": [
        "tiles"
    ]
}{
    "Place": 2,
    "Angle": 180,
    "Objects": [
        "desklamp",
        "desk",
        "remotecontrol",
        "tv"
    ]
}{
    "Place": 2,
    "Angle": 270,
    "Objects": [
        "doorway"
    ]
}
[Debug] resolver candidates place=0: exact=3 relaxed_or_synthesized=1
[Debug] resolver candidates place=1: exact=0 relaxed_or_synthesized=1
[Debug] allowed planner objects: ['doorway']
[Debug] allowed planner objects by place: {0: ['doorway'], 1: []}
[Debug] bypassing planner because only one target is allowed: {"Place": 0, "Angle": 270, "Objects": ["doorway"]}
{"Place": 0, "Angle": 270, "Objects": ["doorway"]}
[Debug] planner selected: place=0, angle=270, objects=['doorway']
last_key:['Place 0', 'Place 1']
[Debug] allowed_targets_by_place[0] candidates: [('doorway', 270, 19, 1.0, 'doorway', array([1.0515028, 1.0364102, 3.6505966], dtype=float32)), ('painting', 0, 44, 1.0, 'painting', array([3.2250004, 1.6885716, 2.8293538], dtype=float32)), ('laptop', 0, 37, 1.0, 'laptop', array([2.673609  , 0.99222696, 1.5374721 ], dtype=float32)), ('remotecontrol', 180, 49, 0.8624249696731567, 'remotecontrol', array([2.8625822 , 0.98071736, 1.5370795 ], dtype=float32)), ('desklamp', 180, 15, 0.7352255582809448, 'desklamp', array([3.1228807, 1.2030637, 1.4979863], dtype=float32)), ('painting', 90, 38, 0.5644656419754028, 'painting', array([3.2171295, 2.0282753, 1.5678673], dtype=float32)), ('dresser', 0, 23, 0.557720959186554, 'dresser', array([2.8636615 , 0.48569733, 1.5465158 ], dtype=float32)), ('basketball', 270, 2, 1.0, 'basketball', array([0.16623037, 0.11968711, 1.9928868 ], dtype=float32))]
[Debug] resolved target tuple: ('doorway', 270, 19, 1.0, 'doorway', array([1.0515028, 1.0364102, 3.6505966], dtype=float32)) from representative place 0
[Debug] resolved source place: 2 for representative place 0
0
final_goal:plant,sub_goal:doorway,place:0,trajectory: bed in Place 0.plant in Place 1.doorway in Place 0.
sub_target_id:19
target:doorway
final_goal:plant
final_length:4.889087677001953
[Timing] pathfinder to-subgoal elapsed=0.048s found=True
[Debug] sub-goal visible on screen: label=doorway ratio=0.155046 bbox=342x852
Agent is within 1m of the target. Stopping.
[Debug] observation rotation: angle=0 pause=0.25s
[Debug] observation rotation: angle=90 pause=0.25s
[Debug] observation rotation: angle=180 pause=0.25s
[Debug] observation rotation: angle=270 pause=0.25s
[Debug] calling detection service: position_id=big+3+3 angle=0 prompt='plant . lamp . table .'
[Debug] received detection service result: position_id=big+3+3 angle=0
[Debug] calling detection service: position_id=big+3+3 angle=90 prompt='plant . doorway . wall with tiles .'
[Debug] received detection service result: position_id=big+3+3 angle=90
[Debug] calling detection service: position_id=big+3+3 angle=180 prompt='plant . lamp . desk . bed .'
[Debug] received detection service result: position_id=big+3+3 angle=180
[Debug] calling detection service: position_id=big+3+3 angle=270 prompt='plant . doorway . wall with tiles .'
[Debug] received detection service result: position_id=big+3+3 angle=270
[Debug] box_info_list_sum: [[{'label': 'lamp', 'box': [791, 450, 890, 824]}, {'label': 'table', 'box': [204, 654, 643, 905]}], [{'label': 'plant', 'box': [869, 784, 919, 851]}, {'label': 'doorway', 'box': [32, 170, 723, 1018]}], [{'label': 'lamp', 'box': [0, 555, 83, 660]}, {'label': 'bed', 'box': [350, 566, 771, 844]}, {'label': 'desk', 'box': [0, 640, 234, 1018]}], [{'label': 'doorway', 'box': [378, 293, 818, 1020]}]]
floorlamp
floor
[Debug] preserving goal candidate: label=plant angle=90 obj_id=35 visible_ratio=0.001129 bbox=49x56 box_match=0.3534 detection_bbox=50x67
Setting `pad_token_id` to `eos_token_id`:151645 for open-end generation.
Setting `pad_token_id` to `eos_token_id`:151645 for open-end generation.
Setting `pad_token_id` to `eos_token_id`:151645 for open-end generation.
Setting `pad_token_id` to `eos_token_id`:151645 for open-end generation.
[Debug] max_similar_objs_list: [[('floorlamp', 0, 29, 0.7215485572814941, 'floorlamp', array([2.9967155 , 0.93430954, 6.233019  ], dtype=float32))], [('floor', 0, 26, 0.6794582009315491, 'floor', array([1.619, 0.   , 3.238], dtype=float32))]]
[Debug] empty_position: []
 {
    "Place": 0,
    "Angle": 0,
    "Objects": [
        "desk",
        "laptop",
        "dresser",
        "remote"
    ]
}{
    "Place": 0,
    "Angle": 90,
    "Objects": [
        "wall",
        "painting"
    ]
}{
    "Place": 0,
    "Angle": 180,
    "Objects": [
        "shadows"
    ]
} {
    "Place": 1,
    "Angle": 0,
    "Objects": [
        "doorway",
        "wall"
    ]
}{
    "Place": 1,
    "Angle": 180,
    "Objects": [
        "bricks"
    ]
} {
    "Place": 2,
    "Angle": 0,
    "Objects": [
        "wall",
        "painting"
    ]
}{
    "Place": 2,
    "Angle": 90,
    "Objects": [
        "tiles"
    ]
}{
    "Place": 2,
    "Angle": 180,
    "Objects": [
        "desklamp",
        "desk",
        "remotecontrol",
        "tv"
    ]
} {
    "Place": 3,
    "Angle": 0,
    "Objects": [
        "floorlamp",
        "floor"
    ]
}{
    "Place": 3,
    "Angle": 90,
    "Objects": [
        "wall with tiles"
    ]
}{
    "Place": 3,
    "Angle": 180,
    "Objects": [
        "sports ball"
    ]
}{
    "Place": 3,
    "Angle": 270,
    "Objects": [
        "wall with tiles"
    ]
}
[Debug] resolver candidates place=0: exact=3 relaxed_or_synthesized=1
[Debug] resolver candidates place=1: exact=0 relaxed_or_synthesized=1
[Debug] allowed planner objects: ['floorlamp']
[Debug] allowed planner objects by place: {0: [], 1: [], 3: ['floorlamp']}
[Debug] bypassing planner because only one target is allowed: {"Place": 3, "Angle": 0, "Objects": ["floorlamp"]}
{"Place": 3, "Angle": 0, "Objects": ["floorlamp"]}
[Debug] planner selected: place=3, angle=0, objects=['floorlamp']
last_key:['Place 0', 'Place 1', 'Place 2']
[Debug] allowed_targets_by_place[3] candidates: [('floorlamp', 0, 29, 0.7215485572814941, 'floorlamp', array([2.9967155 , 0.93430954, 6.233019  ], dtype=float32))]
[Debug] resolved target tuple: ('floorlamp', 0, 29, 0.7215485572814941, 'floorlamp', array([2.9967155 , 0.93430954, 6.233019  ], dtype=float32)) from representative place 3
[Debug] resolved source place: 3 for representative place 3
3
final_goal:plant,sub_goal:floorlamp,place:3,trajectory: bed in Place 0.plant in Place 1.doorway in Place 0.floorlamp in Place 3.
sub_target_id:29
target:floorlamp
final_goal:plant
final_length:6.803300857543945
[Timing] pathfinder to-subgoal elapsed=0.146s found=True
[Debug] sub-goal visible on screen: label=floorlamp ratio=0.009425 bbox=78x348
[Debug] observation rotation: angle=0 pause=0.25s
[Debug] observation rotation: angle=90 pause=0.25s
[Debug] observation rotation: angle=180 pause=0.25s
[Debug] observation rotation: angle=270 pause=0.25s
[Debug] get_observation skip angle=0 reason=depth
[Debug] calling detection service: position_id=big+4+4 angle=90 prompt='plant . lamp . wall .'
[Debug] received detection service result: position_id=big+4+4 angle=90
[Debug] calling detection service: position_id=big+4+4 angle=180 prompt='plant . doorway . wall . ceiling .'
[Debug] received detection service result: position_id=big+4+4 angle=180
[Debug] calling detection service: position_id=big+4+4 angle=270 prompt='plant . tv . table . picture frame .'
[Debug] received detection service result: position_id=big+4+4 angle=270
[Debug] box_info_list_sum: [[{'label': 'lamp', 'box': [285, 1, 787, 1021]}, {'label': 'wall', 'box': [1, 0, 1022, 1023]}], [{'label': 'plant', 'box': [444, 635, 559, 828]}, {'label': 'ceiling', 'box': [290, 0, 1022, 226]}, {'label': 'wall', 'box': [0, 1, 389, 1021]}], [{'label': 'table', 'box': [69, 682, 634, 1022]}, {'label': 'picture frame', 'box': [561, 0, 883, 870]}]]
wall
[Debug] preserving goal candidate: label=plant angle=180 obj_id=34 visible_ratio=0.006470 bbox=123x189 box_match=0.3052 detection_bbox=115x193
plant
wall
box
painting
[Debug] max_similar_objs_list: [[('wall', 90, 73, 1.0, 'wall', array([1.619    , 1.6391454, 3.238    ], dtype=float32))], [('plant', 180, 34, 1.0, 'plant', array([2.5657938 , 0.44735244, 3.602463  ], dtype=float32))], [('wall', 180, 84, 1.0, 'wall', array([1.6189997, 1.6391454, 3.2379994], dtype=float32))], [('box', 270, 8, 0.661896288394928, 'box', array([1.3299593, 0.877348 , 6.183116 ], dtype=float32))], [('painting', 270, 40, 0.5644656419754028, 'painting', array([1.7291131, 1.6870391, 6.4572864], dtype=float32))]]
[Debug] empty_position: []
 {
    "Place": 0,
    "Angle": 0,
    "Objects": [
        "desk",
        "laptop",
        "dresser",
        "remote"
    ]
}{
    "Place": 0,
    "Angle": 90,
    "Objects": [
        "wall",
        "painting"
    ]
}{
    "Place": 0,
    "Angle": 180,
    "Objects": [
        "shadows"
    ]
} {
    "Place": 1,
    "Angle": 0,
    "Objects": [
        "doorway",
        "wall"
    ]
}{
    "Place": 1,
    "Angle": 180,
    "Objects": [
        "bricks"
    ]
} {
    "Place": 2,
    "Angle": 0,
    "Objects": [
        "wall",
        "painting"
    ]
}{
    "Place": 2,
    "Angle": 90,
    "Objects": [
        "tiles"
    ]
}{
    "Place": 2,
    "Angle": 180,
    "Objects": [
        "desklamp",
        "desk",
        "remotecontrol",
        "tv"
    ]
} {
    "Place": 3,
    "Angle": 90,
    "Objects": [
        "wall with tiles"
    ]
}{
    "Place": 3,
    "Angle": 180,
    "Objects": [
        "sports ball"
    ]
}{
    "Place": 3,
    "Angle": 270,
    "Objects": [
        "wall with tiles"
    ]
} {
    "Place": 4,
    "Angle": 180,
    "Objects": [
        "doorway",
        "wall",
        "ceiling",
        "plant"
    ]
}{
    "Place": 4,
    "Angle": 270,
    "Objects": [
        "wall",
        "painting",
        "tv",
        "box"
    ]
}
[Debug] resolver candidates place=0: exact=3 relaxed_or_synthesized=1
[Debug] resolver candidates place=1: exact=0 relaxed_or_synthesized=1
[Debug] resolver candidates place=3: exact=0 relaxed_or_synthesized=1
[Debug] allowed planner objects: []
[Debug] allowed planner objects by place: {0: [], 1: [], 3: []}
[Debug] bypassing planner because goal is already observed: {"Place": 1, "Angle": 180, "Objects": ["plant"]}
{"Place": 1, "Angle": 180, "Objects": ["plant"]}
[Debug] planner selected: place=1, angle=180, objects=['plant']
last_key:['Place 0', 'Place 1', 'Place 2', 'Place 3']
[Debug] allowed_targets_by_place[1] candidates: [('plant', 180, 34, 1.0, 'plant', array([2.5657938 , 0.44735244, 3.602463  ], dtype=float32)), ('box', 270, 8, 0.661896288394928, 'box', array([1.3299593, 0.877348 , 6.183116 ], dtype=float32)), ('painting', 270, 40, 0.5644656419754028, 'painting', array([1.7291131, 1.6870391, 6.4572864], dtype=float32)), ('sidetable', 90, 61, 0.6906325817108154, 'sidetable', array([3.0542097, 0.239983 , 2.2808166], dtype=float32))]
[Debug] resolved target tuple: ('plant', 180, 34, 1.0, 'plant', array([2.5657938 , 0.44735244, 3.602463  ], dtype=float32)) from representative place 1
[Debug] resolved source place: 4 for representative place 1
1
final_goal:plant,sub_goal:plant,place:1,trajectory: bed in Place 0.plant in Place 1.doorway in Place 0.floorlamp in Place 3.
sub_target_id:34
target:plant
final_goal:plant
final_length:10.071067810058594
[Timing] pathfinder to-subgoal elapsed=0.057s found=True
[Debug] sub-goal visible on screen: label=plant ratio=0.008072 bbox=138x210
[Debug] calling detection service: position_id=goal-visible-5-4-3 angle=180 prompt='plant .'
[Debug] received detection service result: position_id=goal-visible-5-4-3 angle=180
[Debug] final goal visible on screen: label=plant ratio=0.010307 semantic_bbox=156x237 rgb_bbox=155x241
[Debug] saved final goal bbox: tmp/navigation_images/final_goal_visible_step_3.png
[Debug] final goal detected; approaching GT coordinates before stopping
[Timing] pathfinder final-approach elapsed=0.055s found=True
[Debug] close enough to final goal coordinates: label=plant distance=1.274
[Timing] episode elapsed=95.459s sr=1 spl=0.4702 final_length=11.4246
Setting `pad_token_id` to `eos_token_id`:151645 for open-end generation.
Setting `pad_token_id` to `eos_token_id`:151645 for open-end generation.
Setting `pad_token_id` to `eos_token_id`:151645 for open-end generation.
Setting `pad_token_id` to `eos_token_id`:151645 for open-end generation.
Setting `pad_token_id` to `eos_token_id`:151645 for open-end generation.
Setting `pad_token_id` to `eos_token_id`:151645 for open-end generation.
Setting `pad_token_id` to `eos_token_id`:151645 for open-end generation.
Setting `pad_token_id` to `eos_token_id`:151645 for open-end generation.
[Timing] val_auto episode total elapsed=95.459s goal=plant sr=1 spl=0.4702 completed_eval_episodes=3/5
[Debug] episode success: final_goal=plant sr=1 spl=0.4702 final_length=11.4246
[Debug] selectable goal names count=29 sample=['alarmclock', 'baseballbat', 'bed', 'book', 'bowl', 'box', 'cellphone', 'chair', 'desk', 'dogbed']
[Debug] using requested target object=plant
[Debug] reachable_positions=82 candidate_objects_for_plant=1
[Debug] starting independent environment episode=1/1
[Debug] experiment setup: seed=7 goal_instance_index=random start_index=random start_rotation=270.0 start_point=(4.500, 0.901, 3.750)
[Timing] pathfinder goal-distance elapsed=0.022s found=True
real_distance:3.974873734152917
[Debug] observation rotation: angle=0 pause=0.25s
[Debug] observation rotation: angle=90 pause=0.25s
[Debug] observation rotation: angle=180 pause=0.25s
[Debug] observation rotation: angle=270 pause=0.25s
[Debug] calling detection service: position_id=big+0+0 angle=0 prompt='plant . doorway . cylindrical trash can .'
[Debug] received detection service result: position_id=big+0+0 angle=0
[Debug] calling detection service: position_id=big+0+0 angle=90 prompt='plant . doorway . wall .'
[Debug] received detection service result: position_id=big+0+0 angle=90
[Debug] calling detection service: position_id=big+0+0 angle=180 prompt='plant . plastic tray . bed . teddy bear .'
[Debug] received detection service result: position_id=big+0+0 angle=180
[Debug] calling detection service: position_id=big+0+0 angle=270 prompt='plant . doorway . mirror .'
[Debug] received detection service result: position_id=big+0+0 angle=270
[Debug] box_info_list_sum: [[{'label': 'doorway', 'box': [851, 157, 1022, 1021]}], [{'label': 'doorway', 'box': [0, 156, 458, 1021]}], [{'label': 'teddy bear', 'box': [388, 624, 529, 769]}, {'label': 'bed', 'box': [239, 619, 897, 1022]}, {'label': 'plastic tray', 'box': [561, 697, 674, 737]}], []]
doorway
teddybear
bed
laptop
[Debug] max_similar_objs_list: [[('doorway', 0, 12, 1.0, 'doorway', array([5.323    , 1.0517943, 4.357685 ], dtype=float32))], [('teddybear', 180, 35, 0.976365864276886, 'teddybear', array([4.674655 , 0.9515568, 1.9618669], dtype=float32))], [('bed', 180, 4, 1.0, 'bed', array([4.4675746 , 0.41503024, 1.1446434 ], dtype=float32))], [('laptop', 180, 25, 0.5926035642623901, 'laptop', array([4.0820193, 0.7397289, 1.669571 ], dtype=float32))]]
[Debug] empty_position: []
 {
    "Place": 0,
    "Angle": 0,
    "Objects": [
        "doorway",
        "cylindrical trash can"
    ]
}{
    "Place": 0,
    "Angle": 180,
    "Objects": [
        "nightstand",
        "laptop",
        "bed",
        "teddybear"
    ]
}{
    "Place": 0,
    "Angle": 270,
    "Objects": [
        "mirror",
        "doorway"
    ]
}
[Debug] allowed planner objects: ['doorway', 'laptop', 'bed', 'teddybear']
[Debug] allowed planner objects by place: {0: ['doorway', 'bed', 'teddybear', 'laptop']}
The above is a description of different places in different angles in the environment.Your can get to any place described in the json data. Your goal is to find the plant. Based on the above json data, please choose one specific object to travel to as your target. If your goal is already in the description, please choose it as the target. You must choose an object only from this allowed list: doorway, laptop, bed, teddybear. Do not output any object name that is not in the allowed list. Valid choosable objects by place are: Place 0: doorway, bed, teddybear, laptop. The Objects field must contain exactly one object from the chosen place list.Note that you can travel to door or door frame to other spaces if there are no clear evidence to choose the target.  Return exactly one JSON object by referring to the following template.
            {"Place": x, "Angle": x, "Objects": ["xxxx"] }
            If your goal is already in the description, please choose it as the target. You should not output any explanation, markdown, prose, examples, or extra text before or after the JSON. Note that your should choose only one object in one angle of one place in the json data as the target.
{"Place": "bed", "Angle": 270, "Objects": ["teddybear"]}
[Timing] planning mode=kv elapsed=1.324s
{"Place": 0, "Angle": 270, "Objects": ["bed"]}
[Debug] planner selected: place=0, angle=270, objects=['bed']
last_key:[]
[Debug] allowed_targets_by_place[0] candidates: [('doorway', 0, 12, 1.0, 'doorway', array([5.323    , 1.0517943, 4.357685 ], dtype=float32)), ('bed', 180, 4, 1.0, 'bed', array([4.4675746 , 0.41503024, 1.1446434 ], dtype=float32)), ('teddybear', 180, 35, 0.976365864276886, 'teddybear', array([4.674655 , 0.9515568, 1.9618669], dtype=float32)), ('laptop', 180, 25, 0.5926035642623901, 'laptop', array([4.0820193, 0.7397289, 1.669571 ], dtype=float32))]
[Debug] resolved target tuple: ('bed', 180, 4, 1.0, 'bed', array([4.4675746 , 0.41503024, 1.1446434 ], dtype=float32)) from representative place 0
[Debug] resolved source place: 0 for representative place 0
0
final_goal:plant,sub_goal:bed,place:0,trajectory: bed in Place 0.
sub_target_id:4
target:bed
final_goal:plant
final_length:0
[Timing] pathfinder to-subgoal elapsed=0.022s found=True
[Debug] sub-goal visible on screen: label=bed ratio=0.101665 bbox=437x383
[Debug] observation rotation: angle=0 pause=0.25s
[Debug] observation rotation: angle=90 pause=0.25s
[Debug] observation rotation: angle=180 pause=0.25s
[Debug] observation rotation: angle=270 pause=0.25s
[Debug] calling detection service: position_id=big+1+1 angle=0 prompt='plant . glass . remote . statue .'
[Debug] received detection service result: position_id=big+1+1 angle=0
[Debug] calling detection service: position_id=big+1+1 angle=90 prompt='plant . box . book . bed .'
[Debug] received detection service result: position_id=big+1+1 angle=90
[Debug] calling detection service: position_id=big+1+1 angle=180 prompt='plant . bed . wall .'
[Debug] received detection service result: position_id=big+1+1 angle=180
[Debug] calling detection service: position_id=big+1+1 angle=270 prompt='plant . lamp . sink . window .'
[Debug] received detection service result: position_id=big+1+1 angle=270
[Debug] box_info_list_sum: [[{'label': 'statue', 'box': [316, 668, 365, 754]}, {'label': 'glass', 'box': [268, 715, 296, 747]}], [{'label': 'book', 'box': [740, 881, 947, 990]}, {'label': 'bed', 'box': [0, 698, 1023, 1022]}, {'label': 'box', 'box': [500, 801, 730, 989]}], [{'label': 'wall', 'box': [1, 1, 1023, 1022]}, {'label': 'bed', 'box': [0, 825, 348, 1022]}], [{'label': 'window', 'box': [357, 373, 692, 684]}, {'label': 'sink', 'box': [117, 848, 278, 962]}, {'label': 'plant', 'box': [211, 799, 268, 850]}, {'label': 'lamp', 'box': [690, 448, 745, 707]}]]
wall
desk
book
box
wall
window
bowl
[Debug] preserving goal candidate: label=plant angle=270 obj_id=23 visible_ratio=0.001056 bbox=62x51 box_match=0.3784 detection_bbox=57x51
plant
floorlamp
[Debug] max_similar_objs_list: [[('wall', 0, 39, 0.5600106120109558, 'wall', array([1.7744998, 2.5439386, 1.7745001], dtype=float32))], [('desk', 0, 10, 0.6131570339202881, 'desk', array([2.727914, 0.287411, 3.302396], dtype=float32))], [('book', 90, 5, 1.0, 'book', array([4.275367  , 0.7376243 , 0.60606635], dtype=float32))], [('box', 90, 8, 1.0, 'box', array([4.274284 , 0.8245244, 1.0644205], dtype=float32))], [('wall', 180, 42, 1.0, 'wall', array([2.6615   , 2.5439386, 0.       ], dtype=float32))], [('window', 270, 58, 1.0, 'window', array([1.7740002, 1.4992814, 1.289945 ], dtype=float32))], [('bowl', 270, 7, 0.678112268447876, 'bowl', array([2.1505744, 0.7236606, 0.58894  ], dtype=float32))], [('plant', 270, 23, 1.0, 'plant', array([1.974602  , 0.73333156, 0.5904271 ], dtype=float32))], [('floorlamp', 270, 21, 0.7215485572814941, 'floorlamp', array([0.3397922, 0.9505802, 2.3141215], dtype=float32))]]
[Debug] empty_position: []
Setting `pad_token_id` to `eos_token_id`:151645 for open-end generation.
Setting `pad_token_id` to `eos_token_id`:151645 for open-end generation.
Setting `pad_token_id` to `eos_token_id`:151645 for open-end generation.
Setting `pad_token_id` to `eos_token_id`:151645 for open-end generation.
Setting `pad_token_id` to `eos_token_id`:151645 for open-end generation.
Setting `pad_token_id` to `eos_token_id`:151645 for open-end generation.
Setting `pad_token_id` to `eos_token_id`:151645 for open-end generation.
Setting `pad_token_id` to `eos_token_id`:151645 for open-end generation.
 {
    "Place": 0,
    "Angle": 0,
    "Objects": [
        "doorway",
        "cylindrical trash can"
    ]
}{
    "Place": 0,
    "Angle": 270,
    "Objects": [
        "mirror",
        "doorway"
    ]
} {
    "Place": 1,
    "Angle": 0,
    "Objects": [
        "wall",
        "remote",
        "desk",
        "table"
    ]
}{
    "Place": 1,
    "Angle": 90,
    "Objects": [
        "box",
        "wall",
        "book"
    ]
}{
    "Place": 1,
    "Angle": 270,
    "Objects": [
        "sofa",
        "floorlamp",
        "bowl",
        "window"
    ]
}
[Debug] resolver candidates place=0: exact=1 relaxed_or_synthesized=2
[Debug] resolver candidates place=1: exact=6 relaxed_or_synthesized=1
[Debug] allowed planner objects: ['plant', 'window', 'bowl', 'box', 'book', 'desk', 'floorlamp']
[Debug] allowed planner objects by place: {0: [], 1: ['plant', 'window', 'box', 'book', 'floorlamp', 'bowl', 'desk']}
[Debug] bypassing planner because goal is already observed: {"Place": 1, "Angle": 270, "Objects": ["plant"]}
{"Place": 1, "Angle": 270, "Objects": ["plant"]}
[Debug] planner selected: place=1, angle=270, objects=['plant']
last_key:['Place 0']
[Debug] allowed_targets_by_place[1] candidates: [('plant', 270, 23, 1.0, 'plant', array([1.974602  , 0.73333156, 0.5904271 ], dtype=float32)), ('window', 270, 58, 1.0, 'window', array([1.7740002, 1.4992814, 1.289945 ], dtype=float32)), ('box', 90, 8, 1.0, 'box', array([4.274284 , 0.8245244, 1.0644205], dtype=float32)), ('book', 90, 5, 1.0, 'book', array([4.275367  , 0.7376243 , 0.60606635], dtype=float32)), ('floorlamp', 270, 21, 0.7215485572814941, 'floorlamp', array([0.3397922, 0.9505802, 2.3141215], dtype=float32)), ('bowl', 270, 7, 0.678112268447876, 'bowl', array([2.1505744, 0.7236606, 0.58894  ], dtype=float32)), ('desk', 0, 10, 0.6131570339202881, 'desk', array([2.727914, 0.287411, 3.302396], dtype=float32))]
[Debug] resolved target tuple: ('plant', 270, 23, 1.0, 'plant', array([1.974602  , 0.73333156, 0.5904271 ], dtype=float32)) from representative place 1
[Debug] resolved source place: 1 for representative place 1
1
final_goal:plant,sub_goal:plant,place:1,trajectory: bed in Place 0.plant in Place 1.
sub_target_id:23
target:plant
final_goal:plant
final_length:3.0177667140960693
[Timing] pathfinder to-subgoal elapsed=0.004s found=True
[Debug] sub-goal visible on screen: label=plant ratio=0.002193 bbox=88x90
[Debug] observation rotation: angle=0 pause=0.25s
[Debug] observation rotation: angle=90 pause=0.25s
[Debug] observation rotation: angle=180 pause=0.25s
[Debug] observation rotation: angle=270 pause=0.25s
[Debug] calling detection service: position_id=big+2+2 angle=0 prompt='plant . window . table . trash can .'
[Debug] received detection service result: position_id=big+2+2 angle=0
[Debug] calling detection service: position_id=big+2+2 angle=90 prompt='plant . box . book . bed .'
[Debug] received detection service result: position_id=big+2+2 angle=90
[Debug] calling detection service: position_id=big+2+2 angle=180 prompt='plant . photograph . tiled wall .'
[Debug] received detection service result: position_id=big+2+2 angle=180
[Debug] calling detection service: position_id=big+2+2 angle=270 prompt='plant . slipper . window . floor .'
[Debug] received detection service result: position_id=big+2+2 angle=270
[Debug] box_info_list_sum: [[], [{'label': 'bed', 'box': [0, 663, 779, 1023]}, {'label': 'book', 'box': [423, 768, 522, 821]}, {'label': 'box', 'box': [233, 715, 399, 821]}], [{'label': 'tiled wall', 'box': [2, 2, 1020, 1019]}], [{'label': 'window', 'box': [672, 300, 1023, 821]}]]
[Debug] max_similar_objs_list: []
[Debug] empty_position: []
 {
    "Place": 0,
    "Angle": 0,
    "Objects": [
        "doorway",
        "cylindrical trash can"
    ]
}{
    "Place": 0,
    "Angle": 270,
    "Objects": [
        "mirror",
        "doorway"
    ]
} {
    "Place": 1,
    "Angle": 0,
    "Objects": [
        "wall",
        "remote",
        "desk",
        "table"
    ]
}{
    "Place": 1,
    "Angle": 90,
    "Objects": [
        "box",
        "wall",
        "book"
    ]
} {
    "Place": 2,
    "Angle": 0,
    "Objects": [
        "sofa",
        "table",
        "trash can",
        "window"
    ]
}{
    "Place": 2,
    "Angle": 90,
    "Objects": [
        "teddy bear"
    ]
}{
    "Place": 2,
    "Angle": 180,
    "Objects": [
        "photograph"
    ]
}{
    "Place": 2,
    "Angle": 270,
    "Objects": [
        "wall",
        "slipper",
        "floor"
    ]
}
[Debug] resolver candidates place=0: exact=1 relaxed_or_synthesized=2
[Debug] resolver candidates place=1: exact=3 relaxed_or_synthesized=3
[Debug] allowed planner objects: ['doorway']
[Debug] allowed planner objects by place: {0: ['doorway'], 1: []}
[Debug] bypassing planner because only one target is allowed: {"Place": 0, "Angle": 0, "Objects": ["doorway"]}
{"Place": 0, "Angle": 0, "Objects": ["doorway"]}
[Debug] planner selected: place=0, angle=0, objects=['doorway']
last_key:['Place 0', 'Place 1']
[Debug] allowed_targets_by_place[0] candidates: [('doorway', 0, 12, 1.0, 'doorway', array([5.323    , 1.0517943, 4.357685 ], dtype=float32)), ('teddybear', 180, 35, 0.976365864276886, 'teddybear', array([4.674655 , 0.9515568, 1.9618669], dtype=float32)), ('laptop', 180, 25, 0.5926035642623901, 'laptop', array([4.0820193, 0.7397289, 1.669571 ], dtype=float32))]
[Debug] resolved target tuple: ('doorway', 0, 12, 1.0, 'doorway', array([5.323    , 1.0517943, 4.357685 ], dtype=float32)) from representative place 0
[Debug] resolved source place: 0 for representative place 0
0
final_goal:plant,sub_goal:doorway,place:0,trajectory: bed in Place 0.plant in Place 1.doorway in Place 0.
sub_target_id:12
target:doorway
final_goal:plant
final_length:3.9748735427856445
[Timing] pathfinder to-subgoal elapsed=0.004s found=True
[Debug] sub-goal visible on screen: label=doorway ratio=0.568081 bbox=636x1024
[Debug] observation rotation: angle=0 pause=0.25s
[Debug] observation rotation: angle=90 pause=0.25s
[Debug] observation rotation: angle=180 pause=0.25s
[Debug] observation rotation: angle=270 pause=0.25s
[Debug] calling detection service: position_id=big+3+3 angle=0 prompt='plant . doorway . wall .'
[Debug] received detection service result: position_id=big+3+3 angle=0
[Debug] calling detection service: position_id=big+3+3 angle=90 prompt='plant . window . wall .'
[Debug] received detection service result: position_id=big+3+3 angle=90
[Debug] calling detection service: position_id=big+3+3 angle=180 prompt='plant . window . bed . mirror .'
[Debug] received detection service result: position_id=big+3+3 angle=180
[Debug] calling detection service: position_id=big+3+3 angle=270 prompt='plant . picture . doorway .'
[Debug] received detection service result: position_id=big+3+3 angle=270
[Debug] box_info_list_sum: [[{'label': 'wall', 'box': [0, 1, 752, 1020]}, {'label': 'doorway', 'box': [718, 1, 1022, 1022]}], [{'label': 'wall', 'box': [0, 0, 1024, 1023]}], [{'label': 'window', 'box': [987, 450, 1023, 591]}], [{'label': 'picture', 'box': [0, 379, 835, 599]}, {'label': 'doorway', 'box': [202, 311, 607, 1021]}]]
wall
painting
doorway
[Debug] max_similar_objs_list: [[('wall', 0, 37, 1.0, 'wall', array([2.6615   , 2.5439386, 2.6615   ], dtype=float32))], [('painting', 270, 28, 0.7150622606277466, 'painting', array([3.5698705, 1.6472998, 4.7557096], dtype=float32))], [('doorway', 270, 13, 1.0, 'doorway', array([4.2099886, 1.0534253, 3.9862924], dtype=float32))]]
[Debug] empty_position: []
Setting `pad_token_id` to `eos_token_id`:151645 for open-end generation.
Setting `pad_token_id` to `eos_token_id`:151645 for open-end generation.
Setting `pad_token_id` to `eos_token_id`:151645 for open-end generation.
Setting `pad_token_id` to `eos_token_id`:151645 for open-end generation.
/home/min/test/EfficientNav/efficientnav.py:1998: RuntimeWarning: More than 20 figures have been opened. Figures created through the pyplot interface (`matplotlib.pyplot.figure`) are retained until explicitly closed and may consume too much memory. (To control this warning, see the rcParam `figure.max_open_warning`). Consider using `matplotlib.pyplot.close()`.
  fig, axes = plt.subplots(ceil(360 / 90 / images_per_row), images_per_row, figsize=(15, 15))
Setting `pad_token_id` to `eos_token_id`:151645 for open-end generation.
Setting `pad_token_id` to `eos_token_id`:151645 for open-end generation.
Setting `pad_token_id` to `eos_token_id`:151645 for open-end generation.
Setting `pad_token_id` to `eos_token_id`:151645 for open-end generation.
 {
    "Place": 0,
    "Angle": 270,
    "Objects": [
        "mirror",
        "doorway"
    ]
} {
    "Place": 1,
    "Angle": 0,
    "Objects": [
        "wall",
        "remote",
        "desk",
        "table"
    ]
}{
    "Place": 1,
    "Angle": 90,
    "Objects": [
        "box",
        "wall",
        "book"
    ]
} {
    "Place": 2,
    "Angle": 0,
    "Objects": [
        "sofa",
        "table",
        "trash can",
        "window"
    ]
}{
    "Place": 2,
    "Angle": 90,
    "Objects": [
        "teddy bear"
    ]
}{
    "Place": 2,
    "Angle": 180,
    "Objects": [
        "photograph"
    ]
}{
    "Place": 2,
    "Angle": 270,
    "Objects": [
        "wall",
        "slipper",
        "floor"
    ]
} {
    "Place": 3,
    "Angle": 90,
    "Objects": [
        "window"
    ]
}{
    "Place": 3,
    "Angle": 180,
    "Objects": [
        "mirror",
        "nightstand",
        "bed"
    ]
}{
    "Place": 3,
    "Angle": 270,
    "Objects": [
        "doorway",
        "painting"
    ]
}
[Debug] resolver candidates place=0: exact=0 relaxed_or_synthesized=2
[Debug] resolver candidates place=1: exact=3 relaxed_or_synthesized=3
[Debug] allowed planner objects: ['doorway']
[Debug] allowed planner objects by place: {0: ['doorway'], 1: []}
[Debug] bypassing planner because only one target is allowed: {"Place": 0, "Angle": 270, "Objects": ["doorway"]}
{"Place": 0, "Angle": 270, "Objects": ["doorway"]}
[Debug] planner selected: place=0, angle=270, objects=['doorway']
last_key:['Place 0', 'Place 1', 'Place 0']
[Debug] allowed_targets_by_place[0] candidates: [('doorway', 270, 13, 1.0, 'doorway', array([4.2099886, 1.0534253, 3.9862924], dtype=float32)), ('painting', 270, 28, 0.7150622606277466, 'painting', array([3.5698705, 1.6472998, 4.7557096], dtype=float32)), ('teddybear', 180, 35, 0.976365864276886, 'teddybear', array([4.674655 , 0.9515568, 1.9618669], dtype=float32)), ('laptop', 180, 25, 0.5926035642623901, 'laptop', array([4.0820193, 0.7397289, 1.669571 ], dtype=float32))]
[Debug] resolved target tuple: ('doorway', 270, 13, 1.0, 'doorway', array([4.2099886, 1.0534253, 3.9862924], dtype=float32)) from representative place 0
[Debug] resolved source place: 3 for representative place 0
0
final_goal:plant,sub_goal:doorway,place:0,trajectory: bed in Place 0.plant in Place 1.doorway in Place 0.
sub_target_id:13
target:doorway
final_goal:plant
final_length:4.681980133056641
[Timing] pathfinder to-subgoal elapsed=0.005s found=True
[Debug] sub-goal visible on screen: label=doorway ratio=0.028685 bbox=36x841
Agent is within 1m of the target. Stopping.
[Debug] observation rotation: angle=0 pause=0.25s
[Debug] observation rotation: angle=90 pause=0.25s
[Debug] observation rotation: angle=180 pause=0.25s
[Debug] observation rotation: angle=270 pause=0.25s
[Debug] calling detection service: position_id=big+4+4 angle=0 prompt='plant . mirror . wall .'
[Debug] received detection service result: position_id=big+4+4 angle=0
[Debug] calling detection service: position_id=big+4+4 angle=90 prompt='plant . doorway . door handle .'
[Debug] received detection service result: position_id=big+4+4 angle=90
[Debug] calling detection service: position_id=big+4+4 angle=180 prompt='plant . window . bed . teddy bear .'
[Debug] received detection service result: position_id=big+4+4 angle=180
[Debug] calling detection service: position_id=big+4+4 angle=270 prompt='plant . picture . doorway .'
[Debug] received detection service result: position_id=big+4+4 angle=270
[Debug] box_info_list_sum: [[{'label': 'wall', 'box': [2, 1, 1022, 1021]}, {'label': 'mirror', 'box': [751, 962, 947, 1022]}], [], [{'label': 'teddy bear', 'box': [417, 599, 525, 710]}, {'label': 'bed', 'box': [385, 603, 806, 947]}, {'label': 'window', 'box': [906, 441, 1009, 608]}], [{'label': 'picture', 'box': [672, 305, 1010, 637]}]]
[Debug] max_similar_objs_list: []
[Debug] empty_position: [0]
 {
    "Place": 0,
    "Angle": 270,
    "Objects": [
        "mirror",
        "doorway"
    ]
} {
    "Place": 1,
    "Angle": 0,
    "Objects": [
        "wall",
        "remote",
        "desk",
        "table"
    ]
}{
    "Place": 1,
    "Angle": 90,
    "Objects": [
        "box",
        "wall",
        "book"
    ]
} {
    "Place": 2,
    "Angle": 0,
    "Objects": [
        "sofa",
        "table",
        "trash can",
        "window"
    ]
}{
    "Place": 2,
    "Angle": 90,
    "Objects": [
        "teddy bear"
    ]
}{
    "Place": 2,
    "Angle": 180,
    "Objects": [
        "photograph"
    ]
}{
    "Place": 2,
    "Angle": 270,
    "Objects": [
        "wall",
        "slipper",
        "floor"
    ]
} {
    "Place": 3,
    "Angle": 90,
    "Objects": [
        "window"
    ]
}{
    "Place": 3,
    "Angle": 180,
    "Objects": [
        "mirror",
        "nightstand",
        "bed"
    ]
} {
    "Place": 4,
    "Angle": 0,
    "Objects": [
        "mirror"
    ]
}{
    "Place": 4,
    "Angle": 90,
    "Objects": [
        "door handle",
        "doorway"
    ]
}{
    "Place": 4,
    "Angle": 180,
    "Objects": [
        "nightstand"
    ]
}{
    "Place": 4,
    "Angle": 270,
    "Objects": [
        "doorway"
    ]
}
[Debug] resolver candidates place=0: exact=0 relaxed_or_synthesized=2
[Debug] resolver candidates place=1: exact=3 relaxed_or_synthesized=3
[Debug] resolver candidates place=3: exact=0 relaxed_or_synthesized=1
[Debug] allowed planner objects: []
[Debug] allowed planner objects by place: {0: [], 1: []}
[Debug] resolver candidates place=0: exact=0 relaxed_or_synthesized=2
[Debug] resolver candidates place=1: exact=3 relaxed_or_synthesized=3
[Debug] resolver candidates place=3: exact=0 relaxed_or_synthesized=1
[Debug] bypassing planner because allowed target list is empty: {"Place": 1, "Angle": 270, "Objects": ["window"]}
{"Place": 1, "Angle": 270, "Objects": ["window"]}
[Debug] planner selected: place=1, angle=270, objects=['window']
last_key:['Place 0', 'Place 1', 'Place 0', 'Place 3']
[Debug] allowed_targets_by_place[1] candidates: [('box', 90, 8, 1.0, 'box', array([4.274284 , 0.8245244, 1.0644205], dtype=float32)), ('book', 90, 5, 1.0, 'book', array([4.275367  , 0.7376243 , 0.60606635], dtype=float32)), ('desk', 0, 10, 0.6131570339202881, 'desk', array([2.727914, 0.287411, 3.302396], dtype=float32)), ('window', 270, 58, 1.0, 'window', array([1.7740002, 1.4992814, 1.289945 ], dtype=float32)), ('floorlamp', 270, 21, 0.7215485572814941, 'floorlamp', array([0.3397922, 0.9505802, 2.3141215], dtype=float32)), ('bowl', 270, 7, 0.678112268447876, 'bowl', array([2.1505744, 0.7236606, 0.58894  ], dtype=float32))]
[Debug] resolved target tuple: ('window', 270, 58, 1.0, 'window', array([1.7740002, 1.4992814, 1.289945 ], dtype=float32)) from representative place 1
[Debug] resolved source place: 1 for representative place 1
1
final_goal:plant,sub_goal:window,place:1,trajectory: bed in Place 0.plant in Place 1.doorway in Place 0.window in Place 1.
sub_target_id:58
target:window
final_goal:plant
final_length:5.389086723327637
[Timing] pathfinder to-subgoal elapsed=0.009s found=True
[Debug] sub-goal visible on screen: label=window ratio=0.062898 bbox=171x469
[Debug] observation rotation: angle=0 pause=0.25s
[Debug] observation rotation: angle=90 pause=0.25s
[Debug] observation rotation: angle=180 pause=0.25s
[Debug] observation rotation: angle=270 pause=0.25s
[Debug] calling detection service: position_id=big+5+5 angle=0 prompt='plant . statue . bat . window .'
[Debug] received detection service result: position_id=big+5+5 angle=0
[Debug] calling detection service: position_id=big+5+5 angle=90 prompt='plant . toy . box . book .'
[Debug] received detection service result: position_id=big+5+5 angle=90
[Debug] calling detection service: position_id=big+5+5 angle=180 prompt='plant . book . desk . window .'
[Debug] received detection service result: position_id=big+5+5 angle=180
[Debug] calling detection service: position_id=big+5+5 angle=270 prompt='plant . lamp . window .'
[Debug] received detection service result: position_id=big+5+5 angle=270
Setting `pad_token_id` to `eos_token_id`:151645 for open-end generation.
Setting `pad_token_id` to `eos_token_id`:151645 for open-end generation.
Setting `pad_token_id` to `eos_token_id`:151645 for open-end generation.
Setting `pad_token_id` to `eos_token_id`:151645 for open-end generation.
[Debug] box_info_list_sum: [[{'label': 'window', 'box': [0, 398, 224, 667]}, {'label': 'statue', 'box': [574, 716, 631, 828]}], [{'label': 'box', 'box': [628, 668, 749, 741]}, {'label': 'book', 'box': [752, 707, 853, 741]}, {'label': 'toy', 'box': [436, 595, 498, 704]}], [{'label': 'plant', 'box': [603, 829, 669, 921]}, {'label': 'desk', 'box': [382, 774, 748, 1023]}, {'label': 'book', 'box': [430, 770, 534, 858]}, {'label': 'window', 'box': [753, 67, 1023, 1020]}], [{'label': 'window', 'box': [0, 63, 509, 1014]}, {'label': 'lamp', 'box': [581, 409, 736, 861]}]]
window
statue
[Debug] preserving goal candidate: label=plant angle=180 obj_id=23 visible_ratio=0.002231 bbox=63x92 box_match=0.3852 detection_bbox=66x92
dresser
book
[Debug] max_similar_objs_list: [[('window', 0, 57, 1.0, 'window', array([0.7771386, 1.4992062, 3.549    ], dtype=float32))], [('statue', 0, 34, 1.0, 'statue', array([2.5561872, 0.753904 , 3.368829 ], dtype=float32))], [('dresser', 180, 17, 0.7508470416069031, 'dresser', array([2.1483593 , 0.3349687 , 0.39855504], dtype=float32))], [('book', 180, 6, 1.0, 'book', array([2.3248014 , 0.68884015, 0.22431995], dtype=float32))]]
[Debug] empty_position: [3]
 {
    "Place": 0,
    "Angle": 270,
    "Objects": [
        "mirror",
        "doorway"
    ]
} {
    "Place": 1,
    "Angle": 0,
    "Objects": [
        "wall",
        "remote",
        "desk",
        "table"
    ]
}{
    "Place": 1,
    "Angle": 90,
    "Objects": [
        "box",
        "wall",
        "book"
    ]
} {
    "Place": 2,
    "Angle": 0,
    "Objects": [
        "sofa",
        "table",
        "trash can",
        "window"
    ]
}{
    "Place": 2,
    "Angle": 90,
    "Objects": [
        "teddy bear"
    ]
}{
    "Place": 2,
    "Angle": 180,
    "Objects": [
        "photograph"
    ]
}{
    "Place": 2,
    "Angle": 270,
    "Objects": [
        "wall",
        "slipper",
        "floor"
    ]
} {
    "Place": 5,
    "Angle": 0,
    "Objects": [
        "statue",
        "table",
        "bat",
        "window"
    ]
}{
    "Place": 5,
    "Angle": 90,
    "Objects": [
        "bed"
    ]
}{
    "Place": 5,
    "Angle": 180,
    "Objects": [
        "dresser",
        "book"
    ]
}{
    "Place": 5,
    "Angle": 270,
    "Objects": [
        "lamp"
    ]
} {
    "Place": 3,
    "Angle": 90,
    "Objects": [
        "window"
    ]
}{
    "Place": 3,
    "Angle": 180,
    "Objects": [
        "mirror",
        "nightstand",
        "bed"
    ]
} {
    "Place": 4,
    "Angle": 0,
    "Objects": [
        "mirror"
    ]
}{
    "Place": 4,
    "Angle": 90,
    "Objects": [
        "door handle",
        "doorway"
    ]
}{
    "Place": 4,
    "Angle": 180,
    "Objects": [
        "nightstand"
    ]
}{
    "Place": 4,
    "Angle": 270,
    "Objects": [
        "doorway"
    ]
}
[Debug] resolver candidates place=0: exact=0 relaxed_or_synthesized=2
[Debug] resolver candidates place=1: exact=3 relaxed_or_synthesized=2
[Debug] resolver candidates place=3: exact=0 relaxed_or_synthesized=1
[Debug] allowed planner objects: ['window', 'statue', 'book', 'dresser']
[Debug] allowed planner objects by place: {0: [], 1: [], 5: ['window', 'statue', 'book', 'dresser']}
The above is a description of different places in different angles in the environment.Your can get to any place described in the json data. Your goal is to find the plant. Based on the above json data, please choose one specific object to travel to as your target. If your goal is already in the description, please choose it as the target. You must choose an object only from this allowed list: window, statue, book, dresser. Do not output any object name that is not in the allowed list. Valid choosable objects by place are: Place 5: window, statue, book, dresser. The Objects field must contain exactly one object from the chosen place list.Note that you can travel to door or door frame to other spaces if there are no clear evidence to choose the target.  Return exactly one JSON object by referring to the following template.
            {"Place": x, "Angle": x, "Objects": ["xxxx"] }
            If your goal is already in the description, please choose it as the target. You should not output any explanation, markdown, prose, examples, or extra text before or after the JSON. Note that your should choose only one object in one angle of one place in the json data as the target.
{"Place": 5, "Angle": 180, "Objects": ["window"]}
[Timing] planning mode=kv elapsed=1.334s
{"Place": 5, "Angle": 180, "Objects": ["window"]}
[Debug] planner selected: place=5, angle=180, objects=['window']
last_key:['Place 0', 'Place 1', 'Place 0', 'Place 3', 'Place 1']
[Debug] allowed_targets_by_place[5] candidates: [('window', 0, 57, 1.0, 'window', array([0.7771386, 1.4992062, 3.549    ], dtype=float32)), ('statue', 0, 34, 1.0, 'statue', array([2.5561872, 0.753904 , 3.368829 ], dtype=float32)), ('book', 180, 6, 1.0, 'book', array([2.3248014 , 0.68884015, 0.22431995], dtype=float32)), ('dresser', 180, 17, 0.7508470416069031, 'dresser', array([2.1483593 , 0.3349687 , 0.39855504], dtype=float32))]
[Debug] resolved target tuple: ('window', 0, 57, 1.0, 'window', array([0.7771386, 1.4992062, 3.549    ], dtype=float32)) from representative place 5
[Debug] resolved source place: 5 for representative place 5
5
final_goal:plant,sub_goal:window,place:5,trajectory: bed in Place 0.plant in Place 1.doorway in Place 0.window in Place 1.
sub_target_id:57
target:window
final_goal:plant
final_length:6.949747085571289
[Timing] pathfinder to-subgoal elapsed=0.006s found=True
[Debug] sub-goal visible on screen: label=window ratio=0.024940 bbox=124x239
[Debug] observation rotation: angle=0 pause=0.25s
[Debug] observation rotation: angle=90 pause=0.25s
[Debug] observation rotation: angle=180 pause=0.25s
[Debug] observation rotation: angle=270 pause=0.25s
[Debug] calling detection service: position_id=big+6+6 angle=0 prompt='plant . tile . wall .'
[Debug] received detection service result: position_id=big+6+6 angle=0
[Debug] calling detection service: position_id=big+6+6 angle=90 prompt='plant . box . pillow . bed .'
[Debug] received detection service result: position_id=big+6+6 angle=90
[Debug] calling detection service: position_id=big+6+6 angle=180 prompt='plant . picture . window . bed .'
[Debug] received detection service result: position_id=big+6+6 angle=180
[Debug] calling detection service: position_id=big+6+6 angle=270 prompt='plant . lamp . window .'
[Debug] received detection service result: position_id=big+6+6 angle=270
[Debug] box_info_list_sum: [[{'label': 'wall', 'box': [2, 1, 1022, 1021]}], [{'label': 'bed', 'box': [596, 664, 1023, 1023]}, {'label': 'box', 'box': [883, 669, 1013, 740]}, {'label': 'pillow', 'box': [776, 651, 889, 690]}], [{'label': 'window', 'box': [615, 316, 758, 781]}, {'label': 'plant', 'box': [561, 684, 592, 729]}, {'label': 'picture', 'box': [95, 360, 222, 454]}, {'label': 'bed', 'box': [0, 652, 250, 1023]}], [{'label': 'window', 'box': [711, 318, 916, 781]}, {'label': 'lamp', 'box': [302, 409, 451, 859]}]]
pillow
[Debug] preserving goal candidate: label=plant angle=180 obj_id=23 visible_ratio=0.000534 bbox=29x42 box_match=0.4007 detection_bbox=31x45
painting
[Debug] max_similar_objs_list: [[('pillow', 90, 31, 1.0, 'pillow', array([4.853899 , 0.7706523, 1.1349466], dtype=float32))], [('painting', 180, 29, 0.7150622606277466, 'painting', array([4.134304  , 2.1298535 , 0.02087049], dtype=float32))]]
[Debug] empty_position: [3]
Setting `pad_token_id` to `eos_token_id`:151645 for open-end generation.
Setting `pad_token_id` to `eos_token_id`:151645 for open-end generation.
Setting `pad_token_id` to `eos_token_id`:151645 for open-end generation.
Setting `pad_token_id` to `eos_token_id`:151645 for open-end generation.
 {
    "Place": 0,
    "Angle": 270,
    "Objects": [
        "mirror",
        "doorway"
    ]
} {
    "Place": 1,
    "Angle": 0,
    "Objects": [
        "wall",
        "remote",
        "desk",
        "table"
    ]
}{
    "Place": 1,
    "Angle": 90,
    "Objects": [
        "box",
        "wall",
        "book"
    ]
} {
    "Place": 2,
    "Angle": 0,
    "Objects": [
        "sofa",
        "table",
        "trash can",
        "window"
    ]
}{
    "Place": 2,
    "Angle": 90,
    "Objects": [
        "teddy bear"
    ]
}{
    "Place": 2,
    "Angle": 180,
    "Objects": [
        "photograph"
    ]
}{
    "Place": 2,
    "Angle": 270,
    "Objects": [
        "wall",
        "slipper",
        "floor"
    ]
} {
    "Place": 5,
    "Angle": 90,
    "Objects": [
        "bed"
    ]
}{
    "Place": 5,
    "Angle": 180,
    "Objects": [
        "dresser",
        "book"
    ]
}{
    "Place": 5,
    "Angle": 270,
    "Objects": [
        "lamp"
    ]
} {
    "Place": 6,
    "Angle": 0,
    "Objects": [
        "tile"
    ]
}{
    "Place": 6,
    "Angle": 90,
    "Objects": [
        "pillow",
        "teddy bear"
    ]
}{
    "Place": 6,
    "Angle": 180,
    "Objects": [
        "painting",
        "nightstand"
    ]
}{
    "Place": 6,
    "Angle": 270,
    "Objects": [
        "lamp"
    ]
} {
    "Place": 3,
    "Angle": 90,
    "Objects": [
        "window"
    ]
}{
    "Place": 3,
    "Angle": 180,
    "Objects": [
        "mirror",
        "nightstand",
        "bed"
    ]
} {
    "Place": 4,
    "Angle": 0,
    "Objects": [
        "mirror"
    ]
}{
    "Place": 4,
    "Angle": 90,
    "Objects": [
        "door handle",
        "doorway"
    ]
}{
    "Place": 4,
    "Angle": 180,
    "Objects": [
        "nightstand"
    ]
}{
    "Place": 4,
    "Angle": 270,
    "Objects": [
        "doorway"
    ]
}
[Debug] resolver candidates place=0: exact=0 relaxed_or_synthesized=2
[Debug] resolver candidates place=1: exact=3 relaxed_or_synthesized=2
[Debug] resolver candidates place=3: exact=0 relaxed_or_synthesized=1
[Debug] resolver candidates place=5: exact=2 relaxed_or_synthesized=1
[Debug] allowed planner objects: ['pillow', 'painting']
[Debug] allowed planner objects by place: {0: [], 1: [], 5: [], 6: ['pillow', 'painting']}
The above is a description of different places in different angles in the environment.Your can get to any place described in the json data. Your goal is to find the plant. Based on the above json data, please choose one specific object to travel to as your target. If your goal is already in the description, please choose it as the target. You must choose an object only from this allowed list: pillow, painting. Do not output any object name that is not in the allowed list. Valid choosable objects by place are: Place 6: pillow, painting. The Objects field must contain exactly one object from the chosen place list.Note that you can travel to door or door frame to other spaces if there are no clear evidence to choose the target.  Return exactly one JSON object by referring to the following template.
            {"Place": x, "Angle": x, "Objects": ["xxxx"] }
            If your goal is already in the description, please choose it as the target. You should not output any explanation, markdown, prose, examples, or extra text before or after the JSON. Note that your should choose only one object in one angle of one place in the json data as the target.
{"Place": "pillow", "Angle": "180", "Objects": ["nightstand"]}
[Timing] planning mode=kv elapsed=1.319s
{"Place": 6, "Angle": 180, "Objects": ["pillow"]}
[Debug] planner selected: place=6, angle=180, objects=['pillow']
last_key:['Place 0', 'Place 1', 'Place 0', 'Place 3', 'Place 1', 'Place 5']
[Debug] allowed_targets_by_place[6] candidates: [('pillow', 90, 31, 1.0, 'pillow', array([4.853899 , 0.7706523, 1.1349466], dtype=float32)), ('painting', 180, 29, 0.7150622606277466, 'painting', array([4.134304  , 2.1298535 , 0.02087049], dtype=float32))]
[Debug] resolved target tuple: ('pillow', 90, 31, 1.0, 'pillow', array([4.853899 , 0.7706523, 1.1349466], dtype=float32)) from representative place 6
[Debug] resolved source place: 6 for representative place 6
6
final_goal:plant,sub_goal:pillow,place:6,trajectory: bed in Place 0.plant in Place 1.doorway in Place 0.window in Place 1.pillow in Place 6.
sub_target_id:31
target:pillow
final_goal:plant
final_length:8.363960266113281
[Timing] pathfinder to-subgoal elapsed=0.017s found=True
[Debug] sub-goal visible on screen: label=pillow ratio=0.003099 bbox=130x43
[Debug] observation rotation: angle=0 pause=0.25s
[Debug] observation rotation: angle=90 pause=0.25s
[Debug] observation rotation: angle=180 pause=0.25s
[Debug] observation rotation: angle=270 pause=0.25s
[Debug] calling detection service: position_id=big+7+7 angle=0 prompt='plant . doorway . wall .'
[Debug] received detection service result: position_id=big+7+7 angle=0
[Debug] calling detection service: position_id=big+7+7 angle=90 prompt='plant . light reflection . tile .'
[Debug] received detection service result: position_id=big+7+7 angle=90
[Debug] calling detection service: position_id=big+7+7 angle=180 prompt='plant . box . pillow . bear .'
[Debug] received detection service result: position_id=big+7+7 angle=180
[Debug] calling detection service: position_id=big+7+7 angle=270 prompt='plant . shelf . lamp . window .'
[Debug] received detection service result: position_id=big+7+7 angle=270
[Debug] box_info_list_sum: [[{'label': 'wall', 'box': [1, 0, 1022, 1022]}], [{'label': 'tile', 'box': [1, 1, 1022, 1020]}], [{'label': 'bear', 'box': [456, 861, 657, 1023]}, {'label': 'box', 'box': [603, 718, 763, 839]}], [{'label': 'window', 'box': [215, 444, 665, 601]}, {'label': 'shelf', 'box': [0, 667, 212, 866]}, {'label': 'plant', 'box': [144, 649, 170, 683]}]]
wall
[Debug] preserving goal candidate: label=plant angle=270 obj_id=23 visible_ratio=0.000173 bbox=28x33 box_match=0.2025 detection_bbox=26x34
[Debug] max_similar_objs_list: [[('wall', 90, 41, 0.6691679954528809, 'wall', array([2.6614997, 2.5439386, 1.7745   ], dtype=float32))]]
[Debug] empty_position: []
Setting `pad_token_id` to `eos_token_id`:151645 for open-end generation.
Setting `pad_token_id` to `eos_token_id`:151645 for open-end generation.
Setting `pad_token_id` to `eos_token_id`:151645 for open-end generation.
Setting `pad_token_id` to `eos_token_id`:151645 for open-end generation.
 {
    "Place": 0,
    "Angle": 270,
    "Objects": [
        "mirror",
        "doorway"
    ]
} {
    "Place": 1,
    "Angle": 0,
    "Objects": [
        "wall",
        "remote",
        "desk",
        "table"
    ]
}{
    "Place": 1,
    "Angle": 90,
    "Objects": [
        "box",
        "wall",
        "book"
    ]
} {
    "Place": 2,
    "Angle": 0,
    "Objects": [
        "sofa",
        "table",
        "trash can",
        "window"
    ]
}{
    "Place": 2,
    "Angle": 90,
    "Objects": [
        "teddy bear"
    ]
}{
    "Place": 2,
    "Angle": 180,
    "Objects": [
        "photograph"
    ]
}{
    "Place": 2,
    "Angle": 270,
    "Objects": [
        "wall",
        "slipper",
        "floor"
    ]
} {
    "Place": 5,
    "Angle": 90,
    "Objects": [
        "bed"
    ]
}{
    "Place": 5,
    "Angle": 180,
    "Objects": [
        "dresser",
        "book"
    ]
}{
    "Place": 5,
    "Angle": 270,
    "Objects": [
        "lamp"
    ]
} {
    "Place": 6,
    "Angle": 0,
    "Objects": [
        "tile"
    ]
}{
    "Place": 6,
    "Angle": 180,
    "Objects": [
        "painting",
        "nightstand"
    ]
}{
    "Place": 6,
    "Angle": 270,
    "Objects": [
        "lamp"
    ]
} {
    "Place": 7,
    "Angle": 0,
    "Objects": [
        "doorway"
    ]
}{
    "Place": 7,
    "Angle": 90,
    "Objects": [
        "light reflection",
        "wall"
    ]
}{
    "Place": 7,
    "Angle": 180,
    "Objects": [
        "pillow",
        "bed"
    ]
}{
    "Place": 7,
    "Angle": 270,
    "Objects": [
        "lamp",
        "bed"
    ]
} {
    "Place": 3,
    "Angle": 90,
    "Objects": [
        "window"
    ]
}{
    "Place": 3,
    "Angle": 180,
    "Objects": [
        "mirror",
        "nightstand",
        "bed"
    ]
} {
    "Place": 4,
    "Angle": 0,
    "Objects": [
        "mirror"
    ]
}{
    "Place": 4,
    "Angle": 90,
    "Objects": [
        "door handle",
        "doorway"
    ]
}{
    "Place": 4,
    "Angle": 180,
    "Objects": [
        "nightstand"
    ]
}{
    "Place": 4,
    "Angle": 270,
    "Objects": [
        "doorway"
    ]
}
[Debug] resolver candidates place=0: exact=0 relaxed_or_synthesized=2
[Debug] resolver candidates place=1: exact=3 relaxed_or_synthesized=2
[Debug] resolver candidates place=3: exact=0 relaxed_or_synthesized=1
[Debug] resolver candidates place=5: exact=2 relaxed_or_synthesized=1
[Debug] allowed planner objects: ['floorlamp']
[Debug] allowed planner objects by place: {0: [], 1: [], 5: [], 6: [], 7: ['floorlamp']}
[Debug] bypassing planner because only one target is allowed: {"Place": 1, "Angle": 270, "Objects": ["floorlamp"]}
{"Place": 1, "Angle": 270, "Objects": ["floorlamp"]}
[Debug] planner selected: place=1, angle=270, objects=['floorlamp']
last_key:['Place 0', 'Place 1', 'Place 0', 'Place 3', 'Place 1', 'Place 5', 'Place 6']
[Debug] allowed_targets_by_place[1] candidates: [('box', 90, 8, 1.0, 'box', array([4.274284 , 0.8245244, 1.0644205], dtype=float32)), ('book', 90, 5, 1.0, 'book', array([4.275367  , 0.7376243 , 0.60606635], dtype=float32)), ('desk', 0, 10, 0.6131570339202881, 'desk', array([2.727914, 0.287411, 3.302396], dtype=float32)), ('floorlamp', 270, 21, 0.7215485572814941, 'floorlamp', array([0.3397922, 0.9505802, 2.3141215], dtype=float32)), ('bowl', 270, 7, 0.678112268447876, 'bowl', array([2.1505744, 0.7236606, 0.58894  ], dtype=float32))]
[Debug] resolved target tuple: ('floorlamp', 270, 21, 0.7215485572814941, 'floorlamp', array([0.3397922, 0.9505802, 2.3141215], dtype=float32)) from representative place 1
[Debug] resolved source place: 7 for representative place 1
1
final_goal:plant,sub_goal:floorlamp,place:1,trajectory: bed in Place 0.plant in Place 1.doorway in Place 0.window in Place 1.pillow in Place 6.floorlamp in Place 1.
sub_target_id:21
target:floorlamp
final_goal:plant
final_length:11.38172721862793
[Timing] pathfinder to-subgoal elapsed=0.022s found=True
[Debug] sub-goal visible on screen: label=floorlamp ratio=0.005979 bbox=94x224
[Debug] observation rotation: angle=0 pause=0.25s
[Debug] observation rotation: angle=90 pause=0.25s
[Debug] observation rotation: angle=180 pause=0.25s
[Debug] observation rotation: angle=270 pause=0.25s
[Debug] calling detection service: position_id=big+8+8 angle=0 prompt='plant . cup . frame . statue .'
[Debug] received detection service result: position_id=big+8+8 angle=0
[Debug] calling detection service: position_id=big+8+8 angle=90 prompt='plant . box . pillow . book .'
[Debug] received detection service result: position_id=big+8+8 angle=90
[Debug] calling detection service: position_id=big+8+8 angle=180 prompt='plant . picture . window . bed .'
[Debug] received detection service result: position_id=big+8+8 angle=180
[Debug] calling detection service: position_id=big+8+8 angle=270 prompt='plant . lamp . window . bed .'
[Debug] received detection service result: position_id=big+8+8 angle=270
[Debug] box_info_list_sum: [[{'label': 'statue', 'box': [604, 810, 682, 977]}, {'label': 'cup', 'box': [494, 876, 542, 948]}, {'label': 'frame', 'box': [0, 354, 113, 729]}], [{'label': 'book', 'box': [873, 707, 987, 741]}, {'label': 'pillow', 'box': [685, 651, 768, 689]}, {'label': 'box', 'box': [762, 669, 881, 741]}], [{'label': 'plant', 'box': [575, 736, 621, 796]}, {'label': 'bed', 'box': [0, 683, 191, 1023]}, {'label': 'picture', 'box': [1, 327, 158, 441]}, {'label': 'window', 'box': [661, 125, 1001, 1003]}], [{'label': 'window', 'box': [844, 354, 1023, 727]}, {'label': 'lamp', 'box': [444, 410, 590, 859]}]]
mug
[Debug] preserving goal candidate: label=plant angle=180 obj_id=23 visible_ratio=0.000977 bbox=45x58 box_match=0.3707 detection_bbox=46x60
[Debug] max_similar_objs_list: [[('mug', 0, 26, 0.8248000144958496, 'mug', array([2.2712584, 0.626639 , 3.4649556], dtype=float32))]]
[Debug] empty_position: []
 {
    "Place": 0,
    "Angle": 270,
    "Objects": [
        "mirror",
        "doorway"
    ]
} {
    "Place": 1,
    "Angle": 0,
    "Objects": [
        "wall",
        "remote",
        "desk",
        "table"
    ]
}{
    "Place": 1,
    "Angle": 90,
    "Objects": [
        "box",
        "wall",
        "book"
    ]
} {
    "Place": 2,
    "Angle": 0,
    "Objects": [
        "sofa",
        "table",
        "trash can",
        "window"
    ]
}{
    "Place": 2,
    "Angle": 90,
    "Objects": [
        "teddy bear"
    ]
}{
    "Place": 2,
    "Angle": 180,
    "Objects": [
        "photograph"
    ]
}{
    "Place": 2,
    "Angle": 270,
    "Objects": [
        "wall",
        "slipper",
        "floor"
    ]
} {
    "Place": 5,
    "Angle": 90,
    "Objects": [
        "bed"
    ]
}{
    "Place": 5,
    "Angle": 180,
    "Objects": [
        "dresser",
        "book"
    ]
}{
    "Place": 5,
    "Angle": 270,
    "Objects": [
        "lamp"
    ]
} {
    "Place": 6,
    "Angle": 0,
    "Objects": [
        "tile"
    ]
}{
    "Place": 6,
    "Angle": 180,
    "Objects": [
        "painting",
        "nightstand"
    ]
}{
    "Place": 6,
    "Angle": 270,
    "Objects": [
        "lamp"
    ]
} {
    "Place": 7,
    "Angle": 0,
    "Objects": [
        "doorway"
    ]
}{
    "Place": 7,
    "Angle": 90,
    "Objects": [
        "light reflection",
        "wall"
    ]
}{
    "Place": 7,
    "Angle": 180,
    "Objects": [
        "pillow",
        "bed"
    ]
} {
    "Place": 8,
    "Angle": 0,
    "Objects": [
        "wall",
        "mug"
    ]
}{
    "Place": 8,
    "Angle": 90,
    "Objects": [
        "bed"
    ]
}{
    "Place": 8,
    "Angle": 180,
    "Objects": [
        "nightstand"
    ]
}{
    "Place": 8,
    "Angle": 270,
    "Objects": [
        "bed",
        "floor"
    ]
} {
    "Place": 3,
    "Angle": 90,
    "Objects": [
        "window"
    ]
}{
    "Place": 3,
    "Angle": 180,
    "Objects": [
        "mirror",
        "nightstand",
        "bed"
    ]
} {
    "Place": 4,
    "Angle": 0,
    "Objects": [
        "mirror"
    ]
}{
    "Place": 4,
    "Angle": 90,
    "Objects": [
        "door handle",
        "doorway"
    ]
}{
    "Place": 4,
    "Angle": 180,
    "Objects": [
        "nightstand"
    ]
}{
    "Place": 4,
    "Angle": 270,
    "Objects": [
        "doorway"
    ]
}
[Debug] resolver candidates place=0: exact=0 relaxed_or_synthesized=2
[Debug] resolver candidates place=1: exact=3 relaxed_or_synthesized=1
[Debug] resolver candidates place=3: exact=0 relaxed_or_synthesized=1
[Debug] resolver candidates place=5: exact=2 relaxed_or_synthesized=1
[Debug] allowed planner objects: ['mug']
[Debug] allowed planner objects by place: {0: [], 1: [], 5: [], 6: [], 7: ['mug']}
[Debug] bypassing planner because only one target is allowed: {"Place": 7, "Angle": 0, "Objects": ["mug"]}
{"Place": 7, "Angle": 0, "Objects": ["mug"]}
[Debug] planner selected: place=7, angle=0, objects=['mug']
last_key:['Place 0', 'Place 1', 'Place 0', 'Place 3', 'Place 1', 'Place 5', 'Place 6', 'Place 7']
[Debug] allowed_targets_by_place[7] candidates: [('mug', 0, 26, 0.8248000144958496, 'mug', array([2.2712584, 0.626639 , 3.4649556], dtype=float32))]
[Debug] resolved target tuple: ('mug', 0, 26, 0.8248000144958496, 'mug', array([2.2712584, 0.626639 , 3.4649556], dtype=float32)) from representative place 7
[Debug] resolved source place: 8 for representative place 7
7
final_goal:plant,sub_goal:mug,place:7,trajectory: bed in Place 0.plant in Place 1.doorway in Place 0.window in Place 1.pillow in Place 6.floorlamp in Place 1.mug in Place 7.
sub_target_id:26
target:mug
final_goal:plant
final_length:14.606600761413574
[Timing] pathfinder to-subgoal elapsed=0.003s found=True
 {
    "Place": 0,
    "Angle": 270,
    "Objects": [
        "mirror",
        "doorway"
    ]
} {
    "Place": 1,
    "Angle": 0,
    "Objects": [
        "wall",
        "remote",
        "desk",
        "table"
    ]
}{
    "Place": 1,
    "Angle": 90,
    "Objects": [
        "box",
        "wall",
        "book"
    ]
} {
    "Place": 2,
    "Angle": 0,
    "Objects": [
        "sofa",
        "table",
        "trash can",
        "window"
    ]
}{
    "Place": 2,
    "Angle": 90,
    "Objects": [
        "teddy bear"
    ]
}{
    "Place": 2,
    "Angle": 180,
    "Objects": [
        "photograph"
    ]
}{
    "Place": 2,
    "Angle": 270,
    "Objects": [
        "wall",
        "slipper",
        "floor"
    ]
} {
    "Place": 5,
    "Angle": 90,
    "Objects": [
        "bed"
    ]
}{
    "Place": 5,
    "Angle": 180,
    "Objects": [
        "dresser",
        "book"
    ]
}{
    "Place": 5,
    "Angle": 270,
    "Objects": [
        "lamp"
    ]
} {
    "Place": 6,
    "Angle": 0,
    "Objects": [
        "tile"
    ]
}{
    "Place": 6,
    "Angle": 180,
    "Objects": [
        "painting",
        "nightstand"
    ]
}{
    "Place": 6,
    "Angle": 270,
    "Objects": [
        "lamp"
    ]
} {
    "Place": 7,
    "Angle": 0,
    "Objects": [
        "doorway"
    ]
}{
    "Place": 7,
    "Angle": 90,
    "Objects": [
        "light reflection",
        "wall"
    ]
}{
    "Place": 7,
    "Angle": 180,
    "Objects": [
        "pillow",
        "bed"
    ]
} {
    "Place": 8,
    "Angle": 90,
    "Objects": [
        "bed"
    ]
}{
    "Place": 8,
    "Angle": 180,
    "Objects": [
        "nightstand"
    ]
}{
    "Place": 8,
    "Angle": 270,
    "Objects": [
        "bed",
        "floor"
    ]
} {
    "Place": 3,
    "Angle": 90,
    "Objects": [
        "window"
    ]
}{
    "Place": 3,
    "Angle": 180,
    "Objects": [
        "mirror",
        "nightstand",
        "bed"
    ]
} {
    "Place": 4,
    "Angle": 0,
    "Objects": [
        "mirror"
    ]
}{
    "Place": 4,
    "Angle": 90,
    "Objects": [
        "door handle",
        "doorway"
    ]
}{
    "Place": 4,
    "Angle": 180,
    "Objects": [
        "nightstand"
    ]
}{
    "Place": 4,
    "Angle": 270,
    "Objects": [
        "doorway"
    ]
}
[Debug] resolver candidates place=0: exact=0 relaxed_or_synthesized=2
[Debug] resolver candidates place=1: exact=3 relaxed_or_synthesized=1
[Debug] resolver candidates place=3: exact=0 relaxed_or_synthesized=1
[Debug] resolver candidates place=5: exact=2 relaxed_or_synthesized=1
[Debug] allowed planner objects: []
[Debug] allowed planner objects by place: {0: [], 1: [], 5: [], 6: [], 7: []}
[Debug] resolver candidates place=0: exact=0 relaxed_or_synthesized=2
[Debug] resolver candidates place=1: exact=3 relaxed_or_synthesized=1
[Debug] resolver candidates place=3: exact=0 relaxed_or_synthesized=1
[Debug] resolver candidates place=5: exact=2 relaxed_or_synthesized=1
[Debug] no allowed planner objects and no deterministic fallback; stopping episode
[Timing] episode elapsed=180.433s sr=0 spl=0.0000 final_length=15.3137
[Timing] val_auto episode total elapsed=180.433s goal=plant sr=0 spl=0.0000 completed_eval_episodes=4/5
[Debug] selectable goal names count=25 sample=['apple', 'bed', 'bottle', 'bowl', 'bread', 'cellphone', 'countertop', 'doorway', 'floor', 'microwave']
[Debug] requested EFFICIENTNAV_TARGET_OBJECT='plant' not found in current house; skipping house
[Debug] skipping house because no target object could be selected
[Debug] selectable goal names count=36 sample=['apple', 'bottle', 'bowl', 'butterknife', 'candle', 'cart', 'countertop', 'creditcard', 'desklamp', 'diningtable']
[Debug] requested EFFICIENTNAV_TARGET_OBJECT='plant' not found in current house; skipping house
[Debug] skipping house because no target object could be selected
[Debug] selectable goal names count=35 sample=['basketball', 'bed', 'bowl', 'cellphone', 'chair', 'creditcard', 'diningtable', 'dishsponge', 'doorway', 'drawer']
[Debug] requested EFFICIENTNAV_TARGET_OBJECT='plant' not found in current house; skipping house
[Debug] skipping house because no target object could be selected
[Debug] selectable goal names count=28 sample=['cart', 'cellphone', 'chair', 'coffeemachine', 'countertop', 'creditcard', 'desklamp', 'diningtable', 'dogbed', 'doorway']
[Debug] using requested target object=plant
[Debug] reachable_positions=375 candidate_objects_for_plant=1
Setting `pad_token_id` to `eos_token_id`:151645 for open-end generation.
Setting `pad_token_id` to `eos_token_id`:151645 for open-end generation.
Setting `pad_token_id` to `eos_token_id`:151645 for open-end generation.
Setting `pad_token_id` to `eos_token_id`:151645 for open-end generation.
Setting `pad_token_id` to `eos_token_id`:151645 for open-end generation.
Setting `pad_token_id` to `eos_token_id`:151645 for open-end generation.
Setting `pad_token_id` to `eos_token_id`:151645 for open-end generation.
Setting `pad_token_id` to `eos_token_id`:151645 for open-end generation.
[Debug] starting independent environment episode=1/1
[Debug] experiment setup: seed=7 goal_instance_index=random start_index=random start_rotation=270.0 start_point=(2.500, 0.901, 0.750)
[Timing] pathfinder goal-distance elapsed=0.285s found=True
real_distance:4.621320343559643
[Debug] observation rotation: angle=0 pause=0.25s
[Debug] observation rotation: angle=90 pause=0.25s
[Debug] observation rotation: angle=180 pause=0.25s
[Debug] observation rotation: angle=270 pause=0.25s
[Debug] calling detection service: position_id=big+0+0 angle=0 prompt='plant . tv . lamp . rack .'
[Debug] received detection service result: position_id=big+0+0 angle=0
[Debug] calling detection service: position_id=big+0+0 angle=90 prompt='plant . window . wall .'
[Debug] received detection service result: position_id=big+0+0 angle=90
[Debug] calling detection service: position_id=big+0+0 angle=180 prompt='plant . trees . window . sun .'
[Debug] received detection service result: position_id=big+0+0 angle=180
[Debug] calling detection service: position_id=big+0+0 angle=270 prompt='plant . doorway . light fixture . wall .'
[Debug] received detection service result: position_id=big+0+0 angle=270
[Debug] box_info_list_sum: [[{'label': 'tv', 'box': [273, 475, 437, 590]}, {'label': 'lamp', 'box': [183, 523, 270, 661]}, {'label': 'rack', 'box': [671, 575, 887, 982]}], [], [{'label': 'window', 'box': [43, 277, 1021, 879]}], [{'label': 'doorway', 'box': [56, 203, 671, 1020]}, {'label': 'wall', 'box': [44, 1, 1004, 1021]}]]
tv
desklamp
fridge
window
doorway
wall
[Debug] max_similar_objs_list: [[('tv', 0, 35, 1.0, 'tv', array([0.87649107, 1.3574086 , 6.090242  ], dtype=float32))], [('desklamp', 0, 7, 0.7352255582809448, 'desklamp', array([0.6478309, 1.059588 , 4.0880523], dtype=float32))], [('fridge', 0, 14, 0.5748386979103088, 'fridge', array([5.7898664 , 0.93250525, 6.0596185 ], dtype=float32))], [('window', 180, 59, 1.0, 'window', array([2.4305038, 1.5      , 0.       ], dtype=float32))], [('doorway', 270, 10, 1.0, 'doorway', array([1.6039999, 1.0371888, 0.5069809], dtype=float32))], [('wall', 270, 39, 1.0, 'wall', array([0.8019998 , 1.6639733 , 0.80199987], dtype=float32))]]
[Debug] empty_position: []
 {
    "Place": 0,
    "Angle": 0,
    "Objects": [
        "sofa",
        "desklamp",
        "tv",
        "fridge"
    ]
}{
    "Place": 0,
    "Angle": 90,
    "Objects": [
        "wall",
        "window"
    ]
}{
    "Place": 0,
    "Angle": 180,
    "Objects": [
        "sun",
        "trees",
        "tiles",
        "window"
    ]
}{
    "Place": 0,
    "Angle": 270,
    "Objects": [
        "light fixture",
        "doorway",
        "wall"
    ]
}
[Debug] allowed planner objects: ['doorway', 'window', 'tv', 'fridge', 'desklamp']
[Debug] allowed planner objects by place: {0: ['doorway', 'window', 'tv', 'desklamp', 'fridge']}
The above is a description of different places in different angles in the environment.Your can get to any place described in the json data. Your goal is to find the plant. Based on the above json data, please choose one specific object to travel to as your target. If your goal is already in the description, please choose it as the target. You must choose an object only from this allowed list: doorway, window, tv, fridge, desklamp. Do not output any object name that is not in the allowed list. Valid choosable objects by place are: Place 0: doorway, window, tv, desklamp, fridge. The Objects field must contain exactly one object from the chosen place list.Note that you can travel to door or door frame to other spaces if there are no clear evidence to choose the target.  Return exactly one JSON object by referring to the following template.
            {"Place": x, "Angle": x, "Objects": ["xxxx"] }
            If your goal is already in the description, please choose it as the target. You should not output any explanation, markdown, prose, examples, or extra text before or after the JSON. Note that your should choose only one object in one angle of one place in the json data as the target.
{"Place": 0, "Angle": 0, "Objects": ["desklamp"]}
[Timing] planning mode=kv elapsed=1.289s
{"Place": 0, "Angle": 0, "Objects": ["desklamp"]}
[Debug] planner selected: place=0, angle=0, objects=['desklamp']
last_key:[]
[Debug] allowed_targets_by_place[0] candidates: [('doorway', 270, 10, 1.0, 'doorway', array([1.6039999, 1.0371888, 0.5069809], dtype=float32)), ('window', 180, 59, 1.0, 'window', array([2.4305038, 1.5      , 0.       ], dtype=float32)), ('tv', 0, 35, 1.0, 'tv', array([0.87649107, 1.3574086 , 6.090242  ], dtype=float32)), ('desklamp', 0, 7, 0.7352255582809448, 'desklamp', array([0.6478309, 1.059588 , 4.0880523], dtype=float32)), ('fridge', 0, 14, 0.5748386979103088, 'fridge', array([5.7898664 , 0.93250525, 6.0596185 ], dtype=float32))]
[Debug] resolved target tuple: ('desklamp', 0, 7, 0.7352255582809448, 'desklamp', array([0.6478309, 1.059588 , 4.0880523], dtype=float32)) from representative place 0
[Debug] resolved source place: 0 for representative place 0
0
final_goal:plant,sub_goal:desklamp,place:0,trajectory: desklamp in Place 0.
sub_target_id:7
target:desklamp
final_goal:plant
final_length:0
[Timing] pathfinder to-subgoal elapsed=0.206s found=True
[Debug] sub-goal visible on screen: label=desklamp ratio=0.004663 bbox=76x133
[Debug] observation rotation: angle=0 pause=0.25s
[Debug] observation rotation: angle=90 pause=0.25s
[Debug] observation rotation: angle=180 pause=0.25s
[Debug] observation rotation: angle=270 pause=0.25s
[Debug] calling detection service: position_id=big+1+1 angle=0 prompt='plant . tv . sofa .'
[Debug] received detection service result: position_id=big+1+1 angle=0
[Debug] calling detection service: position_id=big+1+1 angle=90 prompt='plant . refrigerator . rack . sofa .'
[Debug] received detection service result: position_id=big+1+1 angle=90
[Debug] calling detection service: position_id=big+1+1 angle=180 prompt='plant . table . floor . wall .'
[Debug] received detection service result: position_id=big+1+1 angle=180
[Debug] calling detection service: position_id=big+1+1 angle=270 prompt='plant . lamp . tiled wall .'
[Debug] received detection service result: position_id=big+1+1 angle=270
[Debug] box_info_list_sum: [[{'label': 'sofa', 'box': [659, 668, 1023, 1023]}, {'label': 'tv', 'box': [208, 416, 628, 712]}], [{'label': 'sofa', 'box': [0, 634, 267, 1023]}, {'label': 'rack', 'box': [684, 575, 903, 916]}, {'label': 'refrigerator', 'box': [215, 476, 327, 705]}, {'label': 'plant', 'box': [711, 568, 758, 660]}], [{'label': 'table', 'box': [561, 713, 1023, 1022]}, {'label': 'floor', 'box': [0, 711, 633, 1023]}, {'label': 'wall', 'box': [433, 0, 1023, 909]}], [{'label': 'lamp', 'box': [367, 565, 835, 1022]}]]
sofa
cart
[Debug] preserving goal candidate: label=plant angle=90 obj_id=15 visible_ratio=0.000567 bbox=58x96 box_match=0.1316 detection_bbox=47x92
plant
diningtable
floor
wall
[Debug] max_similar_objs_list: [[('sofa', 0, 33, 1.0, 'sofa', array([3.1042576, 0.4549118, 5.9278355], dtype=float32))], [('cart', 90, 1, 0.5583247542381287, 'cart', array([3.5062046, 0.6413502, 2.8151784], dtype=float32))], [('plant', 90, 15, 1.0, 'plant', array([6.001341 , 0.548524 , 1.9715679], dtype=float32))], [('diningtable', 180, 8, 0.6230829358100891, 'diningtable', array([0.5250032 , 0.31636614, 3.0346437 ], dtype=float32))], [('floor', 180, 11, 1.0, 'floor', array([2.4065, 0.    , 3.2085], dtype=float32))], [('wall', 180, 43, 1.0, 'wall', array([0.       , 1.6639731, 3.2085   ], dtype=float32))]]
[Debug] empty_position: []
 {
    "Place": 0,
    "Angle": 90,
    "Objects": [
        "wall",
        "window"
    ]
}{
    "Place": 0,
    "Angle": 180,
    "Objects": [
        "sun",
        "trees",
        "tiles",
        "window"
    ]
}{
    "Place": 0,
    "Angle": 270,
    "Objects": [
        "light fixture",
        "doorway",
        "wall"
    ]
} {
    "Place": 1,
    "Angle": 0,
    "Objects": [
        "sofa"
    ]
}{
    "Place": 1,
    "Angle": 90,
    "Objects": [
        "cart",
        "floor"
    ]
}{
    "Place": 1,
    "Angle": 180,
    "Objects": [
        "wall",
        "floor",
        "diningtable"
    ]
}
[Debug] resolver candidates place=0: exact=2 relaxed_or_synthesized=2
[Debug] resolver candidates place=1: exact=3 relaxed_or_synthesized=1
[Debug] allowed planner objects: ['plant', 'cart', 'sofa', 'diningtable']
[Debug] allowed planner objects by place: {0: [], 1: ['plant', 'sofa', 'diningtable', 'cart']}
[Debug] bypassing planner because goal is already observed: {"Place": 1, "Angle": 90, "Objects": ["plant"]}
{"Place": 1, "Angle": 90, "Objects": ["plant"]}
[Debug] planner selected: place=1, angle=90, objects=['plant']
last_key:['Place 0']
[Debug] allowed_targets_by_place[1] candidates: [('plant', 90, 15, 1.0, 'plant', array([6.001341 , 0.548524 , 1.9715679], dtype=float32)), ('sofa', 0, 33, 1.0, 'sofa', array([3.1042576, 0.4549118, 5.9278355], dtype=float32)), ('diningtable', 180, 8, 0.6230829358100891, 'diningtable', array([0.5250032 , 0.31636614, 3.0346437 ], dtype=float32)), ('cart', 90, 1, 0.5583247542381287, 'cart', array([3.5062046, 0.6413502, 2.8151784], dtype=float32))]
[Debug] resolved target tuple: ('plant', 90, 15, 1.0, 'plant', array([6.001341 , 0.548524 , 1.9715679], dtype=float32)) from representative place 1
[Debug] resolved source place: 1 for representative place 1
1
final_goal:plant,sub_goal:plant,place:1,trajectory: desklamp in Place 0.plant in Place 1.
sub_target_id:15
target:plant
final_goal:plant
final_length:3.7677674293518066
[Timing] pathfinder to-subgoal elapsed=0.449s found=True
[Debug] sub-goal visible on screen: label=plant ratio=0.002131 bbox=84x164
[Debug] calling detection service: position_id=goal-visible-2-1-20 angle=90 prompt='plant .'
[Debug] received detection service result: position_id=goal-visible-2-1-20 angle=90
[Debug] final goal visible on screen: label=plant ratio=0.011857 semantic_bbox=186x347 rgb_bbox=188x346
[Debug] saved final goal bbox: tmp/navigation_images/final_goal_visible_step_20.png
[Debug] final goal detected; approaching GT coordinates before stopping
[Timing] pathfinder final-approach elapsed=0.096s found=True
[Debug] close enough to final goal coordinates: label=plant distance=1.330
[Timing] episode elapsed=55.191s sr=1 spl=0.5969 final_length=7.7426
[Timing] val_auto episode total elapsed=55.192s goal=plant sr=1 spl=0.5969 completed_eval_episodes=5/5
[Debug] episode success: final_goal=plant sr=1 spl=0.5969 final_length=7.7426
