[EfficientNav] running file: /home/min/test/EfficientNav/efficientnav.py
[EfficientNav] units module: /home/min/test/EfficientNav/units.py
[EfficientNav] planner model: /home/min/test/models/InternVL3-1B
[EfficientNav] H2O cache: enabled=False budget=2048 recent=256 heavy=256 protected_prefix=0
FlashAttention2 is not installed.
[AI2-THOR WARNING] There has been an update to ProcTHOR-10K that must be used with AI2-THOR version 5.0+. To use the new version of ProcTHOR-10K, please update AI2-THOR to version 5.0+ by running:
    pip install --upgrade ai2thor
Alternatively, to downgrade to the old version of ProcTHOR-10K, run:
   prior.load_dataset("procthor-10k", revision="ab3cacd0fc17754d4c080a3fd50b18395fae8647")
Loading train:   0%|          | 0/10000 [00:00<?, ?it/s]Loading train:   7%|▋         | 741/10000 [00:00<00:01, 7399.32it/s]Loading train:  15%|█▌        | 1507/10000 [00:00<00:01, 7547.82it/s]Loading train:  23%|██▎       | 2340/10000 [00:00<00:00, 7899.84it/s]Loading train:  31%|███▏      | 3145/10000 [00:00<00:00, 7957.31it/s]Loading train:  39%|███▉      | 3941/10000 [00:00<00:00, 7735.91it/s]Loading train:  47%|████▋     | 4716/10000 [00:00<00:00, 7660.25it/s]Loading train:  55%|█████▍    | 5483/10000 [00:00<00:00, 7481.90it/s]Loading train:  62%|██████▏   | 6233/10000 [00:00<00:00, 7453.32it/s]Loading train:  70%|██████▉   | 6979/10000 [00:00<00:00, 7371.13it/s]Loading train:  77%|███████▋  | 7717/10000 [00:01<00:00, 7295.41it/s]Loading train:  85%|████████▌ | 8516/10000 [00:01<00:00, 7495.60it/s]Loading train:  93%|█████████▎| 9293/10000 [00:01<00:00, 7576.55it/s]Loading train: 100%|██████████| 10000/10000 [00:01<00:00, 7565.83it/s]
Loading val:   0%|          | 0/1000 [00:00<?, ?it/s]Loading val:  75%|███████▍  | 747/1000 [00:00<00:00, 7465.98it/s]Loading val: 100%|██████████| 1000/1000 [00:00<00:00, 7570.97it/s]
Loading test:   0%|          | 0/1000 [00:00<?, ?it/s]Loading test:  77%|███████▋  | 772/1000 [00:00<00:00, 7717.63it/s]Loading test: 100%|██████████| 1000/1000 [00:00<00:00, 7342.46it/s]
Setting `pad_token_id` to `eos_token_id`:151645 for open-end generation.
Setting `pad_token_id` to `eos_token_id`:151645 for open-end generation.
Setting `pad_token_id` to `eos_token_id`:151645 for open-end generation.
Setting `pad_token_id` to `eos_token_id`:151645 for open-end generation.
Setting `pad_token_id` to `eos_token_id`:151645 for open-end generation.
Setting `pad_token_id` to `eos_token_id`:151645 for open-end generation.
Setting `pad_token_id` to `eos_token_id`:151645 for open-end generation.
Setting `pad_token_id` to `eos_token_id`:151645 for open-end generation.
[Debug] selectable goal names count=35 sample=['apple', 'bowl', 'cellphone', 'chair', 'countertop', 'creditcard', 'cup', 'diningtable', 'doorway', 'egg']
[Debug] using requested target object=countertop
[Debug] reachable_positions=992 candidate_objects_for_countertop=1
[Debug] starting independent environment episode=1/1
[Debug] experiment setup: seed=7 goal_instance_index=random start_index=random start_rotation=90.0 start_point=(6.750, 0.901, 9.000)
[Timing] pathfinder goal-distance elapsed=2.788s found=True
real_distance:9.881727983645298
[Debug] observation rotation: angle=0 pause=0.25s
[Debug] observation rotation: angle=90 pause=0.25s
[Debug] observation rotation: angle=180 pause=0.25s
[Debug] observation rotation: angle=270 pause=0.25s
[Debug] calling detection service: position_id=big+0+0 angle=0 prompt='countertop . laptop . window .'
[Debug] received detection service result: position_id=big+0+0 angle=0
[Debug] calling detection service: position_id=big+0+0 angle=90 prompt='countertop . table . chair .'
[Debug] received detection service result: position_id=big+0+0 angle=90
[Debug] calling detection service: position_id=big+0+0 angle=180 prompt='countertop . desk . sofa . chair .'
[Debug] received detection service result: position_id=big+0+0 angle=180
[Debug] calling detection service: position_id=big+0+0 angle=270 prompt='countertop . tv stand . sofa .'
[Debug] received detection service result: position_id=big+0+0 angle=270
[Debug] box_info_list_sum: [[{'label': 'window', 'box': [10, 261, 447, 826]}, {'label': 'laptop', 'box': [823, 748, 1023, 962]}, {'label': 'countertop', 'box': [732, 785, 1023, 1022]}], [{'label': 'chair', 'box': [716, 771, 1023, 1022]}, {'label': 'countertop', 'box': [0, 761, 699, 1022]}], [{'label': 'chair', 'box': [455, 554, 587, 646]}, {'label': 'sofa', 'box': [973, 620, 1023, 785]}, {'label': 'desk', 'box': [409, 565, 552, 639]}], [{'label': 'sofa', 'box': [0, 608, 438, 798]}, {'label': 'tv stand', 'box': [298, 574, 421, 643]}]]
window
laptop
[Debug] dropped verified goal candidate: label=countertop angle=0 box=[732, 785, 1023, 1022] overlaps=laptop#29:0.390, diningtable#13:0.364, wall#52:0.246
chair
[Debug] dropped verified goal candidate: label=countertop angle=90 box=[0, 761, 699, 1022] overlaps=diningtable#13:0.800, statue#44:0.084, wall#53:0.078, laptop#29:0.016, statue#45:0.008
diningtable
chair
sofa
tv
[Debug] max_similar_objs_list: [[('window', 0, 65, 1.0, 'window', array([ 5.970752 ,  1.4993188, 10.508999 ], dtype=float32))], [('laptop', 0, 29, 1.0, 'laptop', array([ 7.6354885,  0.9170662, 10.0352125], dtype=float32))], [('chair', 90, 3, 1.0, 'chair', array([7.860443  , 0.38061038, 8.041011  ], dtype=float32))], [('diningtable', 90, 13, 0.5870474576950073, 'diningtable', array([7.881999  , 0.39052546, 9.589917  ], dtype=float32))], [('chair', 180, 8, 1.0, 'chair', array([7.112501  , 0.49567136, 2.7322915 ], dtype=float32))], [('sofa', 180, 41, 1.0, 'sofa', array([3.4744134 , 0.50392896, 7.191756  ], dtype=float32))], [('tv', 270, 46, 0.8397394418716431, 'tv', array([0.47341067, 1.0578212 , 7.1917553 ], dtype=float32))]]
[Debug] empty_position: []
 {
    "Place": 0,
    "Angle": 0,
    "Objects": [
        "laptop",
        "window"
    ]
}{
    "Place": 0,
    "Angle": 90,
    "Objects": [
        "table",
        "chair"
    ]
}{
    "Place": 0,
    "Angle": 180,
    "Objects": [
        "sofa",
        "chair",
        "lamp"
    ]
}{
    "Place": 0,
    "Angle": 270,
    "Objects": [
        "tv"
    ]
}
[Debug] allowed planner objects: ['window', 'laptop', 'diningtable', 'tv', 'sofa', 'chair']
[Debug] allowed planner objects by place: {0: ['window', 'laptop', 'sofa', 'chair', 'tv', 'diningtable']}
The above is a description of different places in different angles in the environment.Your can get to any place described in the json data. Your goal is to find the countertop. Based on the above json data, please choose one specific object to travel to as your target. If your goal is already in the description, please choose it as the target. You must choose an object only from this allowed list: window, laptop, diningtable, tv, sofa, chair. Do not output any object name that is not in the allowed list. Valid choosable objects by place are: Place 0: window, laptop, sofa, chair, tv, diningtable. The Objects field must contain exactly one object from the chosen place list.Note that you can travel to door or door frame to other spaces if there are no clear evidence to choose the target.  Return exactly one JSON object by referring to the following template.
            {"Place": x, "Angle": x, "Objects": ["xxxx"] }
            If your goal is already in the description, please choose it as the target. You should not output any explanation, markdown, prose, examples, or extra text before or after the JSON. Note that your should choose only one object in one angle of one place in the json data as the target.
{"Place": "diningtable", "Angle": 0, "Objects": ["laptop"]}
[Timing] planning mode=kv elapsed=1.532s
{"Place": 0, "Angle": 0, "Objects": ["diningtable"]}
[Debug] planner selected: place=0, angle=0, objects=['diningtable']
last_key:[]
[Debug] allowed_targets_by_place[0] candidates: [('window', 0, 65, 1.0, 'window', array([ 5.970752 ,  1.4993188, 10.508999 ], dtype=float32)), ('laptop', 0, 29, 1.0, 'laptop', array([ 7.6354885,  0.9170662, 10.0352125], dtype=float32)), ('sofa', 180, 41, 1.0, 'sofa', array([3.4744134 , 0.50392896, 7.191756  ], dtype=float32)), ('chair', 90, 3, 1.0, 'chair', array([7.860443  , 0.38061038, 8.041011  ], dtype=float32)), ('chair', 180, 8, 1.0, 'chair', array([7.112501  , 0.49567136, 2.7322915 ], dtype=float32)), ('tv', 270, 46, 0.8397394418716431, 'tv', array([0.47341067, 1.0578212 , 7.1917553 ], dtype=float32)), ('diningtable', 90, 13, 0.5870474576950073, 'diningtable', array([7.881999  , 0.39052546, 9.589917  ], dtype=float32))]
[Debug] resolved target tuple: ('diningtable', 90, 13, 0.5870474576950073, 'diningtable', array([7.881999  , 0.39052546, 9.589917  ], dtype=float32)) from representative place 0
[Debug] resolved source place: 0 for representative place 0
0
final_goal:countertop,sub_goal:diningtable,place:0,trajectory: diningtable in Place 0.
sub_target_id:13
target:diningtable
final_goal:countertop
final_length:0
[Timing] pathfinder to-subgoal elapsed=0.086s found=True
[Debug] sub-goal visible on screen: label=diningtable ratio=0.115620 bbox=672x308
[Debug] observation rotation: angle=0 pause=0.25s
[Debug] observation rotation: angle=90 pause=0.25s
[Debug] observation rotation: angle=180 pause=0.25s
[Debug] observation rotation: angle=270 pause=0.25s
[Debug] calling detection service: position_id=big+1+1 angle=0 prompt='countertop . window . tree .'
[Debug] received detection service result: position_id=big+1+1 angle=0
[Debug] calling detection service: position_id=big+1+1 angle=90 prompt='countertop . desk . laptop . cell phone .'
[Debug] received detection service result: position_id=big+1+1 angle=90
[Debug] calling detection service: position_id=big+1+1 angle=180 prompt='countertop . desk . sofa . chair .'
[Debug] received detection service result: position_id=big+1+1 angle=180
[Debug] calling detection service: position_id=big+1+1 angle=270 prompt='countertop . tv stand . window . sofa .'
[Debug] received detection service result: position_id=big+1+1 angle=270
[Debug] box_info_list_sum: [[{'label': 'window', 'box': [0, 133, 284, 997]}, {'label': 'tree', 'box': [0, 188, 223, 535]}, {'label': 'countertop', 'box': [715, 930, 1022, 1023]}], [{'label': 'cell phone', 'box': [193, 896, 284, 931]}, {'label': 'laptop', 'box': [0, 842, 257, 1023]}], [{'label': 'sofa', 'box': [944, 601, 1023, 762]}, {'label': 'chair', 'box': [478, 551, 599, 636]}, {'label': 'desk', 'box': [436, 561, 568, 628]}], [{'label': 'window', 'box': [798, 134, 1023, 993]}, {'label': 'sofa', 'box': [0, 600, 380, 774]}, {'label': 'tv stand', 'box': [265, 573, 389, 634]}, {'label': 'countertop', 'box': [0, 620, 838, 1021]}]]
[Debug] dropped verified goal candidate: label=countertop angle=0 box=[715, 930, 1022, 1023] overlaps=diningtable#13:0.519, laptop#29:0.382, wall#52:0.099
cellphone
floor
Setting `pad_token_id` to `eos_token_id`:151645 for open-end generation.
Setting `pad_token_id` to `eos_token_id`:151645 for open-end generation.
Setting `pad_token_id` to `eos_token_id`:151645 for open-end generation.
Setting `pad_token_id` to `eos_token_id`:151645 for open-end generation.
Setting `pad_token_id` to `eos_token_id`:151645 for open-end generation.
Setting `pad_token_id` to `eos_token_id`:151645 for open-end generation.
Setting `pad_token_id` to `eos_token_id`:151645 for open-end generation.
Setting `pad_token_id` to `eos_token_id`:151645 for open-end generation.
[Debug] dropped verified goal candidate: label=countertop angle=270 box=[0, 620, 838, 1021] overlaps=floor#19:0.607, sofa#41:0.156, wall#52:0.135, chair#2:0.090, window#65:0.010
floor
[Debug] max_similar_objs_list: [[('cellphone', 90, 6, 0.8401109576225281, 'cellphone', array([ 8.005253  ,  0.78618807, 10.032886  ], dtype=float32))], [('floor', 180, 21, 0.618403971195221, 'floor', array([4.2035, 0.    , 2.102 ], dtype=float32))], [('floor', 270, 19, 0.6161034107208252, 'floor', array([4.2035, 0.    , 5.2545], dtype=float32))]]
[Debug] empty_position: [0]
 {
    "Place": 0,
    "Angle": 0,
    "Objects": [
        "laptop",
        "window"
    ]
}{
    "Place": 0,
    "Angle": 180,
    "Objects": [
        "sofa",
        "chair",
        "lamp"
    ]
}{
    "Place": 0,
    "Angle": 270,
    "Objects": [
        "tv"
    ]
} {
    "Place": 1,
    "Angle": 0,
    "Objects": [
        "tree"
    ]
}{
    "Place": 1,
    "Angle": 90,
    "Objects": [
        "statue",
        "desk",
        "cellphone"
    ]
}{
    "Place": 1,
    "Angle": 180,
    "Objects": [
        "floor",
        "lamp"
    ]
}{
    "Place": 1,
    "Angle": 270,
    "Objects": [
        "armchair"
    ]
}
[Debug] resolver candidates place=0: exact=5 relaxed_or_synthesized=1
[Debug] allowed planner objects: []
[Debug] allowed planner objects by place: {0: []}
[Debug] resolver candidates place=0: exact=5 relaxed_or_synthesized=1
[Debug] bypassing planner because allowed target list is empty: {"Place": 0, "Angle": 0, "Objects": ["window"]}
{"Place": 0, "Angle": 0, "Objects": ["window"]}
[Debug] planner selected: place=0, angle=0, objects=['window']
last_key:['Place 0']
[Debug] allowed_targets_by_place[0] candidates: [('window', 0, 65, 1.0, 'window', array([ 5.970752 ,  1.4993188, 10.508999 ], dtype=float32)), ('laptop', 0, 29, 1.0, 'laptop', array([ 7.6354885,  0.9170662, 10.0352125], dtype=float32)), ('sofa', 180, 41, 1.0, 'sofa', array([3.4744134 , 0.50392896, 7.191756  ], dtype=float32)), ('chair', 180, 8, 1.0, 'chair', array([7.112501  , 0.49567136, 2.7322915 ], dtype=float32)), ('cellphone', 90, 6, 0.8401109576225281, 'cellphone', array([ 8.005253  ,  0.78618807, 10.032886  ], dtype=float32)), ('tv', 270, 46, 0.8397394418716431, 'tv', array([0.47341067, 1.0578212 , 7.1917553 ], dtype=float32)), ('chair', 90, 3, 1.0, 'chair', array([7.860443  , 0.38061038, 8.041011  ], dtype=float32))]
[Debug] resolved target tuple: ('window', 0, 65, 1.0, 'window', array([ 5.970752 ,  1.4993188, 10.508999 ], dtype=float32)) from representative place 0
[Debug] resolved source place: 0 for representative place 0
0
final_goal:countertop,sub_goal:window,place:0,trajectory: diningtable in Place 0.window in Place 0.
sub_target_id:65
target:window
final_goal:countertop
final_length:0.6035533547401428
[Timing] pathfinder to-subgoal elapsed=0.362s found=True
[Debug] sub-goal visible on screen: label=window ratio=0.293143 bbox=493x885
[Debug] observation rotation: angle=0 pause=0.25s
[Debug] observation rotation: angle=90 pause=0.25s
[Debug] observation rotation: angle=180 pause=0.25s
[Debug] observation rotation: angle=270 pause=0.25s
[Debug] calling detection service: position_id=big+2+2 angle=0 prompt='countertop . window . tree .'
[Debug] received detection service result: position_id=big+2+2 angle=0
[Debug] calling detection service: position_id=big+2+2 angle=90 prompt='countertop . table . chair .'
[Debug] received detection service result: position_id=big+2+2 angle=90
[Debug] calling detection service: position_id=big+2+2 angle=180 prompt='countertop . desk . sofa . chair .'
[Debug] received detection service result: position_id=big+2+2 angle=180
[Debug] calling detection service: position_id=big+2+2 angle=270 prompt='countertop . tv . sofa .'
[Debug] received detection service result: position_id=big+2+2 angle=270
[Debug] box_info_list_sum: [[{'label': 'countertop', 'box': [18, 601, 943, 1021]}], [{'label': 'chair', 'box': [867, 688, 1023, 993]}, {'label': 'table', 'box': [336, 681, 989, 1022]}], [{'label': 'sofa', 'box': [763, 588, 1023, 883]}, {'label': 'chair', 'box': [409, 549, 527, 628]}, {'label': 'desk', 'box': [371, 558, 497, 622]}], [{'label': 'sofa', 'box': [0, 575, 596, 922]}, {'label': 'tv', 'box': [200, 525, 303, 596]}, {'label': 'countertop', 'box': [0, 641, 677, 1022]}]]
[Debug] dropped verified goal candidate: label=countertop angle=0 box=[18, 601, 943, 1021] overlaps=window#65:1.000
[Debug] dropped verified goal candidate: label=countertop angle=270 box=[0, 641, 677, 1022] overlaps=floor#19:0.442, chair#2:0.267, sofa#41:0.195, wall#52:0.082, tv#48:0.012
[Debug] max_similar_objs_list: []
[Debug] empty_position: [1, 3]
 {
    "Place": 0,
    "Angle": 180,
    "Objects": [
        "sofa",
        "chair",
        "lamp"
    ]
}{
    "Place": 0,
    "Angle": 270,
    "Objects": [
        "tv"
    ]
} {
    "Place": 1,
    "Angle": 0,
    "Objects": [
        "tree"
    ]
}{
    "Place": 1,
    "Angle": 90,
    "Objects": [
        "statue",
        "desk",
        "cellphone"
    ]
}{
    "Place": 1,
    "Angle": 180,
    "Objects": [
        "floor",
        "lamp"
    ]
}{
    "Place": 1,
    "Angle": 270,
    "Objects": [
        "armchair"
    ]
} {
    "Place": 2,
    "Angle": 0,
    "Objects": [
        "window",
        "tree"
    ]
}{
    "Place": 2,
    "Angle": 90,
    "Objects": [
        "table"
    ]
}{
    "Place": 2,
    "Angle": 180,
    "Objects": [
        "lamp"
    ]
}{
    "Place": 2,
    "Angle": 270,
    "Objects": [
        "tv"
    ]
}
[Debug] resolver candidates place=0: exact=3 relaxed_or_synthesized=2
[Debug] allowed planner objects: []
[Debug] allowed planner objects by place: {0: []}
[Debug] resolver candidates place=0: exact=3 relaxed_or_synthesized=2
[Debug] bypassing planner because allowed target list is empty: {"Place": 0, "Angle": 0, "Objects": ["window"]}
{"Place": 0, "Angle": 0, "Objects": ["window"]}
[Debug] planner selected: place=0, angle=0, objects=['window']
last_key:['Place 0', 'Place 0']
[Debug] allowed_targets_by_place[0] candidates: [('sofa', 180, 41, 1.0, 'sofa', array([3.4744134 , 0.50392896, 7.191756  ], dtype=float32)), ('chair', 180, 8, 1.0, 'chair', array([7.112501  , 0.49567136, 2.7322915 ], dtype=float32)), ('cellphone', 90, 6, 0.8401109576225281, 'cellphone', array([ 8.005253  ,  0.78618807, 10.032886  ], dtype=float32)), ('tv', 270, 46, 0.8397394418716431, 'tv', array([0.47341067, 1.0578212 , 7.1917553 ], dtype=float32)), ('window', 0, 62, 0.5, 'window', array([8.407    , 1.4992062, 5.7390513], dtype=float32)), ('diningtable', 90, 14, 0.5, 'diningtable', array([7.1357603 , 0.39052525, 2.1339338 ], dtype=float32)), ('floorlamp', 180, 22, 0.5, 'floorlamp', array([7.8611965 , 0.92367643, 7.275919  ], dtype=float32)), ('laptop', 0, 29, 1.0, 'laptop', array([ 7.6354885,  0.9170662, 10.0352125], dtype=float32)), ('chair', 90, 3, 1.0, 'chair', array([7.860443  , 0.38061038, 8.041011  ], dtype=float32))]
[Debug] resolved target tuple: ('window', 0, 62, 0.5, 'window', array([8.407    , 1.4992062, 5.7390513], dtype=float32)) from representative place 0
[Debug] resolved source place: 2 for representative place 0
0
final_goal:countertop,sub_goal:window,place:0,trajectory: diningtable in Place 0.window in Place 0.
sub_target_id:62
target:window
final_goal:countertop
final_length:1.9142136573791504
[Timing] pathfinder to-subgoal elapsed=1.024s found=True
[Debug] sub-goal visible on screen: label=window ratio=0.006069 bbox=48x139
[Debug] observation rotation: angle=0 pause=0.25s
[Debug] observation rotation: angle=90 pause=0.25s
[Debug] observation rotation: angle=180 pause=0.25s
[Debug] observation rotation: angle=270 pause=0.25s
[Debug] calling detection service: position_id=big+3+3 angle=0 prompt='countertop . chair . lamp .'
[Debug] received detection service result: position_id=big+3+3 angle=0
[Debug] calling detection service: position_id=big+3+3 angle=90 prompt='countertop . window . trees .'
[Debug] received detection service result: position_id=big+3+3 angle=90
[Debug] calling detection service: position_id=big+3+3 angle=180 prompt='countertop . table . doorway . picture .'
Setting `pad_token_id` to `eos_token_id`:151645 for open-end generation.
Setting `pad_token_id` to `eos_token_id`:151645 for open-end generation.
Setting `pad_token_id` to `eos_token_id`:151645 for open-end generation.
Setting `pad_token_id` to `eos_token_id`:151645 for open-end generation.
[Debug] received detection service result: position_id=big+3+3 angle=180
[Debug] calling detection service: position_id=big+3+3 angle=270 prompt='countertop . tv . sofa . chair .'
[Debug] received detection service result: position_id=big+3+3 angle=270
[Debug] box_info_list_sum: [[{'label': 'lamp', 'box': [367, 410, 556, 1021]}], [], [{'label': 'table', 'box': [506, 607, 799, 770]}, {'label': 'picture', 'box': [424, 454, 476, 634]}, {'label': 'countertop', 'box': [380, 644, 1022, 1021]}], [{'label': 'tv', 'box': [175, 521, 648, 575]}, {'label': 'chair', 'box': [852, 547, 1021, 712]}, {'label': 'sofa', 'box': [529, 580, 855, 710]}]]
floorlamp
wall
[Debug] dropped verified goal candidate: label=countertop angle=180 box=[380, 644, 1022, 1021] overlaps=floor#21:0.822, wall#50:0.077, chair#8:0.040, diningtable#14:0.018, chair#7:0.017
chair
[Debug] max_similar_objs_list: [[('floorlamp', 0, 22, 0.7215485572814941, 'floorlamp', array([7.8611965 , 0.92367643, 7.275919  ], dtype=float32))], [('wall', 180, 50, 0.6535330414772034, 'wall', array([4.203499 , 1.8457985, 2.102    ], dtype=float32))], [('chair', 270, 2, 1.0, 'chair', array([3.3287203, 0.6352806, 9.616457 ], dtype=float32))]]
[Debug] empty_position: []
 {
    "Place": 0,
    "Angle": 180,
    "Objects": [
        "sofa",
        "chair",
        "lamp"
    ]
}{
    "Place": 0,
    "Angle": 270,
    "Objects": [
        "tv"
    ]
} {
    "Place": 1,
    "Angle": 0,
    "Objects": [
        "tree"
    ]
}{
    "Place": 1,
    "Angle": 90,
    "Objects": [
        "statue",
        "desk",
        "cellphone"
    ]
}{
    "Place": 1,
    "Angle": 180,
    "Objects": [
        "floor",
        "lamp"
    ]
}{
    "Place": 1,
    "Angle": 270,
    "Objects": [
        "armchair"
    ]
} {
    "Place": 2,
    "Angle": 90,
    "Objects": [
        "table"
    ]
}{
    "Place": 2,
    "Angle": 180,
    "Objects": [
        "lamp"
    ]
}{
    "Place": 2,
    "Angle": 270,
    "Objects": [
        "tv"
    ]
} {
    "Place": 3,
    "Angle": 0,
    "Objects": [
        "chair",
        "floorlamp"
    ]
}{
    "Place": 3,
    "Angle": 90,
    "Objects": [
        "trees",
        "window"
    ]
}{
    "Place": 3,
    "Angle": 180,
    "Objects": [
        "doorway",
        "wall",
        "chairs"
    ]
}{
    "Place": 3,
    "Angle": 270,
    "Objects": [
        "chair"
    ]
}
[Debug] resolver candidates place=0: exact=3 relaxed_or_synthesized=2
[Debug] resolver candidates place=2: exact=2 relaxed_or_synthesized=1
[Debug] allowed planner objects: []
[Debug] allowed planner objects by place: {0: []}
[Debug] resolver candidates place=0: exact=3 relaxed_or_synthesized=2
[Debug] resolver candidates place=2: exact=2 relaxed_or_synthesized=1
[Debug] bypassing planner because allowed target list is empty: {"Place": 0, "Angle": 0, "Objects": ["window"]}
{"Place": 0, "Angle": 0, "Objects": ["window"]}
[Debug] planner selected: place=0, angle=0, objects=['window']
last_key:['Place 0', 'Place 0', 'Place 2']
[Debug] allowed_targets_by_place[0] candidates: [('sofa', 180, 41, 1.0, 'sofa', array([3.4744134 , 0.50392896, 7.191756  ], dtype=float32)), ('chair', 180, 8, 1.0, 'chair', array([7.112501  , 0.49567136, 2.7322915 ], dtype=float32)), ('chair', 270, 2, 1.0, 'chair', array([3.3287203, 0.6352806, 9.616457 ], dtype=float32)), ('cellphone', 90, 6, 0.8401109576225281, 'cellphone', array([ 8.005253  ,  0.78618807, 10.032886  ], dtype=float32)), ('tv', 270, 46, 0.8397394418716431, 'tv', array([0.47341067, 1.0578212 , 7.1917553 ], dtype=float32)), ('diningtable', 90, 14, 0.5, 'diningtable', array([7.1357603 , 0.39052525, 2.1339338 ], dtype=float32)), ('floorlamp', 180, 22, 0.5, 'floorlamp', array([7.8611965 , 0.92367643, 7.275919  ], dtype=float32)), ('laptop', 0, 29, 1.0, 'laptop', array([ 7.6354885,  0.9170662, 10.0352125], dtype=float32)), ('chair', 90, 3, 1.0, 'chair', array([7.860443  , 0.38061038, 8.041011  ], dtype=float32)), ('window', 0, 64, 0.5, 'window', array([8.407    , 1.4980521, 1.5404677], dtype=float32))]
[Debug] resolved target tuple: ('window', 0, 64, 0.5, 'window', array([8.407    , 1.4980521, 1.5404677], dtype=float32)) from representative place 0
[Debug] resolved source place: 2 for representative place 0
0
final_goal:countertop,sub_goal:window,place:0,trajectory: diningtable in Place 0.window in Place 0.
sub_target_id:64
target:window
final_goal:countertop
final_length:7.821069717407227
[Timing] pathfinder to-subgoal elapsed=4.192s found=True
[Debug] sub-goal visible on screen: label=window ratio=0.005152 bbox=76x79
[Debug] calling detection service: position_id=goal-visible-4-3-15 angle=180 prompt='countertop .'
[Debug] received detection service result: position_id=goal-visible-4-3-15 angle=180
[Debug] semantic goal candidate rejected by RGB detector: label=countertop ratio=0.010056 semantic_bbox=141x85
[Debug] calling detection service: position_id=goal-visible-4-3-16 angle=180 prompt='countertop .'
[Debug] received detection service result: position_id=goal-visible-4-3-16 angle=180
[Debug] semantic goal candidate rejected by RGB detector: label=countertop ratio=0.011007 semantic_bbox=148x90
[Debug] calling detection service: position_id=goal-visible-4-3-17 angle=180 prompt='countertop .'
[Debug] received detection service result: position_id=goal-visible-4-3-17 angle=180
[Debug] semantic goal candidate rejected by RGB detector: label=countertop ratio=0.012034 semantic_bbox=156x93
[Debug] calling detection service: position_id=goal-visible-4-3-18 angle=180 prompt='countertop .'
[Debug] received detection service result: position_id=goal-visible-4-3-18 angle=180
[Debug] final goal visible on screen: label=countertop ratio=0.013305 semantic_bbox=165x98 rgb_bbox=1021x158
[Debug] saved final goal bbox: tmp/navigation_images/final_goal_visible_step_18.png
[Debug] final goal detected; approaching GT coordinates before stopping
[Timing] pathfinder final-approach elapsed=2.991s found=True
[Debug] close enough to final goal coordinates: label=countertop distance=1.385
[Timing] episode elapsed=102.112s sr=1 spl=0.5702 final_length=17.3315
[Timing] val_auto episode total elapsed=102.112s goal=countertop sr=1 spl=0.5702 completed_eval_episodes=1/10
[Debug] episode success: final_goal=countertop sr=1 spl=0.5702 final_length=17.3315
[Debug] selectable goal names count=64 sample=['apple', 'baseballbat', 'basketball', 'bed', 'book', 'bowl', 'box', 'bread', 'butterknife', 'candle']
[Debug] using requested target object=countertop
[Debug] reachable_positions=3342 candidate_objects_for_countertop=1
[Debug] starting independent environment episode=1/1
[Debug] experiment setup: seed=7 goal_instance_index=random start_index=random start_rotation=270.0 start_point=(10.250, 0.901, 9.750)
[Timing] pathfinder goal-distance elapsed=23.831s found=True
real_distance:16.003048327204933
[Debug] observation rotation: angle=0 pause=0.25s
[Debug] observation rotation: angle=90 pause=0.25s
[Debug] observation rotation: angle=180 pause=0.25s
[Debug] observation rotation: angle=270 pause=0.25s
[Debug] calling detection service: position_id=big+0+0 angle=0 prompt='countertop .'
[Debug] received detection service result: position_id=big+0+0 angle=0
[Debug] calling detection service: position_id=big+0+0 angle=90 prompt='countertop . table . doorway . floor .'
[Debug] received detection service result: position_id=big+0+0 angle=90
[Debug] calling detection service: position_id=big+0+0 angle=180 prompt='countertop . doorway . ceiling .'
[Debug] received detection service result: position_id=big+0+0 angle=180
[Debug] calling detection service: position_id=big+0+0 angle=270 prompt='countertop . vertical object . black object .'
[Debug] received detection service result: position_id=big+0+0 angle=270
[Debug] box_info_list_sum: [[], [{'label': 'doorway', 'box': [442, 433, 589, 759]}, {'label': 'floor', 'box': [370, 642, 1023, 1022]}, {'label': 'table', 'box': [731, 579, 861, 680]}], [{'label': 'doorway', 'box': [316, 425, 470, 806]}, {'label': 'ceiling', 'box': [0, 0, 1002, 204]}], [{'label': 'vertical object', 'box': [397, 83, 533, 1019]}, {'label': 'black object', 'box': [229, 752, 749, 1020]}]]
doorway
floor
doorway
wall
tv
Setting `pad_token_id` to `eos_token_id`:151645 for open-end generation.
Setting `pad_token_id` to `eos_token_id`:151645 for open-end generation.
Setting `pad_token_id` to `eos_token_id`:151645 for open-end generation.
Setting `pad_token_id` to `eos_token_id`:151645 for open-end generation.
Setting `pad_token_id` to `eos_token_id`:151645 for open-end generation.
Setting `pad_token_id` to `eos_token_id`:151645 for open-end generation.
Setting `pad_token_id` to `eos_token_id`:151645 for open-end generation.
Setting `pad_token_id` to `eos_token_id`:151645 for open-end generation.
[Debug] max_similar_objs_list: [[('doorway', 90, 58, 1.0, 'doorway', array([14.478235 ,  1.0376704,  9.763346 ], dtype=float32))], [('floor', 90, 97, 1.0, 'floor', array([8.1485   , 0.       , 5.0930004], dtype=float32))], [('doorway', 180, 57, 1.0, 'doorway', array([11.081314 ,  1.0459483,  6.5430164], dtype=float32))], [('wall', 180, 214, 0.6041585206985474, 'wall', array([4.074499 , 1.8875161, 5.0929995], dtype=float32))], [('tv', 270, 180, 0.5620273351669312, 'tv', array([9.025491 , 1.2942309, 9.712589 ], dtype=float32))]]
[Debug] empty_position: []
 {
    "Place": 0,
    "Angle": 0,
    "Objects": [
        "shadow",
        "background"
    ]
}{
    "Place": 0,
    "Angle": 90,
    "Objects": [
        "floor",
        "doorway",
        "ceiling"
    ]
}{
    "Place": 0,
    "Angle": 180,
    "Objects": [
        "doorway",
        "wall"
    ]
}{
    "Place": 0,
    "Angle": 270,
    "Objects": [
        "tv"
    ]
}
[Debug] allowed planner objects: ['doorway', 'tv']
[Debug] allowed planner objects by place: {0: ['doorway', 'tv']}
The above is a description of different places in different angles in the environment.Your can get to any place described in the json data. Your goal is to find the countertop. Based on the above json data, please choose one specific object to travel to as your target. If your goal is already in the description, please choose it as the target. You must choose an object only from this allowed list: doorway, tv. Do not output any object name that is not in the allowed list. Valid choosable objects by place are: Place 0: doorway, tv. The Objects field must contain exactly one object from the chosen place list.Note that you can travel to door or door frame to other spaces if there are no clear evidence to choose the target.  Return exactly one JSON object by referring to the following template.
            {"Place": x, "Angle": x, "Objects": ["xxxx"] }
            If your goal is already in the description, please choose it as the target. You should not output any explanation, markdown, prose, examples, or extra text before or after the JSON. Note that your should choose only one object in one angle of one place in the json data as the target.
{"Place": "tv", "Angle": 0, "Objects": ["floor"]}
[Timing] planning mode=kv elapsed=1.462s
{"Place": 0, "Angle": 0, "Objects": ["tv"]}
[Debug] planner selected: place=0, angle=0, objects=['tv']
last_key:[]
[Debug] allowed_targets_by_place[0] candidates: [('doorway', 90, 58, 1.0, 'doorway', array([14.478235 ,  1.0376704,  9.763346 ], dtype=float32)), ('doorway', 180, 57, 1.0, 'doorway', array([11.081314 ,  1.0459483,  6.5430164], dtype=float32)), ('tv', 270, 180, 0.5620273351669312, 'tv', array([9.025491 , 1.2942309, 9.712589 ], dtype=float32))]
[Debug] resolved target tuple: ('tv', 270, 180, 0.5620273351669312, 'tv', array([9.025491 , 1.2942309, 9.712589 ], dtype=float32)) from representative place 0
[Debug] resolved source place: 0 for representative place 0
0
final_goal:countertop,sub_goal:tv,place:0,trajectory: tv in Place 0.
sub_target_id:180
target:tv
final_goal:countertop
final_length:0
[Timing] pathfinder to-subgoal elapsed=0.916s found=True
[Debug] sub-goal visible on screen: label=tv ratio=0.080317 bbox=154x645
[Debug] observation rotation: angle=0 pause=0.25s
[Debug] observation rotation: angle=90 pause=0.25s
[Debug] observation rotation: angle=180 pause=0.25s
[Debug] observation rotation: angle=270 pause=0.25s
[Debug] calling detection service: position_id=big+1+1 angle=0 prompt='countertop . building . wall .'
[Debug] received detection service result: position_id=big+1+1 angle=0
[Debug] calling detection service: position_id=big+1+1 angle=90 prompt='countertop . table . doorway . floor .'
[Debug] received detection service result: position_id=big+1+1 angle=90
[Debug] calling detection service: position_id=big+1+1 angle=180 prompt='countertop . doorway . floor .'
[Debug] received detection service result: position_id=big+1+1 angle=180
[Debug] calling detection service: position_id=big+1+1 angle=270 prompt='countertop . tv . light source .'
[Debug] received detection service result: position_id=big+1+1 angle=270
[Debug] box_info_list_sum: [[{'label': 'countertop', 'box': [0, 516, 1021, 944]}], [{'label': 'table', 'box': [634, 568, 728, 645]}, {'label': 'floor', 'box': [128, 619, 1022, 1022]}, {'label': 'doorway', 'box': [376, 455, 486, 691]}], [{'label': 'doorway', 'box': [75, 392, 233, 920]}, {'label': 'floor', 'box': [0, 788, 786, 1022]}], [{'label': 'light source', 'box': [515, 639, 781, 1023]}]]
[Debug] dropped verified goal candidate: label=countertop angle=0 box=[0, 516, 1021, 944] overlaps=tv#180:1.000
[Debug] max_similar_objs_list: []
[Debug] empty_position: [2]
 {
    "Place": 0,
    "Angle": 0,
    "Objects": [
        "shadow",
        "background"
    ]
}{
    "Place": 0,
    "Angle": 90,
    "Objects": [
        "floor",
        "doorway",
        "ceiling"
    ]
}{
    "Place": 0,
    "Angle": 180,
    "Objects": [
        "doorway",
        "wall"
    ]
} {
    "Place": 1,
    "Angle": 0,
    "Objects": [
        "building",
        "wall"
    ]
}{
    "Place": 1,
    "Angle": 270,
    "Objects": [
        "tv"
    ]
}
[Debug] allowed planner objects: ['doorway']
[Debug] allowed planner objects by place: {0: ['doorway']}
[Debug] bypassing planner because only one target is allowed: {"Place": 0, "Angle": 90, "Objects": ["doorway"]}
{"Place": 0, "Angle": 90, "Objects": ["doorway"]}
[Debug] planner selected: place=0, angle=90, objects=['doorway']
last_key:['Place 0']
[Debug] allowed_targets_by_place[0] candidates: [('doorway', 90, 58, 1.0, 'doorway', array([14.478235 ,  1.0376704,  9.763346 ], dtype=float32)), ('doorway', 180, 57, 1.0, 'doorway', array([11.081314 ,  1.0459483,  6.5430164], dtype=float32))]
[Debug] resolved target tuple: ('doorway', 90, 58, 1.0, 'doorway', array([14.478235 ,  1.0376704,  9.763346 ], dtype=float32)) from representative place 0
[Debug] resolved source place: 0 for representative place 0
0
final_goal:countertop,sub_goal:doorway,place:0,trajectory: tv in Place 0.doorway in Place 0.
sub_target_id:58
target:doorway
final_goal:countertop
final_length:1.9142136573791504
[Timing] pathfinder to-subgoal elapsed=4.347s found=True
[Debug] sub-goal visible on screen: label=doorway ratio=0.039315 bbox=91x474
Agent is within 1m of the target. Stopping.
[Debug] observation rotation: angle=0 pause=0.25s
[Debug] observation rotation: angle=90 pause=0.25s
[Debug] observation rotation: angle=180 pause=0.25s
[Debug] observation rotation: angle=270 pause=0.25s
[Debug] calling detection service: position_id=big+2+2 angle=0 prompt='countertop . table . bathroom sink .'
[Debug] received detection service result: position_id=big+2+2 angle=0
[Debug] calling detection service: position_id=big+2+2 angle=90 prompt='countertop . doorway . wall .'
[Debug] received detection service result: position_id=big+2+2 angle=90
[Debug] calling detection service: position_id=big+2+2 angle=180 prompt='countertop . table . chair .'
[Debug] received detection service result: position_id=big+2+2 angle=180
[Debug] calling detection service: position_id=big+2+2 angle=270 prompt='countertop . doorway . ceiling .'
[Debug] received detection service result: position_id=big+2+2 angle=270
[Debug] box_info_list_sum: [[{'label': 'table', 'box': [359, 571, 512, 650]}, {'label': 'bathroom sink', 'box': [771, 586, 958, 875]}], [{'label': 'doorway', 'box': [177, 298, 620, 1021]}], [{'label': 'chair', 'box': [104, 618, 320, 927]}, {'label': 'table', 'box': [52, 649, 373, 871]}], [{'label': 'doorway', 'box': [24, 444, 166, 738]}, {'label': 'countertop', 'box': [1, 640, 333, 1022]}, {'label': 'ceiling', 'box': [1, 0, 1022, 327]}]]
floor
sink
chair
[Debug] dropped verified goal candidate: label=countertop angle=270 box=[1, 640, 333, 1022] overlaps=floor#97:0.858, doorway#57:0.105, floor#101:0.020, wall#196:0.010, wall#214:0.003
wall
Setting `pad_token_id` to `eos_token_id`:151645 for open-end generation.
Setting `pad_token_id` to `eos_token_id`:151645 for open-end generation.
Setting `pad_token_id` to `eos_token_id`:151645 for open-end generation.
Setting `pad_token_id` to `eos_token_id`:151645 for open-end generation.
Setting `pad_token_id` to `eos_token_id`:151645 for open-end generation.
Setting `pad_token_id` to `eos_token_id`:151645 for open-end generation.
Setting `pad_token_id` to `eos_token_id`:151645 for open-end generation.
Setting `pad_token_id` to `eos_token_id`:151645 for open-end generation.
[Debug] max_similar_objs_list: [[('floor', 0, 102, 0.6794582009315491, 'floor', array([8.1485, 0.    , 9.167 ], dtype=float32))], [('sink', 0, 164, 0.8100252747535706, 'sink', array([15.910654 ,  0.4880426, 11.919998 ], dtype=float32))], [('chair', 180, 33, 1.0, 'chair', array([15.677233  ,  0.43747374,  7.344473  ], dtype=float32))], [('wall', 270, 230, 0.6041585206985474, 'wall', array([8.1485   , 1.8875163, 5.093    ], dtype=float32))]]
[Debug] empty_position: []
 {
    "Place": 0,
    "Angle": 0,
    "Objects": [
        "shadow",
        "background"
    ]
}{
    "Place": 0,
    "Angle": 180,
    "Objects": [
        "doorway",
        "wall"
    ]
} {
    "Place": 1,
    "Angle": 0,
    "Objects": [
        "building",
        "wall"
    ]
}{
    "Place": 1,
    "Angle": 270,
    "Objects": [
        "tv"
    ]
} {
    "Place": 2,
    "Angle": 0,
    "Objects": [
        "floor",
        "sink"
    ]
}{
    "Place": 2,
    "Angle": 180,
    "Objects": [
        "chair"
    ]
}
[Debug] allowed planner objects: ['sink', 'chair']
[Debug] allowed planner objects by place: {0: [], 2: ['chair', 'sink']}
The above is a description of different places in different angles in the environment.Your can get to any place described in the json data. Your goal is to find the countertop. Based on the above json data, please choose one specific object to travel to as your target. If your goal is already in the description, please choose it as the target. You must choose an object only from this allowed list: sink, chair. Do not output any object name that is not in the allowed list. Valid choosable objects by place are: Place 2: chair, sink. The Objects field must contain exactly one object from the chosen place list.Note that you can travel to door or door frame to other spaces if there are no clear evidence to choose the target.  Return exactly one JSON object by referring to the following template.
            {"Place": x, "Angle": x, "Objects": ["xxxx"] }
            If your goal is already in the description, please choose it as the target. You should not output any explanation, markdown, prose, examples, or extra text before or after the JSON. Note that your should choose only one object in one angle of one place in the json data as the target.
{"Place": "sink", "Angle": 180, "Objects": ["chair"]}
[Timing] planning mode=kv elapsed=1.508s
{"Place": 2, "Angle": 180, "Objects": ["sink"]}
[Debug] planner selected: place=2, angle=180, objects=['sink']
last_key:['Place 0', 'Place 0']
[Debug] allowed_targets_by_place[2] candidates: [('chair', 180, 33, 1.0, 'chair', array([15.677233  ,  0.43747374,  7.344473  ], dtype=float32)), ('sink', 0, 164, 0.8100252747535706, 'sink', array([15.910654 ,  0.4880426, 11.919998 ], dtype=float32))]
[Debug] resolved target tuple: ('sink', 0, 164, 0.8100252747535706, 'sink', array([15.910654 ,  0.4880426, 11.919998 ], dtype=float32)) from representative place 2
[Debug] resolved source place: 2 for representative place 2
2
final_goal:countertop,sub_goal:sink,place:2,trajectory: tv in Place 0.doorway in Place 0.sink in Place 2.
sub_target_id:164
target:sink
final_goal:countertop
final_length:7.46751594543457
[Timing] pathfinder to-subgoal elapsed=2.833s found=True
[Debug] sub-goal visible on screen: label=sink ratio=0.027146 bbox=165x281
[Debug] observation rotation: angle=0 pause=0.25s
[Debug] observation rotation: angle=90 pause=0.25s
[Debug] observation rotation: angle=180 pause=0.25s
[Debug] observation rotation: angle=270 pause=0.25s
[Debug] calling detection service: position_id=big+3+3 angle=0 prompt='countertop . faucet . wall .'
[Debug] received detection service result: position_id=big+3+3 angle=0
[Debug] calling detection service: position_id=big+3+3 angle=90 prompt='countertop . wall .'
[Debug] received detection service result: position_id=big+3+3 angle=90
[Debug] calling detection service: position_id=big+3+3 angle=180 prompt='countertop . doorway . wall .'
[Debug] received detection service result: position_id=big+3+3 angle=180
[Debug] calling detection service: position_id=big+3+3 angle=270 prompt='countertop . doorway . toilet .'
[Debug] received detection service result: position_id=big+3+3 angle=270
[Debug] box_info_list_sum: [[{'label': 'wall', 'box': [0, 0, 1023, 1016]}, {'label': 'faucet', 'box': [791, 805, 1022, 1022]}, {'label': 'countertop', 'box': [594, 950, 1023, 1022]}], [{'label': 'wall', 'box': [0, 1, 1023, 1022]}], [], [{'label': 'toilet', 'box': [424, 573, 486, 692]}, {'label': 'doorway', 'box': [626, 243, 900, 1022]}]]
wall
faucet
[Debug] dropped verified goal candidate: label=countertop angle=0 box=[594, 950, 1023, 1022] overlaps=sink#164:0.602, faucet#92:0.280, wall#262:0.118
wall
toilet
doorway
[Debug] max_similar_objs_list: [[('wall', 0, 262, 1.0, 'wall', array([8.1485   , 1.8875163, 6.1115   ], dtype=float32))], [('faucet', 0, 92, 1.0, 'faucet', array([15.910654 ,  1.0813746, 12.024943 ], dtype=float32))], [('wall', 90, 259, 1.0, 'wall', array([8.148499 , 1.8875161, 6.1114993], dtype=float32))], [('toilet', 270, 186, 1.0, 'toilet', array([10.642204 ,  0.4727599, 10.986129 ], dtype=float32))], [('doorway', 270, 55, 1.0, 'doorway', array([13.581179 ,  1.0376704, 12.645655 ], dtype=float32))]]
[Debug] empty_position: []
 {
    "Place": 0,
    "Angle": 0,
    "Objects": [
        "shadow",
        "background"
    ]
}{
    "Place": 0,
    "Angle": 180,
    "Objects": [
        "doorway",
        "wall"
    ]
} {
    "Place": 1,
    "Angle": 0,
    "Objects": [
        "building",
        "wall"
    ]
}{
    "Place": 1,
    "Angle": 270,
    "Objects": [
        "tv"
    ]
} {
    "Place": 2,
    "Angle": 180,
    "Objects": [
        "chair"
    ]
} {
    "Place": 3,
    "Angle": 0,
    "Objects": [
        "wall",
        "faucet"
    ]
}{
    "Place": 3,
    "Angle": 90,
    "Objects": [
        "shadow",
        "wall"
    ]
}{
    "Place": 3,
    "Angle": 180,
    "Objects": [
        "doorway",
        "wall"
    ]
}{
    "Place": 3,
    "Angle": 270,
    "Objects": [
        "toilet",
        "doorway"
    ]
}
[Debug] allowed planner objects: ['doorway']
[Debug] allowed planner objects by place: {0: ['doorway'], 2: []}
[Debug] bypassing planner because only one target is allowed: {"Place": 0, "Angle": 180, "Objects": ["doorway"]}
{"Place": 0, "Angle": 180, "Objects": ["doorway"]}
[Debug] planner selected: place=0, angle=180, objects=['doorway']
last_key:['Place 0', 'Place 0', 'Place 2']
[Debug] allowed_targets_by_place[0] candidates: [('doorway', 180, 57, 1.0, 'doorway', array([11.081314 ,  1.0459483,  6.5430164], dtype=float32)), ('doorway', 270, 55, 1.0, 'doorway', array([13.581179 ,  1.0376704, 12.645655 ], dtype=float32)), ('faucet', 0, 92, 1.0, 'faucet', array([15.910654 ,  1.0813746, 12.024943 ], dtype=float32)), ('toilet', 270, 186, 1.0, 'toilet', array([10.642204 ,  0.4727599, 10.986129 ], dtype=float32))]
[Debug] resolved target tuple: ('doorway', 180, 57, 1.0, 'doorway', array([11.081314 ,  1.0459483,  6.5430164], dtype=float32)) from representative place 0
[Debug] resolved source place: 0 for representative place 0
0
final_goal:countertop,sub_goal:doorway,place:0,trajectory: tv in Place 0.doorway in Place 0.sink in Place 2.
sub_target_id:57
target:doorway
final_goal:countertop
final_length:10.192389488220215
[Timing] pathfinder to-subgoal elapsed=3.340s found=True
[Debug] sub-goal visible on screen: label=doorway ratio=0.029178 bbox=223x539
Agent is within 1m of the target. Stopping.
[Debug] observation rotation: angle=0 pause=0.25s
[Debug] observation rotation: angle=90 pause=0.25s
[Debug] observation rotation: angle=180 pause=0.25s
[Debug] observation rotation: angle=270 pause=0.25s
[Debug] calling detection service: position_id=big+4+4 angle=0 prompt='countertop . doorway . tv .'
[Debug] received detection service result: position_id=big+4+4 angle=0
[Debug] calling detection service: position_id=big+4+4 angle=90 prompt='countertop . table . doorway . ceiling .'
[Debug] received detection service result: position_id=big+4+4 angle=90
[Debug] calling detection service: position_id=big+4+4 angle=180 prompt='countertop . table . chandelier . wall art .'
Setting `pad_token_id` to `eos_token_id`:151645 for open-end generation.
Setting `pad_token_id` to `eos_token_id`:151645 for open-end generation.
Setting `pad_token_id` to `eos_token_id`:151645 for open-end generation.
Setting `pad_token_id` to `eos_token_id`:151645 for open-end generation.
[Debug] received detection service result: position_id=big+4+4 angle=180
[Debug] calling detection service: position_id=big+4+4 angle=270 prompt='countertop . shelf . tv .'
[Debug] received detection service result: position_id=big+4+4 angle=270
[Debug] box_info_list_sum: [[{'label': 'tv', 'box': [0, 455, 276, 664]}, {'label': 'doorway', 'box': [847, 418, 992, 832]}, {'label': 'countertop', 'box': [0, 742, 1023, 1022]}], [{'label': 'doorway', 'box': [79, 452, 205, 709]}, {'label': 'table', 'box': [444, 593, 551, 723]}, {'label': 'ceiling', 'box': [1, 0, 661, 291]}, {'label': 'countertop', 'box': [1, 666, 719, 1022]}], [{'label': 'chandelier', 'box': [457, 381, 525, 446]}], [{'label': 'shelf', 'box': [4, 115, 750, 1022]}, {'label': 'tv', 'box': [998, 455, 1023, 665]}]]
[Debug] dropped verified goal candidate: label=countertop angle=0 box=[0, 742, 1023, 1022] overlaps=floor#97:0.899, tv#191:0.066, doorway#58:0.025, wall#230:0.009, wall#213:0.002
[Debug] dropped verified goal candidate: label=countertop angle=90 box=[1, 666, 719, 1022] overlaps=floor#97:0.847, wall#196:0.101, doorway#58:0.020, floor#100:0.018, wall#212:0.008
wall
[Debug] max_similar_objs_list: [[('wall', 180, 229, 0.5482195019721985, 'wall', array([7.13     , 1.8875161, 0.       ], dtype=float32))]]
[Debug] empty_position: [0, 3]
 {
    "Place": 0,
    "Angle": 0,
    "Objects": [
        "shadow",
        "background"
    ]
} {
    "Place": 1,
    "Angle": 0,
    "Objects": [
        "building",
        "wall"
    ]
}{
    "Place": 1,
    "Angle": 270,
    "Objects": [
        "tv"
    ]
} {
    "Place": 2,
    "Angle": 180,
    "Objects": [
        "chair"
    ]
} {
    "Place": 3,
    "Angle": 0,
    "Objects": [
        "wall",
        "faucet"
    ]
}{
    "Place": 3,
    "Angle": 90,
    "Objects": [
        "shadow",
        "wall"
    ]
}{
    "Place": 3,
    "Angle": 180,
    "Objects": [
        "doorway",
        "wall"
    ]
}{
    "Place": 3,
    "Angle": 270,
    "Objects": [
        "toilet",
        "doorway"
    ]
} {
    "Place": 4,
    "Angle": 0,
    "Objects": [
        "doorway"
    ]
}{
    "Place": 4,
    "Angle": 180,
    "Objects": [
        "table",
        "wall",
        "ceiling",
        "wall art"
    ]
}{
    "Place": 4,
    "Angle": 270,
    "Objects": [
        "tv"
    ]
}
[Debug] resolver candidates place=0: exact=0 relaxed_or_synthesized=1
[Debug] allowed planner objects: ['doorway']
[Debug] allowed planner objects by place: {0: ['doorway'], 2: []}
[Debug] bypassing planner because only one target is allowed: {"Place": 0, "Angle": 90, "Objects": ["doorway"]}
{"Place": 0, "Angle": 90, "Objects": ["doorway"]}
[Debug] planner selected: place=0, angle=90, objects=['doorway']
last_key:['Place 0', 'Place 0', 'Place 2', 'Place 0']
[Debug] allowed_targets_by_place[0] candidates: [('faucet', 0, 92, 1.0, 'faucet', array([15.910654 ,  1.0813746, 12.024943 ], dtype=float32)), ('toilet', 270, 186, 1.0, 'toilet', array([10.642204 ,  0.4727599, 10.986129 ], dtype=float32)), ('diningtable', 180, 49, 0.5, 'diningtable', array([12.137417  ,  0.39104015,  3.502878  ], dtype=float32)), ('doorframe', 0, 54, 0.5, 'doorframe', array([8.149    , 1.0496987, 2.7603579], dtype=float32)), ('doorway', 90, 55, 0.5, 'doorway', array([13.581179 ,  1.0376704, 12.645655 ], dtype=float32))]
[Debug] resolved target tuple: ('doorway', 90, 55, 0.5, 'doorway', array([13.581179 ,  1.0376704, 12.645655 ], dtype=float32)) from representative place 0
[Debug] resolved source place: 0 for representative place 0
0
final_goal:countertop,sub_goal:doorway,place:0,trajectory: tv in Place 0.doorway in Place 0.sink in Place 2.
sub_target_id:55
target:doorway
final_goal:countertop
final_length:13.606603622436523
[Timing] pathfinder to-subgoal elapsed=9.840s found=True
[Debug] sub-goal visible on screen: label=doorway ratio=0.017488 bbox=77x347
Agent is within 1m of the target. Stopping.
[Debug] observation rotation: angle=0 pause=0.25s
[Debug] observation rotation: angle=90 pause=0.25s
[Debug] observation rotation: angle=180 pause=0.25s
[Debug] observation rotation: angle=270 pause=0.25s
[Debug] calling detection service: position_id=big+5+5 angle=0 prompt='countertop . desk . bed . chair .'
[Debug] received detection service result: position_id=big+5+5 angle=0
[Debug] calling detection service: position_id=big+5+5 angle=90 prompt='countertop . doorway . wall .'
[Debug] received detection service result: position_id=big+5+5 angle=90
[Debug] calling detection service: position_id=big+5+5 angle=180 prompt='countertop . table . doorway . wall .'
[Debug] received detection service result: position_id=big+5+5 angle=180
[Debug] calling detection service: position_id=big+5+5 angle=270 prompt='countertop . toilet . bed .'
[Debug] received detection service result: position_id=big+5+5 angle=270
[Debug] box_info_list_sum: [[{'label': 'bed', 'box': [0, 610, 257, 910]}, {'label': 'chair', 'box': [399, 653, 481, 823]}, {'label': 'desk', 'box': [290, 623, 599, 792]}], [{'label': 'doorway', 'box': [140, 301, 628, 1009]}, {'label': 'countertop', 'box': [740, 825, 1022, 1022]}], [{'label': 'table', 'box': [266, 579, 401, 666]}, {'label': 'doorway', 'box': [127, 396, 566, 869]}, {'label': 'wall', 'box': [1, 21, 1023, 866]}], [{'label': 'toilet', 'box': [185, 602, 324, 810]}, {'label': 'bed', 'box': [822, 641, 1023, 991]}]]
bed
chair
[Debug] dropped verified goal candidate: label=countertop angle=90 box=[740, 825, 1022, 1022] overlaps=floor#100:0.968, wall#259:0.017, wall#260:0.015
floor
wall
[Debug] max_similar_objs_list: [[('bed', 0, 5, 1.0, 'bed', array([11.041425  ,  0.41503024, 15.152356  ], dtype=float32))], [('chair', 0, 32, 1.0, 'chair', array([13.373507 ,  0.4374691, 15.2606   ], dtype=float32))], [('floor', 90, 100, 0.6161034107208252, 'floor', array([8.1485, 0.    , 6.1115], dtype=float32))], [('wall', 180, 260, 1.0, 'wall', array([8.1485   , 1.8875163, 5.093    ], dtype=float32))]]
[Debug] empty_position: [3]
 {
    "Place": 0,
    "Angle": 0,
    "Objects": [
        "shadow",
        "background"
    ]
} {
    "Place": 1,
    "Angle": 0,
    "Objects": [
        "building",
        "wall"
    ]
}{
    "Place": 1,
    "Angle": 270,
    "Objects": [
        "tv"
    ]
} {
    "Place": 2,
    "Angle": 180,
    "Objects": [
        "chair"
    ]
} {
    "Place": 3,
    "Angle": 0,
    "Objects": [
        "wall",
        "faucet"
    ]
}{
    "Place": 3,
    "Angle": 90,
    "Objects": [
        "shadow",
        "wall"
    ]
}{
    "Place": 3,
    "Angle": 180,
    "Objects": [
        "doorway",
        "wall"
    ]
}{
    "Place": 3,
    "Angle": 270,
    "Objects": [
        "toilet",
        "doorway"
    ]
} {
    "Place": 4,
    "Angle": 0,
    "Objects": [
        "doorway"
    ]
}{
    "Place": 4,
    "Angle": 180,
    "Objects": [
        "table",
        "wall",
        "ceiling",
        "wall art"
    ]
}{
    "Place": 4,
    "Angle": 270,
    "Objects": [
        "tv"
    ]
} {
    "Place": 5,
    "Angle": 0,
    "Objects": [
        "chair",
        "bed"
    ]
}{
    "Place": 5,
    "Angle": 270,
    "Objects": [
        "bed"
    ]
}
[Debug] resolver candidates place=0: exact=0 relaxed_or_synthesized=1
[Debug] allowed planner objects: ['doorway']
[Debug] allowed planner objects by place: {0: ['doorway'], 2: []}
[Debug] bypassing planner because only one target is allowed: {"Place": 0, "Angle": 90, "Objects": ["doorway"]}
{"Place": 0, "Angle": 90, "Objects": ["doorway"]}
[Debug] planner selected: place=0, angle=90, objects=['doorway']
last_key:['Place 0', 'Place 0', 'Place 2', 'Place 0', 'Place 0']
Setting `pad_token_id` to `eos_token_id`:151645 for open-end generation.
Setting `pad_token_id` to `eos_token_id`:151645 for open-end generation.
Setting `pad_token_id` to `eos_token_id`:151645 for open-end generation.
Setting `pad_token_id` to `eos_token_id`:151645 for open-end generation.
[Debug] allowed_targets_by_place[0] candidates: [('faucet', 0, 92, 1.0, 'faucet', array([15.910654 ,  1.0813746, 12.024943 ], dtype=float32)), ('toilet', 270, 186, 1.0, 'toilet', array([10.642204 ,  0.4727599, 10.986129 ], dtype=float32)), ('bed', 0, 5, 1.0, 'bed', array([11.041425  ,  0.41503024, 15.152356  ], dtype=float32)), ('chair', 0, 32, 1.0, 'chair', array([13.373507 ,  0.4374691, 15.2606   ], dtype=float32)), ('diningtable', 180, 49, 0.5, 'diningtable', array([12.137417  ,  0.39104015,  3.502878  ], dtype=float32)), ('doorframe', 0, 54, 0.5, 'doorframe', array([8.149    , 1.0496987, 2.7603579], dtype=float32)), ('doorway', 90, 56, 0.5, 'doorway', array([ 7.689198 ,  1.0524565, 14.683722 ], dtype=float32))]
[Debug] resolved target tuple: ('doorway', 90, 56, 0.5, 'doorway', array([ 7.689198 ,  1.0524565, 14.683722 ], dtype=float32)) from representative place 0
[Debug] resolved source place: 0 for representative place 0
0
final_goal:countertop,sub_goal:doorway,place:0,trajectory: tv in Place 0.doorway in Place 0.sink in Place 2.
sub_target_id:56
target:doorway
final_goal:countertop
final_length:22.15990447998047
[Timing] pathfinder to-subgoal elapsed=30.783s found=True
[Debug] sub-goal visible on screen: label=doorway ratio=0.036721 bbox=150x296
Agent is within 1m of the target. Stopping.
[Debug] observation rotation: angle=0 pause=0.25s
[Debug] observation rotation: angle=90 pause=0.25s
[Debug] observation rotation: angle=180 pause=0.25s
[Debug] observation rotation: angle=270 pause=0.25s
[Debug] calling detection service: position_id=big+6+6 angle=0 prompt='countertop . doorway . bed . ceiling .'
[Debug] received detection service result: position_id=big+6+6 angle=0
[Debug] calling detection service: position_id=big+6+6 angle=90 prompt='countertop . doorway . dresser .'
[Debug] received detection service result: position_id=big+6+6 angle=90
[Debug] calling detection service: position_id=big+6+6 angle=180 prompt='countertop . sink . toilet . trash bin .'
[Debug] received detection service result: position_id=big+6+6 angle=180
[Debug] calling detection service: position_id=big+6+6 angle=270 prompt='countertop . doorway . picture . wall .'
[Debug] received detection service result: position_id=big+6+6 angle=270
[Debug] box_info_list_sum: [[{'label': 'ceiling', 'box': [72, 0, 1022, 303]}, {'label': 'bed', 'box': [587, 597, 837, 746]}, {'label': 'doorway', 'box': [122, 397, 321, 831]}, {'label': 'countertop', 'box': [0, 659, 1023, 1022]}], [{'label': 'dresser', 'box': [214, 652, 361, 1022]}], [{'label': 'toilet', 'box': [653, 579, 741, 715]}, {'label': 'trash bin', 'box': [469, 620, 514, 690]}, {'label': 'sink', 'box': [261, 575, 363, 604]}], [{'label': 'picture', 'box': [26, 485, 177, 672]}, {'label': 'doorway', 'box': [193, 316, 589, 1021]}, {'label': 'countertop', 'box': [1, 934, 1022, 1022]}]]
wall
bed
doorway
[Debug] dropped verified goal candidate: label=countertop angle=0 box=[0, 659, 1023, 1022] overlaps=floor#94:0.745, doorway#61:0.096, wall#197:0.077, wall#200:0.045, bed#6:0.033
floor
dresser
toilet
garbagecan
sink
painting
doorway
[Debug] dropped verified goal candidate: label=countertop angle=270 box=[1, 934, 1022, 1022] overlaps=floor#94:0.403, doorway#56:0.403, floor#99:0.161, wall#197:0.024, wall#205:0.010
[Debug] max_similar_objs_list: [[('wall', 0, 197, 0.6041585206985474, 'wall', array([ 3.0555  ,  1.887516, 10.185496], dtype=float32))], [('bed', 0, 6, 1.0, 'bed', array([ 9.475124  ,  0.32426804, 19.408611  ], dtype=float32))], [('doorway', 0, 61, 1.0, 'doorway', array([ 6.5384936,  1.0651139, 18.499092 ], dtype=float32))], [('floor', 0, 94, 0.6161034107208252, 'floor', array([ 6.1115,  0.    , 10.1855], dtype=float32))], [('dresser', 90, 88, 1.0, 'dresser', array([ 9.86397   ,  0.48488423, 15.091507  ], dtype=float32))], [('toilet', 180, 184, 1.0, 'toilet', array([ 6.405853 ,  0.4727595, 10.642204 ], dtype=float32))], [('garbagecan', 180, 110, 0.6123936772346497, 'garbagecan', array([ 8.18155   ,  0.27943265, 10.361162  ], dtype=float32))], [('sink', 180, 165, 1.0, 'sink', array([ 9.743542  ,  0.49279928, 10.532171  ], dtype=float32))], [('painting', 270, 128, 0.7150622606277466, 'painting', array([ 6.12811  ,  1.3315666, 13.685144 ], dtype=float32))], [('doorway', 270, 56, 1.0, 'doorway', array([ 7.689198 ,  1.0524565, 14.683722 ], dtype=float32))]]
[Debug] empty_position: []
 {
    "Place": 0,
    "Angle": 0,
    "Objects": [
        "shadow",
        "background"
    ]
} {
    "Place": 1,
    "Angle": 0,
    "Objects": [
        "building",
        "wall"
    ]
}{
    "Place": 1,
    "Angle": 270,
    "Objects": [
        "tv"
    ]
} {
    "Place": 2,
    "Angle": 180,
    "Objects": [
        "chair"
    ]
} {
    "Place": 3,
    "Angle": 0,
    "Objects": [
        "wall",
        "faucet"
    ]
}{
    "Place": 3,
    "Angle": 90,
    "Objects": [
        "shadow",
        "wall"
    ]
}{
    "Place": 3,
    "Angle": 180,
    "Objects": [
        "doorway",
        "wall"
    ]
}{
    "Place": 3,
    "Angle": 270,
    "Objects": [
        "toilet",
        "doorway"
    ]
} {
    "Place": 4,
    "Angle": 0,
    "Objects": [
        "doorway"
    ]
}{
    "Place": 4,
    "Angle": 180,
    "Objects": [
        "table",
        "wall",
        "ceiling",
        "wall art"
    ]
}{
    "Place": 4,
    "Angle": 270,
    "Objects": [
        "tv"
    ]
} {
    "Place": 5,
    "Angle": 0,
    "Objects": [
        "chair",
        "bed"
    ]
}{
    "Place": 5,
    "Angle": 270,
    "Objects": [
        "bed"
    ]
} {
    "Place": 6,
    "Angle": 0,
    "Objects": [
        "doorway",
        "wall",
        "wall",
        "bed"
    ]
}{
    "Place": 6,
    "Angle": 90,
    "Objects": [
        "doorway",
        "dresser"
    ]
}{
    "Place": 6,
    "Angle": 180,
    "Objects": [
        "sink",
        "toilet",
        "garbagecan"
    ]
}{
    "Place": 6,
    "Angle": 270,
    "Objects": [
        "doorway",
        "wall",
        "painting"
    ]
}
[Debug] resolver candidates place=0: exact=0 relaxed_or_synthesized=1
[Debug] allowed planner objects: ['doorway', 'sink', 'dresser', 'toilet', 'bed', 'painting', 'garbagecan']
[Debug] allowed planner objects by place: {0: [], 2: [], 6: ['doorway', 'sink', 'dresser', 'toilet', 'bed', 'painting', 'garbagecan']}
The above is a description of different places in different angles in the environment.Your can get to any place described in the json data. Your goal is to find the countertop. Based on the above json data, please choose one specific object to travel to as your target. If your goal is already in the description, please choose it as the target. You must choose an object only from this allowed list: doorway, sink, dresser, toilet, bed, painting, garbagecan. Do not output any object name that is not in the allowed list. Valid choosable objects by place are: Place 6: doorway, sink, dresser, toilet, bed, painting, garbagecan. The Objects field must contain exactly one object from the chosen place list.Note that you can travel to door or door frame to other spaces if there are no clear evidence to choose the target.  Return exactly one JSON object by referring to the following template.
            {"Place": x, "Angle": x, "Objects": ["xxxx"] }
            If your goal is already in the description, please choose it as the target. You should not output any explanation, markdown, prose, examples, or extra text before or after the JSON. Note that your should choose only one object in one angle of one place in the json data as the target.
{"Place": 6, "Angle": 90, "Objects": ["sink"]}
[Timing] planning mode=kv elapsed=1.491s
{"Place": 6, "Angle": 90, "Objects": ["sink"]}
[Debug] planner selected: place=6, angle=90, objects=['sink']
last_key:['Place 0', 'Place 0', 'Place 2', 'Place 0', 'Place 0', 'Place 0']
Setting `pad_token_id` to `eos_token_id`:151645 for open-end generation.
Setting `pad_token_id` to `eos_token_id`:151645 for open-end generation.
Setting `pad_token_id` to `eos_token_id`:151645 for open-end generation.
Setting `pad_token_id` to `eos_token_id`:151645 for open-end generation.
Setting `pad_token_id` to `eos_token_id`:151645 for open-end generation.
Setting `pad_token_id` to `eos_token_id`:151645 for open-end generation.
Setting `pad_token_id` to `eos_token_id`:151645 for open-end generation.
Setting `pad_token_id` to `eos_token_id`:151645 for open-end generation.
[Debug] allowed_targets_by_place[6] candidates: [('doorway', 0, 61, 1.0, 'doorway', array([ 6.5384936,  1.0651139, 18.499092 ], dtype=float32)), ('sink', 180, 165, 1.0, 'sink', array([ 9.743542  ,  0.49279928, 10.532171  ], dtype=float32)), ('dresser', 90, 88, 1.0, 'dresser', array([ 9.86397   ,  0.48488423, 15.091507  ], dtype=float32)), ('toilet', 180, 184, 1.0, 'toilet', array([ 6.405853 ,  0.4727595, 10.642204 ], dtype=float32)), ('bed', 0, 6, 1.0, 'bed', array([ 9.475124  ,  0.32426804, 19.408611  ], dtype=float32)), ('painting', 270, 128, 0.7150622606277466, 'painting', array([ 6.12811  ,  1.3315666, 13.685144 ], dtype=float32)), ('garbagecan', 180, 110, 0.6123936772346497, 'garbagecan', array([ 8.18155   ,  0.27943265, 10.361162  ], dtype=float32))]
[Debug] resolved target tuple: ('sink', 180, 165, 1.0, 'sink', array([ 9.743542  ,  0.49279928, 10.532171  ], dtype=float32)) from representative place 6
[Debug] resolved source place: 6 for representative place 6
6
final_goal:countertop,sub_goal:sink,place:6,trajectory: tv in Place 0.doorway in Place 0.sink in Place 2.
sub_target_id:165
target:sink
final_goal:countertop
final_length:41.998741149902344
[Timing] pathfinder to-subgoal elapsed=5.642s found=True
[Debug] sub-goal visible on screen: label=sink ratio=0.005985 bbox=113x135
[Debug] observation rotation: angle=0 pause=0.25s
[Debug] observation rotation: angle=90 pause=0.25s
[Debug] observation rotation: angle=180 pause=0.25s
[Debug] observation rotation: angle=270 pause=0.25s
[Debug] calling detection service: position_id=big+7+7 angle=0 prompt='countertop . doorway . floor . ceiling .'
[Debug] received detection service result: position_id=big+7+7 angle=0
[Debug] calling detection service: position_id=big+7+7 angle=90 prompt='countertop . faucet . wall .'
[Debug] received detection service result: position_id=big+7+7 angle=90
[Debug] calling detection service: position_id=big+7+7 angle=180 prompt='countertop . faucet . wall .'
[Debug] received detection service result: position_id=big+7+7 angle=180
[Debug] calling detection service: position_id=big+7+7 angle=270 prompt='countertop . toilet . broom .'
[Debug] received detection service result: position_id=big+7+7 angle=270
[Debug] box_info_list_sum: [[{'label': 'ceiling', 'box': [1, 0, 730, 169]}, {'label': 'doorway', 'box': [104, 427, 423, 765]}, {'label': 'floor', 'box': [1, 756, 814, 1022]}], [{'label': 'wall', 'box': [1, 1, 1022, 1021]}, {'label': 'countertop', 'box': [645, 843, 1022, 1023]}], [{'label': 'wall', 'box': [1, 1, 1022, 1021]}, {'label': 'countertop', 'box': [0, 892, 433, 1022]}, {'label': 'faucet', 'box': [2, 723, 204, 947]}], [{'label': 'toilet', 'box': [368, 615, 538, 815]}, {'label': 'broom', 'box': [627, 686, 652, 783]}]]
floor
wall
[Debug] dropped verified goal candidate: label=countertop angle=90 box=[645, 843, 1022, 1023] overlaps=sink#165:0.568, sinkbasin#167:0.286, wall#208:0.100, wall#209:0.047
wall
[Debug] dropped verified goal candidate: label=countertop angle=180 box=[0, 892, 433, 1022] overlaps=sink#165:0.758, faucet#91:0.155, wall#209:0.087
faucet
wall
[Debug] max_similar_objs_list: [[('floor', 0, 99, 1.0, 'floor', array([5.0930004, 0.       , 7.13     ], dtype=float32))], [('wall', 90, 208, 1.0, 'wall', array([5.092999 , 1.8875161, 6.1114993], dtype=float32))], [('wall', 180, 209, 1.0, 'wall', array([5.093    , 1.8875161, 5.093    ], dtype=float32))], [('faucet', 180, 91, 1.0, 'faucet', array([ 9.743542 ,  1.1324992, 10.346899 ], dtype=float32))], [('wall', 270, 203, 0.5597692131996155, 'wall', array([3.0554993, 1.8875161, 6.1114993], dtype=float32))]]
[Debug] empty_position: []
 {
    "Place": 0,
    "Angle": 0,
    "Objects": [
        "shadow",
        "background"
    ]
} {
    "Place": 1,
    "Angle": 0,
    "Objects": [
        "building",
        "wall"
    ]
}{
    "Place": 1,
    "Angle": 270,
    "Objects": [
        "tv"
    ]
} {
    "Place": 2,
    "Angle": 180,
    "Objects": [
        "chair"
    ]
} {
    "Place": 3,
    "Angle": 0,
    "Objects": [
        "wall",
        "faucet"
    ]
}{
    "Place": 3,
    "Angle": 90,
    "Objects": [
        "shadow",
        "wall"
    ]
}{
    "Place": 3,
    "Angle": 180,
    "Objects": [
        "doorway",
        "wall"
    ]
}{
    "Place": 3,
    "Angle": 270,
    "Objects": [
        "toilet",
        "doorway"
    ]
} {
    "Place": 4,
    "Angle": 0,
    "Objects": [
        "doorway"
    ]
}{
    "Place": 4,
    "Angle": 180,
    "Objects": [
        "table",
        "wall",
        "ceiling",
        "wall art"
    ]
}{
    "Place": 4,
    "Angle": 270,
    "Objects": [
        "tv"
    ]
} {
    "Place": 5,
    "Angle": 0,
    "Objects": [
        "chair",
        "bed"
    ]
}{
    "Place": 5,
    "Angle": 270,
    "Objects": [
        "bed"
    ]
} {
    "Place": 6,
    "Angle": 0,
    "Objects": [
        "doorway",
        "wall",
        "wall",
        "bed"
    ]
}{
    "Place": 6,
    "Angle": 90,
    "Objects": [
        "doorway",
        "dresser"
    ]
}{
    "Place": 6,
    "Angle": 270,
    "Objects": [
        "doorway",
        "wall",
        "painting"
    ]
} {
    "Place": 7,
    "Angle": 90,
    "Objects": [
        "wall",
        "faucet"
    ]
}{
    "Place": 7,
    "Angle": 180,
    "Objects": [
        "wall",
        "faucet"
    ]
}
[Debug] resolver candidates place=0: exact=0 relaxed_or_synthesized=1
[Debug] resolver candidates place=6: exact=4 relaxed_or_synthesized=2
[Debug] allowed planner objects: ['doorway']
[Debug] allowed planner objects by place: {0: [], 2: [], 6: ['doorway']}
[Debug] bypassing planner because only one target is allowed: {"Place": 6, "Angle": 0, "Objects": ["doorway"]}
{"Place": 6, "Angle": 0, "Objects": ["doorway"]}
[Debug] planner selected: place=6, angle=0, objects=['doorway']
last_key:['Place 0', 'Place 0', 'Place 2', 'Place 0', 'Place 0', 'Place 0', 'Place 6']
[Debug] allowed_targets_by_place[6] candidates: [('doorway', 0, 61, 1.0, 'doorway', array([ 6.5384936,  1.0651139, 18.499092 ], dtype=float32)), ('dresser', 90, 88, 1.0, 'dresser', array([ 9.86397   ,  0.48488423, 15.091507  ], dtype=float32)), ('bed', 0, 6, 1.0, 'bed', array([ 9.475124  ,  0.32426804, 19.408611  ], dtype=float32)), ('painting', 270, 128, 0.7150622606277466, 'painting', array([ 6.12811  ,  1.3315666, 13.685144 ], dtype=float32)), ('toilet', 180, 184, 1.0, 'toilet', array([ 6.405853 ,  0.4727595, 10.642204 ], dtype=float32)), ('garbagecan', 180, 110, 0.6123936772346497, 'garbagecan', array([ 8.18155   ,  0.27943265, 10.361162  ], dtype=float32))]
[Debug] resolved target tuple: ('doorway', 0, 61, 1.0, 'doorway', array([ 6.5384936,  1.0651139, 18.499092 ], dtype=float32)) from representative place 6
[Debug] resolved source place: 6 for representative place 6
6
final_goal:countertop,sub_goal:doorway,place:6,trajectory: tv in Place 0.doorway in Place 0.sink in Place 2.
sub_target_id:61
target:doorway
final_goal:countertop
final_length:46.516510009765625
[Timing] pathfinder to-subgoal elapsed=5.284s found=True
[Debug] sub-goal visible on screen: label=doorway ratio=0.065786 bbox=303x415
Agent is within 1m of the target. Stopping.
[Debug] observation rotation: angle=0 pause=0.25s
[Debug] observation rotation: angle=90 pause=0.25s
[Debug] observation rotation: angle=180 pause=0.25s
[Debug] observation rotation: angle=270 pause=0.25s
[Debug] calling detection service: position_id=big+8+8 angle=0 prompt='countertop . doorway . picture .'
[Debug] received detection service result: position_id=big+8+8 angle=0
[Debug] calling detection service: position_id=big+8+8 angle=90 prompt='countertop . dining table . clock . window .'
[Debug] received detection service result: position_id=big+8+8 angle=90
[Debug] calling detection service: position_id=big+8+8 angle=180 prompt='countertop . cabinet . doorway .'
[Debug] received detection service result: position_id=big+8+8 angle=180
[Debug] calling detection service: position_id=big+8+8 angle=270 prompt='countertop . desk . window . chair .'
[Debug] received detection service result: position_id=big+8+8 angle=270
Setting `pad_token_id` to `eos_token_id`:151645 for open-end generation.
Setting `pad_token_id` to `eos_token_id`:151645 for open-end generation.
Setting `pad_token_id` to `eos_token_id`:151645 for open-end generation.
Setting `pad_token_id` to `eos_token_id`:151645 for open-end generation.
[Debug] box_info_list_sum: [[{'label': 'picture', 'box': [0, 413, 173, 559]}, {'label': 'doorway', 'box': [0, 53, 257, 1020]}], [{'label': 'window', 'box': [625, 492, 658, 539]}], [{'label': 'doorway', 'box': [197, 434, 280, 774]}], [{'label': 'window', 'box': [179, 472, 321, 563]}, {'label': 'desk', 'box': [112, 593, 318, 774]}, {'label': 'chair', 'box': [35, 564, 306, 817]}]]
painting
window
floor
chair
[Debug] max_similar_objs_list: [[('painting', 0, 127, 0.7150622606277466, 'painting', array([ 4.9600744,  1.6785755, 20.35013  ], dtype=float32))], [('window', 270, 275, 1.0, 'window', array([-1.1920929e-07,  1.5000000e+00,  1.4879460e+01], dtype=float32))], [('floor', 270, 98, 0.6499540209770203, 'floor', array([ 3.3610501,  0.       , 10.185501 ], dtype=float32))], [('chair', 270, 28, 1.0, 'chair', array([ 3.9260478 ,  0.51412696, 15.928244  ], dtype=float32))]]
[Debug] empty_position: []
 {
    "Place": 0,
    "Angle": 0,
    "Objects": [
        "shadow",
        "background"
    ]
} {
    "Place": 1,
    "Angle": 0,
    "Objects": [
        "building",
        "wall"
    ]
}{
    "Place": 1,
    "Angle": 270,
    "Objects": [
        "tv"
    ]
} {
    "Place": 2,
    "Angle": 180,
    "Objects": [
        "chair"
    ]
} {
    "Place": 3,
    "Angle": 0,
    "Objects": [
        "wall",
        "faucet"
    ]
}{
    "Place": 3,
    "Angle": 90,
    "Objects": [
        "shadow",
        "wall"
    ]
}{
    "Place": 3,
    "Angle": 180,
    "Objects": [
        "doorway",
        "wall"
    ]
}{
    "Place": 3,
    "Angle": 270,
    "Objects": [
        "toilet",
        "doorway"
    ]
} {
    "Place": 4,
    "Angle": 0,
    "Objects": [
        "doorway"
    ]
}{
    "Place": 4,
    "Angle": 180,
    "Objects": [
        "table",
        "wall",
        "ceiling",
        "wall art"
    ]
}{
    "Place": 4,
    "Angle": 270,
    "Objects": [
        "tv"
    ]
} {
    "Place": 5,
    "Angle": 0,
    "Objects": [
        "chair",
        "bed"
    ]
}{
    "Place": 5,
    "Angle": 270,
    "Objects": [
        "bed"
    ]
} {
    "Place": 6,
    "Angle": 90,
    "Objects": [
        "doorway",
        "dresser"
    ]
}{
    "Place": 6,
    "Angle": 270,
    "Objects": [
        "doorway",
        "wall",
        "painting"
    ]
} {
    "Place": 7,
    "Angle": 90,
    "Objects": [
        "wall",
        "faucet"
    ]
}{
    "Place": 7,
    "Angle": 180,
    "Objects": [
        "wall",
        "faucet"
    ]
} {
    "Place": 8,
    "Angle": 0,
    "Objects": [
        "painting"
    ]
}{
    "Place": 8,
    "Angle": 90,
    "Objects": [
        "clock",
        "dining table",
        "window",
        "bed"
    ]
}{
    "Place": 8,
    "Angle": 180,
    "Objects": [
        "cabinet"
    ]
}{
    "Place": 8,
    "Angle": 270,
    "Objects": [
        "floor",
        "window",
        "ceiling",
        "chair"
    ]
}
[Debug] resolver candidates place=0: exact=0 relaxed_or_synthesized=1
[Debug] resolver candidates place=6: exact=2 relaxed_or_synthesized=3
[Debug] allowed planner objects: ['window', 'painting', 'chair']
[Debug] allowed planner objects by place: {0: [], 2: [], 6: [], 8: ['window', 'chair', 'painting']}
The above is a description of different places in different angles in the environment.Your can get to any place described in the json data. Your goal is to find the countertop. Based on the above json data, please choose one specific object to travel to as your target. If your goal is already in the description, please choose it as the target. You must choose an object only from this allowed list: window, painting, chair. Do not output any object name that is not in the allowed list. Valid choosable objects by place are: Place 8: window, chair, painting. The Objects field must contain exactly one object from the chosen place list.Note that you can travel to door or door frame to other spaces if there are no clear evidence to choose the target.  Return exactly one JSON object by referring to the following template.
            {"Place": x, "Angle": x, "Objects": ["xxxx"] }
            If your goal is already in the description, please choose it as the target. You should not output any explanation, markdown, prose, examples, or extra text before or after the JSON. Note that your should choose only one object in one angle of one place in the json data as the target.
{"Place": "chair", "Angle": 90, "Objects": ["chair"]}
[Timing] planning mode=kv elapsed=1.529s
{"Place": 8, "Angle": 90, "Objects": ["chair"]}
[Debug] planner selected: place=8, angle=90, objects=['chair']
last_key:['Place 0', 'Place 0', 'Place 2', 'Place 0', 'Place 0', 'Place 0', 'Place 6', 'Place 6']
[Debug] allowed_targets_by_place[8] candidates: [('window', 270, 275, 1.0, 'window', array([-1.1920929e-07,  1.5000000e+00,  1.4879460e+01], dtype=float32)), ('chair', 270, 28, 1.0, 'chair', array([ 3.9260478 ,  0.51412696, 15.928244  ], dtype=float32)), ('painting', 0, 127, 0.7150622606277466, 'painting', array([ 4.9600744,  1.6785755, 20.35013  ], dtype=float32))]
[Debug] resolved target tuple: ('chair', 270, 28, 1.0, 'chair', array([ 3.9260478 ,  0.51412696, 15.928244  ], dtype=float32)) from representative place 8
[Debug] resolved source place: 8 for representative place 8
8
final_goal:countertop,sub_goal:chair,place:8,trajectory: tv in Place 0.doorway in Place 0.sink in Place 2.chair in Place 8.
sub_target_id:28
target:chair
final_goal:countertop
final_length:51.11270523071289
[Timing] pathfinder to-subgoal elapsed=5.371s found=True
[Debug] sub-goal visible on screen: label=chair ratio=0.006317 bbox=82x174
[Debug] observation rotation: angle=0 pause=0.25s
[Debug] observation rotation: angle=90 pause=0.25s
[Debug] observation rotation: angle=180 pause=0.25s
[Debug] observation rotation: angle=270 pause=0.25s
[Debug] calling detection service: position_id=big+9+9 angle=0 prompt='countertop . doorway . plant . window .'
[Debug] received detection service result: position_id=big+9+9 angle=0
[Debug] calling detection service: position_id=big+9+9 angle=90 prompt='countertop . tv . wall .'
[Debug] received detection service result: position_id=big+9+9 angle=90
[Debug] calling detection service: position_id=big+9+9 angle=180 prompt='countertop . doorway . dresser .'
[Debug] received detection service result: position_id=big+9+9 angle=180
[Debug] calling detection service: position_id=big+9+9 angle=270 prompt='countertop . table . plant . chair .'
[Debug] received detection service result: position_id=big+9+9 angle=270
[Debug] box_info_list_sum: [[{'label': 'window', 'box': [0, 441, 139, 610]}, {'label': 'doorway', 'box': [772, 374, 1020, 893]}, {'label': 'plant', 'box': [1, 762, 222, 1022]}], [{'label': 'wall', 'box': [1, 0, 1022, 896]}, {'label': 'tv', 'box': [414, 435, 756, 610]}, {'label': 'countertop', 'box': [1, 892, 1021, 1022]}], [{'label': 'dresser', 'box': [0, 603, 279, 1005]}], [{'label': 'chair', 'box': [150, 625, 645, 1023]}, {'label': 'plant', 'box': [726, 693, 1023, 1023]}]]
window
plant
wall
tv
[Debug] dropped verified goal candidate: label=countertop angle=90 box=[1, 892, 1021, 1022] overlaps=floor#98:0.937, dresser#87:0.047, wall#270:0.012, doorway#61:0.002, wall#269:0.002
dresser
chair
[Debug] max_similar_objs_list: [[('window', 0, 276, 1.0, 'window', array([ 1.4573781,  1.4992814, 18.334    ], dtype=float32))], [('plant', 0, 114, 1.0, 'plant', array([ 3.4943209,  1.0427878, 15.987494 ], dtype=float32))], [('wall', 90, 270, 1.0, 'wall', array([ 3.055499,  1.887516, 10.185498], dtype=float32))], [('tv', 90, 178, 1.0, 'tv', array([ 6.0216255,  1.5372636, 15.218543 ], dtype=float32))], [('dresser', 180, 87, 1.0, 'dresser', array([ 5.78897   ,  0.48488423, 13.054507  ], dtype=float32))], [('chair', 270, 39, 1.0, 'chair', array([ 3.227283 ,  0.5141269, 15.343012 ], dtype=float32))]]
[Debug] empty_position: []
Setting `pad_token_id` to `eos_token_id`:151645 for open-end generation.
Setting `pad_token_id` to `eos_token_id`:151645 for open-end generation.
Setting `pad_token_id` to `eos_token_id`:151645 for open-end generation.
Setting `pad_token_id` to `eos_token_id`:151645 for open-end generation.
 {
    "Place": 0,
    "Angle": 0,
    "Objects": [
        "shadow",
        "background"
    ]
} {
    "Place": 1,
    "Angle": 0,
    "Objects": [
        "building",
        "wall"
    ]
}{
    "Place": 1,
    "Angle": 270,
    "Objects": [
        "tv"
    ]
} {
    "Place": 2,
    "Angle": 180,
    "Objects": [
        "chair"
    ]
} {
    "Place": 3,
    "Angle": 0,
    "Objects": [
        "wall",
        "faucet"
    ]
}{
    "Place": 3,
    "Angle": 90,
    "Objects": [
        "shadow",
        "wall"
    ]
}{
    "Place": 3,
    "Angle": 180,
    "Objects": [
        "doorway",
        "wall"
    ]
}{
    "Place": 3,
    "Angle": 270,
    "Objects": [
        "toilet",
        "doorway"
    ]
} {
    "Place": 4,
    "Angle": 0,
    "Objects": [
        "doorway"
    ]
}{
    "Place": 4,
    "Angle": 180,
    "Objects": [
        "table",
        "wall",
        "ceiling",
        "wall art"
    ]
}{
    "Place": 4,
    "Angle": 270,
    "Objects": [
        "tv"
    ]
} {
    "Place": 5,
    "Angle": 0,
    "Objects": [
        "chair",
        "bed"
    ]
}{
    "Place": 5,
    "Angle": 270,
    "Objects": [
        "bed"
    ]
} {
    "Place": 6,
    "Angle": 90,
    "Objects": [
        "doorway",
        "dresser"
    ]
}{
    "Place": 6,
    "Angle": 270,
    "Objects": [
        "doorway",
        "wall",
        "painting"
    ]
} {
    "Place": 7,
    "Angle": 90,
    "Objects": [
        "wall",
        "faucet"
    ]
}{
    "Place": 7,
    "Angle": 180,
    "Objects": [
        "wall",
        "faucet"
    ]
} {
    "Place": 8,
    "Angle": 0,
    "Objects": [
        "painting"
    ]
}{
    "Place": 8,
    "Angle": 90,
    "Objects": [
        "clock",
        "dining table",
        "window",
        "bed"
    ]
}{
    "Place": 8,
    "Angle": 180,
    "Objects": [
        "cabinet"
    ]
} {
    "Place": 9,
    "Angle": 0,
    "Objects": [
        "window",
        "ceiling",
        "plant"
    ]
}{
    "Place": 9,
    "Angle": 90,
    "Objects": [
        "tv",
        "wall"
    ]
}{
    "Place": 9,
    "Angle": 180,
    "Objects": [
        "doorway",
        "dresser"
    ]
}{
    "Place": 9,
    "Angle": 270,
    "Objects": [
        "table",
        "chair"
    ]
}
[Debug] resolver candidates place=0: exact=0 relaxed_or_synthesized=1
[Debug] resolver candidates place=6: exact=2 relaxed_or_synthesized=3
[Debug] resolver candidates place=8: exact=1 relaxed_or_synthesized=1
[Debug] allowed planner objects: []
[Debug] allowed planner objects by place: {0: [], 2: [], 6: [], 8: []}
[Debug] resolver candidates place=0: exact=0 relaxed_or_synthesized=1
[Debug] resolver candidates place=6: exact=2 relaxed_or_synthesized=3
[Debug] resolver candidates place=8: exact=1 relaxed_or_synthesized=1
[Debug] bypassing planner because allowed target list is empty: {"Place": 0, "Angle": 0, "Objects": ["window"]}
{"Place": 0, "Angle": 0, "Objects": ["window"]}
[Debug] planner selected: place=0, angle=0, objects=['window']
last_key:['Place 0', 'Place 0', 'Place 2', 'Place 0', 'Place 0', 'Place 0', 'Place 6', 'Place 6', 'Place 8']
[Debug] allowed_targets_by_place[0] candidates: [('window', 0, 276, 1.0, 'window', array([ 1.4573781,  1.4992814, 18.334    ], dtype=float32)), ('dresser', 180, 87, 1.0, 'dresser', array([ 5.78897   ,  0.48488423, 13.054507  ], dtype=float32)), ('faucet', 0, 92, 1.0, 'faucet', array([15.910654 ,  1.0813746, 12.024943 ], dtype=float32)), ('faucet', 180, 91, 1.0, 'faucet', array([ 9.743542 ,  1.1324992, 10.346899 ], dtype=float32)), ('toilet', 270, 186, 1.0, 'toilet', array([10.642204 ,  0.4727599, 10.986129 ], dtype=float32)), ('tv', 90, 178, 1.0, 'tv', array([ 6.0216255,  1.5372636, 15.218543 ], dtype=float32)), ('plant', 0, 114, 1.0, 'plant', array([ 3.4943209,  1.0427878, 15.987494 ], dtype=float32)), ('bed', 0, 5, 1.0, 'bed', array([11.041425  ,  0.41503024, 15.152356  ], dtype=float32)), ('chair', 0, 32, 1.0, 'chair', array([13.373507 ,  0.4374691, 15.2606   ], dtype=float32)), ('chair', 270, 39, 1.0, 'chair', array([ 3.227283 ,  0.5141269, 15.343012 ], dtype=float32)), ('diningtable', 180, 49, 0.5, 'diningtable', array([12.137417  ,  0.39104015,  3.502878  ], dtype=float32)), ('doorframe', 90, 54, 0.5, 'doorframe', array([8.149    , 1.0496987, 2.7603579], dtype=float32))]
[Debug] resolved target tuple: ('window', 0, 276, 1.0, 'window', array([ 1.4573781,  1.4992814, 18.334    ], dtype=float32)) from representative place 0
[Debug] resolved source place: 9 for representative place 0
0
final_goal:countertop,sub_goal:window,place:0,trajectory: tv in Place 0.doorway in Place 0.sink in Place 2.chair in Place 8.window in Place 0.
sub_target_id:276
target:window
final_goal:countertop
final_length:55.441131591796875
[Timing] pathfinder to-subgoal elapsed=5.943s found=True
[Debug] sub-goal visible on screen: label=window ratio=0.008512 bbox=87x129
[Debug] observation rotation: angle=0 pause=0.25s
[Debug] observation rotation: angle=90 pause=0.25s
[Debug] observation rotation: angle=180 pause=0.25s
[Debug] observation rotation: angle=270 pause=0.25s
[Debug] calling detection service: position_id=big+10+10 angle=0 prompt='countertop . doorway . window . building .'
[Debug] received detection service result: position_id=big+10+10 angle=0
[Debug] calling detection service: position_id=big+10+10 angle=90 prompt='countertop . desk . chair .'
[Debug] received detection service result: position_id=big+10+10 angle=90
[Debug] calling detection service: position_id=big+10+10 angle=180 prompt='countertop . table . plant . chair .'
[Debug] received detection service result: position_id=big+10+10 angle=180
[Debug] calling detection service: position_id=big+10+10 angle=270 prompt='countertop . pillow . bed .'
[Debug] received detection service result: position_id=big+10+10 angle=270
[Debug] box_info_list_sum: [[{'label': 'doorway', 'box': [500, 354, 570, 548]}], [{'label': 'desk', 'box': [867, 685, 1023, 891]}, {'label': 'chair', 'box': [862, 615, 1021, 889]}], [{'label': 'plant', 'box': [0, 568, 86, 716]}, {'label': 'chair', 'box': [102, 607, 513, 972]}, {'label': 'table', 'box': [0, 664, 416, 1010]}], [{'label': 'pillow', 'box': [300, 918, 447, 1023]}, {'label': 'bed', 'box': [0, 827, 684, 1023]}]]
chair
pillow
bed
[Debug] max_similar_objs_list: [[('chair', 180, 26, 1.0, 'chair', array([ 1.8016188 ,  0.51412684, 15.957131  ], dtype=float32))], [('pillow', 270, 146, 1.0, 'pillow', array([ 0.3311261,  0.4583161, 17.69159  ], dtype=float32))], [('bed', 270, 7, 1.0, 'bed', array([ 0.41128585,  0.33533388, 17.483425  ], dtype=float32))]]
[Debug] empty_position: [1]
Setting `pad_token_id` to `eos_token_id`:151645 for open-end generation.
Setting `pad_token_id` to `eos_token_id`:151645 for open-end generation.
Setting `pad_token_id` to `eos_token_id`:151645 for open-end generation.
Setting `pad_token_id` to `eos_token_id`:151645 for open-end generation.
 {
    "Place": 0,
    "Angle": 0,
    "Objects": [
        "shadow",
        "background"
    ]
} {
    "Place": 1,
    "Angle": 0,
    "Objects": [
        "building",
        "wall"
    ]
}{
    "Place": 1,
    "Angle": 270,
    "Objects": [
        "tv"
    ]
} {
    "Place": 2,
    "Angle": 180,
    "Objects": [
        "chair"
    ]
} {
    "Place": 3,
    "Angle": 0,
    "Objects": [
        "wall",
        "faucet"
    ]
}{
    "Place": 3,
    "Angle": 90,
    "Objects": [
        "shadow",
        "wall"
    ]
}{
    "Place": 3,
    "Angle": 180,
    "Objects": [
        "doorway",
        "wall"
    ]
}{
    "Place": 3,
    "Angle": 270,
    "Objects": [
        "toilet",
        "doorway"
    ]
} {
    "Place": 4,
    "Angle": 0,
    "Objects": [
        "doorway"
    ]
}{
    "Place": 4,
    "Angle": 180,
    "Objects": [
        "table",
        "wall",
        "ceiling",
        "wall art"
    ]
}{
    "Place": 4,
    "Angle": 270,
    "Objects": [
        "tv"
    ]
} {
    "Place": 5,
    "Angle": 0,
    "Objects": [
        "chair",
        "bed"
    ]
}{
    "Place": 5,
    "Angle": 270,
    "Objects": [
        "bed"
    ]
} {
    "Place": 6,
    "Angle": 90,
    "Objects": [
        "doorway",
        "dresser"
    ]
}{
    "Place": 6,
    "Angle": 270,
    "Objects": [
        "doorway",
        "wall",
        "painting"
    ]
} {
    "Place": 7,
    "Angle": 90,
    "Objects": [
        "wall",
        "faucet"
    ]
}{
    "Place": 7,
    "Angle": 180,
    "Objects": [
        "wall",
        "faucet"
    ]
} {
    "Place": 8,
    "Angle": 0,
    "Objects": [
        "painting"
    ]
}{
    "Place": 8,
    "Angle": 90,
    "Objects": [
        "clock",
        "dining table",
        "window",
        "bed"
    ]
}{
    "Place": 8,
    "Angle": 180,
    "Objects": [
        "cabinet"
    ]
} {
    "Place": 9,
    "Angle": 90,
    "Objects": [
        "tv",
        "wall"
    ]
}{
    "Place": 9,
    "Angle": 180,
    "Objects": [
        "doorway",
        "dresser"
    ]
}{
    "Place": 9,
    "Angle": 270,
    "Objects": [
        "table",
        "chair"
    ]
} {
    "Place": 10,
    "Angle": 0,
    "Objects": [
        "building",
        "potted plants",
        "window"
    ]
}{
    "Place": 10,
    "Angle": 90,
    "Objects": [
        "chair"
    ]
}{
    "Place": 10,
    "Angle": 180,
    "Objects": [
        "chair"
    ]
}{
    "Place": 10,
    "Angle": 270,
    "Objects": [
        "pillow",
        "bed"
    ]
}
[Debug] resolver candidates place=0: exact=0 relaxed_or_synthesized=1
[Debug] resolver candidates place=6: exact=2 relaxed_or_synthesized=3
[Debug] resolver candidates place=8: exact=1 relaxed_or_synthesized=1
[Debug] resolver candidates place=9: exact=3 relaxed_or_synthesized=1
[Debug] allowed planner objects: []
[Debug] allowed planner objects by place: {0: [], 2: [], 6: [], 8: []}
[Debug] resolver candidates place=0: exact=0 relaxed_or_synthesized=1
[Debug] resolver candidates place=6: exact=2 relaxed_or_synthesized=3
[Debug] resolver candidates place=8: exact=1 relaxed_or_synthesized=1
[Debug] resolver candidates place=9: exact=3 relaxed_or_synthesized=1
[Debug] bypassing planner because allowed target list is empty: {"Place": 8, "Angle": 270, "Objects": ["window"]}
{"Place": 8, "Angle": 270, "Objects": ["window"]}
[Debug] planner selected: place=8, angle=270, objects=['window']
last_key:['Place 0', 'Place 0', 'Place 2', 'Place 0', 'Place 0', 'Place 0', 'Place 6', 'Place 6', 'Place 8', 'Place 9']
[Debug] allowed_targets_by_place[8] candidates: [('painting', 0, 127, 0.7150622606277466, 'painting', array([ 4.9600744,  1.6785755, 20.35013  ], dtype=float32)), ('window', 270, 275, 1.0, 'window', array([-1.1920929e-07,  1.5000000e+00,  1.4879460e+01], dtype=float32))]
[Debug] resolved target tuple: ('window', 270, 275, 1.0, 'window', array([-1.1920929e-07,  1.5000000e+00,  1.4879460e+01], dtype=float32)) from representative place 8
[Debug] resolved source place: 8 for representative place 8
8
final_goal:countertop,sub_goal:window,place:8,trajectory: tv in Place 0.doorway in Place 0.sink in Place 2.chair in Place 8.window in Place 0.
sub_target_id:275
target:window
final_goal:countertop
final_length:60.47666549682617
[Timing] pathfinder to-subgoal elapsed=12.235s found=True
[Debug] sub-goal visible on screen: label=window ratio=0.010562 bbox=130x93
[Debug] observation rotation: angle=0 pause=0.25s
[Debug] observation rotation: angle=90 pause=0.25s
[Debug] observation rotation: angle=180 pause=0.25s
[Debug] observation rotation: angle=270 pause=0.25s
[Debug] calling detection service: position_id=big+11+11 angle=0 prompt='countertop . window . bed .'
[Debug] received detection service result: position_id=big+11+11 angle=0
[Debug] calling detection service: position_id=big+11+11 angle=90 prompt='countertop . desk . chair .'
[Debug] received detection service result: position_id=big+11+11 angle=90
[Debug] calling detection service: position_id=big+11+11 angle=180 prompt='countertop . doorway . window .'
[Debug] received detection service result: position_id=big+11+11 angle=180
[Debug] calling detection service: position_id=big+11+11 angle=270 prompt='countertop . street . window .'
[Debug] received detection service result: position_id=big+11+11 angle=270
[Debug] box_info_list_sum: [[{'label': 'bed', 'box': [362, 650, 616, 1001]}, {'label': 'window', 'box': [0, 158, 737, 988]}], [{'label': 'chair', 'box': [0, 645, 507, 1023]}, {'label': 'desk', 'box': [2, 635, 441, 1022]}], [{'label': 'window', 'box': [743, 215, 1021, 896]}, {'label': 'countertop', 'box': [638, 793, 1022, 1021]}], [{'label': 'window', 'box': [74, 234, 775, 885]}]]
[Debug] dropped verified goal candidate: label=countertop angle=180 box=[638, 793, 1022, 1021] overlaps=window#275:0.884, wall#271:0.093, floor#98:0.023
[Debug] max_similar_objs_list: []
[Debug] empty_position: [0, 1]
Setting `pad_token_id` to `eos_token_id`:151645 for open-end generation.
Setting `pad_token_id` to `eos_token_id`:151645 for open-end generation.
Setting `pad_token_id` to `eos_token_id`:151645 for open-end generation.
Setting `pad_token_id` to `eos_token_id`:151645 for open-end generation.
 {
    "Place": 0,
    "Angle": 0,
    "Objects": [
        "shadow",
        "background"
    ]
} {
    "Place": 1,
    "Angle": 0,
    "Objects": [
        "building",
        "wall"
    ]
}{
    "Place": 1,
    "Angle": 270,
    "Objects": [
        "tv"
    ]
} {
    "Place": 2,
    "Angle": 180,
    "Objects": [
        "chair"
    ]
} {
    "Place": 3,
    "Angle": 0,
    "Objects": [
        "wall",
        "faucet"
    ]
}{
    "Place": 3,
    "Angle": 90,
    "Objects": [
        "shadow",
        "wall"
    ]
}{
    "Place": 3,
    "Angle": 180,
    "Objects": [
        "doorway",
        "wall"
    ]
}{
    "Place": 3,
    "Angle": 270,
    "Objects": [
        "toilet",
        "doorway"
    ]
} {
    "Place": 4,
    "Angle": 0,
    "Objects": [
        "doorway"
    ]
}{
    "Place": 4,
    "Angle": 180,
    "Objects": [
        "table",
        "wall",
        "ceiling",
        "wall art"
    ]
}{
    "Place": 4,
    "Angle": 270,
    "Objects": [
        "tv"
    ]
} {
    "Place": 5,
    "Angle": 0,
    "Objects": [
        "chair",
        "bed"
    ]
}{
    "Place": 5,
    "Angle": 270,
    "Objects": [
        "bed"
    ]
} {
    "Place": 6,
    "Angle": 90,
    "Objects": [
        "doorway",
        "dresser"
    ]
}{
    "Place": 6,
    "Angle": 270,
    "Objects": [
        "doorway",
        "wall",
        "painting"
    ]
} {
    "Place": 7,
    "Angle": 90,
    "Objects": [
        "wall",
        "faucet"
    ]
}{
    "Place": 7,
    "Angle": 180,
    "Objects": [
        "wall",
        "faucet"
    ]
} {
    "Place": 8,
    "Angle": 0,
    "Objects": [
        "painting"
    ]
}{
    "Place": 8,
    "Angle": 90,
    "Objects": [
        "clock",
        "dining table",
        "window",
        "bed"
    ]
}{
    "Place": 8,
    "Angle": 180,
    "Objects": [
        "cabinet"
    ]
} {
    "Place": 9,
    "Angle": 90,
    "Objects": [
        "tv",
        "wall"
    ]
}{
    "Place": 9,
    "Angle": 180,
    "Objects": [
        "doorway",
        "dresser"
    ]
}{
    "Place": 9,
    "Angle": 270,
    "Objects": [
        "table",
        "chair"
    ]
} {
    "Place": 10,
    "Angle": 0,
    "Objects": [
        "building",
        "potted plants",
        "window"
    ]
}{
    "Place": 10,
    "Angle": 90,
    "Objects": [
        "chair"
    ]
}{
    "Place": 10,
    "Angle": 180,
    "Objects": [
        "chair"
    ]
}{
    "Place": 10,
    "Angle": 270,
    "Objects": [
        "pillow",
        "bed"
    ]
} {
    "Place": 11,
    "Angle": 0,
    "Objects": [
        "window"
    ]
}{
    "Place": 11,
    "Angle": 90,
    "Objects": [
        "desk"
    ]
}{
    "Place": 11,
    "Angle": 180,
    "Objects": [
        "doorway"
    ]
}{
    "Place": 11,
    "Angle": 270,
    "Objects": [
        "street"
    ]
}
[Debug] resolver candidates place=0: exact=0 relaxed_or_synthesized=1
[Debug] resolver candidates place=6: exact=2 relaxed_or_synthesized=3
[Debug] resolver candidates place=9: exact=3 relaxed_or_synthesized=1
[Debug] allowed planner objects: ['doorway']
[Debug] allowed planner objects by place: {0: [], 2: [], 6: [], 8: ['doorway']}
[Debug] bypassing planner because only one target is allowed: {"Place": 8, "Angle": 180, "Objects": ["doorway"]}
{"Place": 8, "Angle": 180, "Objects": ["doorway"]}
[Debug] planner selected: place=8, angle=180, objects=['doorway']
last_key:['Place 0', 'Place 0', 'Place 2', 'Place 0', 'Place 0', 'Place 0', 'Place 6', 'Place 6', 'Place 8', 'Place 9', 'Place 8']
[Debug] allowed_targets_by_place[8] candidates: [('painting', 0, 127, 0.7150622606277466, 'painting', array([ 4.9600744,  1.6785755, 20.35013  ], dtype=float32)), ('doorway', 180, 60, 0.5, 'doorway', array([ 1.713195 ,  1.0364102, 12.635596 ], dtype=float32)), ('window', 0, 274, 0.5, 'window', array([4.7479534, 1.4993188, 0.       ], dtype=float32)), ('diningtable', 90, 48, 0.5, 'diningtable', array([ 2.8545296 ,  0.39069477, 15.950291  ], dtype=float32))]
[Debug] resolved target tuple: ('doorway', 180, 60, 0.5, 'doorway', array([ 1.713195 ,  1.0364102, 12.635596 ], dtype=float32)) from representative place 8
[Debug] resolved source place: 11 for representative place 8
8
final_goal:countertop,sub_goal:doorway,place:8,trajectory: tv in Place 0.doorway in Place 0.sink in Place 2.chair in Place 8.window in Place 0.
sub_target_id:60
target:doorway
final_goal:countertop
final_length:68.36575317382812
[Timing] pathfinder to-subgoal elapsed=1.889s found=True
[Debug] sub-goal visible on screen: label=doorway ratio=0.080501 bbox=521x696
Agent is within 1m of the target. Stopping.
[Debug] observation rotation: angle=0 pause=0.25s
[Debug] observation rotation: angle=90 pause=0.25s
[Debug] observation rotation: angle=180 pause=0.25s
[Debug] observation rotation: angle=270 pause=0.25s
[Debug] calling detection service: position_id=big+12+12 angle=0 prompt='countertop . desk . plant . chair .'
[Debug] received detection service result: position_id=big+12+12 angle=0
[Debug] calling detection service: position_id=big+12+12 angle=90 prompt='countertop . doorway . light fixture . ceiling .'
[Debug] received detection service result: position_id=big+12+12 angle=90
[Debug] calling detection service: position_id=big+12+12 angle=180 prompt='countertop . sink . drain .'
[Debug] received detection service result: position_id=big+12+12 angle=180
[Debug] calling detection service: position_id=big+12+12 angle=270 prompt='countertop . doorway . window .'
[Debug] received detection service result: position_id=big+12+12 angle=270
[Debug] box_info_list_sum: [[{'label': 'plant', 'box': [747, 552, 822, 644]}, {'label': 'chair', 'box': [457, 596, 881, 875]}], [{'label': 'doorway', 'box': [309, 208, 923, 1018]}, {'label': 'ceiling', 'box': [1, 0, 1021, 248]}], [{'label': 'countertop', 'box': [1, 814, 1022, 1022]}, {'label': 'sink', 'box': [719, 618, 954, 701]}], [{'label': 'doorway', 'box': [188, 276, 670, 1020]}, {'label': 'window', 'box': [854, 356, 1022, 714]}]]
chair
doorway
wall
[Debug] dropped verified goal candidate: label=countertop angle=180 box=[1, 814, 1022, 1022] overlaps=floor#96:0.909, wall#266:0.052, sink#163:0.021, wall#253:0.015, plunger#150:0.003
floor
sink
[Debug] max_similar_objs_list: [[('chair', 0, 25, 1.0, 'chair', array([ 2.550556  ,  0.51412684, 15.322086  ], dtype=float32))], [('doorway', 90, 60, 1.0, 'doorway', array([ 1.713195 ,  1.0364102, 12.635596 ], dtype=float32))], [('wall', 90, 268, 0.6041585206985474, 'wall', array([3.0555   , 1.8875161, 6.1115   ], dtype=float32))], [('floor', 180, 96, 0.6161034107208252, 'floor', array([3.0555, 0.    , 6.1115], dtype=float32))], [('sink', 180, 163, 1.0, 'sink', array([ 0.39198   ,  0.50974405, 10.524744  ], dtype=float32))]]
[Debug] empty_position: [3]
Setting `pad_token_id` to `eos_token_id`:151645 for open-end generation.
Setting `pad_token_id` to `eos_token_id`:151645 for open-end generation.
Setting `pad_token_id` to `eos_token_id`:151645 for open-end generation.
Setting `pad_token_id` to `eos_token_id`:151645 for open-end generation.
 {
    "Place": 0,
    "Angle": 0,
    "Objects": [
        "shadow",
        "background"
    ]
} {
    "Place": 1,
    "Angle": 0,
    "Objects": [
        "building",
        "wall"
    ]
}{
    "Place": 1,
    "Angle": 270,
    "Objects": [
        "tv"
    ]
} {
    "Place": 2,
    "Angle": 180,
    "Objects": [
        "chair"
    ]
} {
    "Place": 3,
    "Angle": 0,
    "Objects": [
        "wall",
        "faucet"
    ]
}{
    "Place": 3,
    "Angle": 90,
    "Objects": [
        "shadow",
        "wall"
    ]
}{
    "Place": 3,
    "Angle": 180,
    "Objects": [
        "doorway",
        "wall"
    ]
}{
    "Place": 3,
    "Angle": 270,
    "Objects": [
        "toilet",
        "doorway"
    ]
} {
    "Place": 4,
    "Angle": 0,
    "Objects": [
        "doorway"
    ]
}{
    "Place": 4,
    "Angle": 180,
    "Objects": [
        "table",
        "wall",
        "ceiling",
        "wall art"
    ]
}{
    "Place": 4,
    "Angle": 270,
    "Objects": [
        "tv"
    ]
} {
    "Place": 5,
    "Angle": 0,
    "Objects": [
        "chair",
        "bed"
    ]
}{
    "Place": 5,
    "Angle": 270,
    "Objects": [
        "bed"
    ]
} {
    "Place": 6,
    "Angle": 90,
    "Objects": [
        "doorway",
        "dresser"
    ]
}{
    "Place": 6,
    "Angle": 270,
    "Objects": [
        "doorway",
        "wall",
        "painting"
    ]
} {
    "Place": 7,
    "Angle": 90,
    "Objects": [
        "wall",
        "faucet"
    ]
}{
    "Place": 7,
    "Angle": 180,
    "Objects": [
        "wall",
        "faucet"
    ]
} {
    "Place": 8,
    "Angle": 0,
    "Objects": [
        "painting"
    ]
}{
    "Place": 8,
    "Angle": 90,
    "Objects": [
        "clock",
        "dining table",
        "window",
        "bed"
    ]
}{
    "Place": 8,
    "Angle": 180,
    "Objects": [
        "cabinet"
    ]
} {
    "Place": 9,
    "Angle": 90,
    "Objects": [
        "tv",
        "wall"
    ]
}{
    "Place": 9,
    "Angle": 180,
    "Objects": [
        "doorway",
        "dresser"
    ]
}{
    "Place": 9,
    "Angle": 270,
    "Objects": [
        "table",
        "chair"
    ]
} {
    "Place": 10,
    "Angle": 0,
    "Objects": [
        "building",
        "potted plants",
        "window"
    ]
}{
    "Place": 10,
    "Angle": 90,
    "Objects": [
        "chair"
    ]
}{
    "Place": 10,
    "Angle": 180,
    "Objects": [
        "chair"
    ]
}{
    "Place": 10,
    "Angle": 270,
    "Objects": [
        "pillow",
        "bed"
    ]
} {
    "Place": 11,
    "Angle": 0,
    "Objects": [
        "window"
    ]
}{
    "Place": 11,
    "Angle": 90,
    "Objects": [
        "desk"
    ]
}{
    "Place": 11,
    "Angle": 270,
    "Objects": [
        "street"
    ]
} {
    "Place": 12,
    "Angle": 0,
    "Objects": [
        "chair",
        "desk"
    ]
}{
    "Place": 12,
    "Angle": 90,
    "Objects": [
        "light fixture",
        "doorway",
        "wall",
        "wall"
    ]
}{
    "Place": 12,
    "Angle": 180,
    "Objects": [
        "sink",
        "drain"
    ]
}{
    "Place": 12,
    "Angle": 270,
    "Objects": [
        "window"
    ]
}
[Debug] resolver candidates place=0: exact=0 relaxed_or_synthesized=1
[Debug] resolver candidates place=6: exact=2 relaxed_or_synthesized=3
[Debug] resolver candidates place=9: exact=3 relaxed_or_synthesized=1
[Debug] resolver candidates place=11: exact=2 relaxed_or_synthesized=1
[Debug] allowed planner objects: ['doorway']
[Debug] allowed planner objects by place: {0: [], 2: [], 6: [], 8: ['doorway']}
[Debug] bypassing planner because only one target is allowed: {"Place": 8, "Angle": 180, "Objects": ["doorway"]}
{"Place": 8, "Angle": 180, "Objects": ["doorway"]}
[Debug] planner selected: place=8, angle=180, objects=['doorway']
last_key:['Place 0', 'Place 0', 'Place 2', 'Place 0', 'Place 0', 'Place 0', 'Place 6', 'Place 6', 'Place 8', 'Place 9', 'Place 8', 'Place 11']
[Debug] allowed_targets_by_place[8] candidates: [('painting', 0, 127, 0.7150622606277466, 'painting', array([ 4.9600744,  1.6785755, 20.35013  ], dtype=float32)), ('window', 0, 274, 0.5, 'window', array([4.7479534, 1.4993188, 0.       ], dtype=float32)), ('diningtable', 90, 48, 0.5, 'diningtable', array([ 2.8545296 ,  0.39069477, 15.950291  ], dtype=float32)), ('doorway', 180, 59, 0.5, 'doorway', array([-8.195639e-08,  1.049699e+00,  9.188372e+00], dtype=float32))]
[Debug] resolved target tuple: ('doorway', 180, 59, 0.5, 'doorway', array([-8.195639e-08,  1.049699e+00,  9.188372e+00], dtype=float32)) from representative place 8
[Debug] resolved source place: 11 for representative place 8
8
final_goal:countertop,sub_goal:doorway,place:8,trajectory: tv in Place 0.doorway in Place 0.sink in Place 2.chair in Place 8.window in Place 0.
sub_target_id:59
target:doorway
final_goal:countertop
final_length:71.44418334960938
[Timing] pathfinder to-subgoal elapsed=39.302s found=True
[Debug] sub-goal visible on screen: label=doorway ratio=0.008493 bbox=68x131
[Debug] observation rotation: angle=0 pause=0.25s
[Debug] observation rotation: angle=90 pause=0.25s
[Debug] observation rotation: angle=180 pause=0.25s
[Debug] observation rotation: angle=270 pause=0.25s
[Debug] get_observation skip angle=270 reason=depth
[Debug] calling detection service: position_id=big+13+13 angle=0 prompt='countertop . floor . wall .'
[Debug] received detection service result: position_id=big+13+13 angle=0
[Debug] calling detection service: position_id=big+13+13 angle=90 prompt='countertop . conference table . refrigerator .'
[Debug] received detection service result: position_id=big+13+13 angle=90
[Debug] calling detection service: position_id=big+13+13 angle=180 prompt='countertop . doorway . window . sofa .'
[Debug] received detection service result: position_id=big+13+13 angle=180
[Debug] box_info_list_sum: [[{'label': 'wall', 'box': [366, 2, 1022, 1022]}], [{'label': 'refrigerator', 'box': [52, 487, 454, 1020]}, {'label': 'conference table', 'box': [622, 564, 777, 635]}], [{'label': 'sofa', 'box': [280, 554, 380, 622]}, {'label': 'window', 'box': [229, 471, 294, 560]}, {'label': 'doorway', 'box': [681, 0, 1023, 1022]}]]
wall
fridge
floor
sofa
window
doorway
[Debug] max_similar_objs_list: [[('wall', 0, 216, 1.0, 'wall', array([3.0555   , 1.8875161, 5.093    ], dtype=float32))], [('fridge', 90, 108, 0.9570007920265198, 'fridge', array([1.7389325, 0.8192681, 9.808192 ], dtype=float32))], [('floor', 90, 103, 0.5541263222694397, 'floor', array([4.0745, 0.    , 5.093 ], dtype=float32))], [('sofa', 180, 171, 1.0, 'sofa', array([3.1148195 , 0.40808412, 1.0060518 ], dtype=float32))], [('window', 180, 274, 1.0, 'window', array([4.7479534, 1.4993188, 0.       ], dtype=float32))], [('doorway', 180, 59, 1.0, 'doorway', array([-8.195639e-08,  1.049699e+00,  9.188372e+00], dtype=float32))]]
[Debug] empty_position: []
Setting `pad_token_id` to `eos_token_id`:151645 for open-end generation.
Setting `pad_token_id` to `eos_token_id`:151645 for open-end generation.
Setting `pad_token_id` to `eos_token_id`:151645 for open-end generation.
Setting `pad_token_id` to `eos_token_id`:151645 for open-end generation.
 {
    "Place": 0,
    "Angle": 0,
    "Objects": [
        "shadow",
        "background"
    ]
} {
    "Place": 1,
    "Angle": 0,
    "Objects": [
        "building",
        "wall"
    ]
}{
    "Place": 1,
    "Angle": 270,
    "Objects": [
        "tv"
    ]
} {
    "Place": 2,
    "Angle": 180,
    "Objects": [
        "chair"
    ]
} {
    "Place": 3,
    "Angle": 0,
    "Objects": [
        "wall",
        "faucet"
    ]
}{
    "Place": 3,
    "Angle": 90,
    "Objects": [
        "shadow",
        "wall"
    ]
}{
    "Place": 3,
    "Angle": 180,
    "Objects": [
        "doorway",
        "wall"
    ]
}{
    "Place": 3,
    "Angle": 270,
    "Objects": [
        "toilet",
        "doorway"
    ]
} {
    "Place": 4,
    "Angle": 0,
    "Objects": [
        "doorway"
    ]
}{
    "Place": 4,
    "Angle": 180,
    "Objects": [
        "table",
        "wall",
        "ceiling",
        "wall art"
    ]
}{
    "Place": 4,
    "Angle": 270,
    "Objects": [
        "tv"
    ]
} {
    "Place": 5,
    "Angle": 0,
    "Objects": [
        "chair",
        "bed"
    ]
}{
    "Place": 5,
    "Angle": 270,
    "Objects": [
        "bed"
    ]
} {
    "Place": 6,
    "Angle": 90,
    "Objects": [
        "doorway",
        "dresser"
    ]
}{
    "Place": 6,
    "Angle": 270,
    "Objects": [
        "doorway",
        "wall",
        "painting"
    ]
} {
    "Place": 7,
    "Angle": 90,
    "Objects": [
        "wall",
        "faucet"
    ]
}{
    "Place": 7,
    "Angle": 180,
    "Objects": [
        "wall",
        "faucet"
    ]
} {
    "Place": 8,
    "Angle": 0,
    "Objects": [
        "painting"
    ]
}{
    "Place": 8,
    "Angle": 90,
    "Objects": [
        "clock",
        "dining table",
        "window",
        "bed"
    ]
}{
    "Place": 8,
    "Angle": 180,
    "Objects": [
        "cabinet"
    ]
} {
    "Place": 9,
    "Angle": 90,
    "Objects": [
        "tv",
        "wall"
    ]
}{
    "Place": 9,
    "Angle": 180,
    "Objects": [
        "doorway",
        "dresser"
    ]
}{
    "Place": 9,
    "Angle": 270,
    "Objects": [
        "table",
        "chair"
    ]
} {
    "Place": 10,
    "Angle": 0,
    "Objects": [
        "building",
        "potted plants",
        "window"
    ]
}{
    "Place": 10,
    "Angle": 90,
    "Objects": [
        "chair"
    ]
}{
    "Place": 10,
    "Angle": 180,
    "Objects": [
        "chair"
    ]
}{
    "Place": 10,
    "Angle": 270,
    "Objects": [
        "pillow",
        "bed"
    ]
} {
    "Place": 11,
    "Angle": 0,
    "Objects": [
        "window"
    ]
}{
    "Place": 11,
    "Angle": 90,
    "Objects": [
        "desk"
    ]
}{
    "Place": 11,
    "Angle": 270,
    "Objects": [
        "street"
    ]
} {
    "Place": 12,
    "Angle": 0,
    "Objects": [
        "chair",
        "desk"
    ]
}{
    "Place": 12,
    "Angle": 90,
    "Objects": [
        "light fixture",
        "doorway",
        "wall",
        "wall"
    ]
}{
    "Place": 12,
    "Angle": 180,
    "Objects": [
        "sink",
        "drain"
    ]
}{
    "Place": 12,
    "Angle": 270,
    "Objects": [
        "window"
    ]
} {
    "Place": 13,
    "Angle": 90,
    "Objects": [
        "floor",
        "fridge"
    ]
}{
    "Place": 13,
    "Angle": 180,
    "Objects": [
        "sofa",
        "doorway",
        "window",
        "ceiling"
    ]
}
[Debug] resolver candidates place=0: exact=0 relaxed_or_synthesized=1
[Debug] resolver candidates place=6: exact=2 relaxed_or_synthesized=3
[Debug] resolver candidates place=9: exact=3 relaxed_or_synthesized=1
[Debug] resolver candidates place=11: exact=2 relaxed_or_synthesized=1
[Debug] allowed planner objects: ['doorway']
[Debug] allowed planner objects by place: {0: [], 2: [], 6: [], 8: ['doorway']}
[Debug] bypassing planner because only one target is allowed: {"Place": 8, "Angle": 180, "Objects": ["doorway"]}
{"Place": 8, "Angle": 180, "Objects": ["doorway"]}
[Debug] planner selected: place=8, angle=180, objects=['doorway']
last_key:['Place 0', 'Place 0', 'Place 2', 'Place 0', 'Place 0', 'Place 0', 'Place 6', 'Place 6', 'Place 8', 'Place 9', 'Place 8', 'Place 11', 'Place 11']
[Debug] allowed_targets_by_place[8] candidates: [('sofa', 180, 171, 1.0, 'sofa', array([3.1148195 , 0.40808412, 1.0060518 ], dtype=float32)), ('fridge', 90, 108, 0.9570007920265198, 'fridge', array([1.7389325, 0.8192681, 9.808192 ], dtype=float32)), ('painting', 0, 127, 0.7150622606277466, 'painting', array([ 4.9600744,  1.6785755, 20.35013  ], dtype=float32)), ('window', 0, 274, 0.5, 'window', array([4.7479534, 1.4993188, 0.       ], dtype=float32)), ('diningtable', 90, 48, 0.5, 'diningtable', array([ 2.8545296 ,  0.39069477, 15.950291  ], dtype=float32)), ('doorway', 180, 62, 0.5, 'doorway', array([12.650494 ,  1.0651139, 17.330254 ], dtype=float32))]
[Debug] resolved target tuple: ('doorway', 180, 62, 0.5, 'doorway', array([12.650494 ,  1.0651139, 17.330254 ], dtype=float32)) from representative place 8
[Debug] resolved source place: 11 for representative place 8
8
final_goal:countertop,sub_goal:doorway,place:8,trajectory: tv in Place 0.doorway in Place 0.sink in Place 2.chair in Place 8.window in Place 0.
sub_target_id:62
target:doorway
final_goal:countertop
final_length:113.77872467041016
[Timing] pathfinder to-subgoal elapsed=11.712s found=True
[Debug] sub-goal visible on screen: label=doorway ratio=0.002277 bbox=67x148
Agent is within 1m of the target. Stopping.
[Debug] observation rotation: angle=0 pause=0.25s
[Debug] observation rotation: angle=90 pause=0.25s
[Debug] observation rotation: angle=180 pause=0.25s
[Debug] observation rotation: angle=270 pause=0.25s
[Debug] calling detection service: position_id=big+14+14 angle=0 prompt='countertop . doorway . wall .'
[Debug] received detection service result: position_id=big+14+14 angle=0
[Debug] calling detection service: position_id=big+14+14 angle=90 prompt='countertop . table . cabinet . window .'
[Debug] received detection service result: position_id=big+14+14 angle=90
[Debug] calling detection service: position_id=big+14+14 angle=180 prompt='countertop . floor . wall .'
[Debug] received detection service result: position_id=big+14+14 angle=180
[Debug] calling detection service: position_id=big+14+14 angle=270 prompt='countertop . bed . floor . ceiling .'
[Debug] received detection service result: position_id=big+14+14 angle=270
[Debug] box_info_list_sum: [[{'label': 'doorway', 'box': [382, 319, 783, 1021]}], [{'label': 'window', 'box': [629, 461, 807, 582]}, {'label': 'table', 'box': [722, 754, 967, 1022]}, {'label': 'cabinet', 'box': [306, 592, 569, 759]}], [], [{'label': 'bed', 'box': [714, 656, 807, 813]}, {'label': 'ceiling', 'box': [350, 0, 820, 337]}, {'label': 'floor', 'box': [283, 636, 944, 1022]}, {'label': 'countertop', 'box': [282, 635, 944, 1022]}]]
doorway
window
dresser
[Debug] dropped verified goal candidate: label=countertop angle=270 box=[282, 635, 944, 1022] overlaps=floor#94:0.709, wall#200:0.164, wall#202:0.089, bed#6:0.029, wall#197:0.003
[Debug] max_similar_objs_list: [[('doorway', 0, 62, 1.0, 'doorway', array([12.650494 ,  1.0651139, 17.330254 ], dtype=float32))], [('window', 90, 278, 1.0, 'window', array([16.297    ,  1.5000001, 15.502827 ], dtype=float32))], [('dresser', 90, 89, 0.7273175120353699, 'dresser', array([16.005705  ,  0.48717612, 17.471916  ], dtype=float32))]]
[Debug] empty_position: []
Setting `pad_token_id` to `eos_token_id`:151645 for open-end generation.
Setting `pad_token_id` to `eos_token_id`:151645 for open-end generation.
Setting `pad_token_id` to `eos_token_id`:151645 for open-end generation.
Setting `pad_token_id` to `eos_token_id`:151645 for open-end generation.
 {
    "Place": 0,
    "Angle": 0,
    "Objects": [
        "shadow",
        "background"
    ]
} {
    "Place": 1,
    "Angle": 0,
    "Objects": [
        "building",
        "wall"
    ]
}{
    "Place": 1,
    "Angle": 270,
    "Objects": [
        "tv"
    ]
} {
    "Place": 2,
    "Angle": 180,
    "Objects": [
        "chair"
    ]
} {
    "Place": 3,
    "Angle": 0,
    "Objects": [
        "wall",
        "faucet"
    ]
}{
    "Place": 3,
    "Angle": 90,
    "Objects": [
        "shadow",
        "wall"
    ]
}{
    "Place": 3,
    "Angle": 180,
    "Objects": [
        "doorway",
        "wall"
    ]
}{
    "Place": 3,
    "Angle": 270,
    "Objects": [
        "toilet",
        "doorway"
    ]
} {
    "Place": 4,
    "Angle": 0,
    "Objects": [
        "doorway"
    ]
}{
    "Place": 4,
    "Angle": 180,
    "Objects": [
        "table",
        "wall",
        "ceiling",
        "wall art"
    ]
}{
    "Place": 4,
    "Angle": 270,
    "Objects": [
        "tv"
    ]
} {
    "Place": 5,
    "Angle": 0,
    "Objects": [
        "chair",
        "bed"
    ]
}{
    "Place": 5,
    "Angle": 270,
    "Objects": [
        "bed"
    ]
} {
    "Place": 6,
    "Angle": 90,
    "Objects": [
        "doorway",
        "dresser"
    ]
}{
    "Place": 6,
    "Angle": 270,
    "Objects": [
        "doorway",
        "wall",
        "painting"
    ]
} {
    "Place": 7,
    "Angle": 90,
    "Objects": [
        "wall",
        "faucet"
    ]
}{
    "Place": 7,
    "Angle": 180,
    "Objects": [
        "wall",
        "faucet"
    ]
} {
    "Place": 8,
    "Angle": 0,
    "Objects": [
        "painting"
    ]
}{
    "Place": 8,
    "Angle": 90,
    "Objects": [
        "clock",
        "dining table",
        "window",
        "bed"
    ]
}{
    "Place": 8,
    "Angle": 180,
    "Objects": [
        "cabinet"
    ]
} {
    "Place": 9,
    "Angle": 90,
    "Objects": [
        "tv",
        "wall"
    ]
}{
    "Place": 9,
    "Angle": 180,
    "Objects": [
        "doorway",
        "dresser"
    ]
}{
    "Place": 9,
    "Angle": 270,
    "Objects": [
        "table",
        "chair"
    ]
} {
    "Place": 10,
    "Angle": 0,
    "Objects": [
        "building",
        "potted plants",
        "window"
    ]
}{
    "Place": 10,
    "Angle": 90,
    "Objects": [
        "chair"
    ]
}{
    "Place": 10,
    "Angle": 180,
    "Objects": [
        "chair"
    ]
}{
    "Place": 10,
    "Angle": 270,
    "Objects": [
        "pillow",
        "bed"
    ]
} {
    "Place": 11,
    "Angle": 0,
    "Objects": [
        "window"
    ]
}{
    "Place": 11,
    "Angle": 90,
    "Objects": [
        "desk"
    ]
}{
    "Place": 11,
    "Angle": 270,
    "Objects": [
        "street"
    ]
} {
    "Place": 12,
    "Angle": 0,
    "Objects": [
        "chair",
        "desk"
    ]
}{
    "Place": 12,
    "Angle": 90,
    "Objects": [
        "light fixture",
        "doorway",
        "wall",
        "wall"
    ]
}{
    "Place": 12,
    "Angle": 180,
    "Objects": [
        "sink",
        "drain"
    ]
}{
    "Place": 12,
    "Angle": 270,
    "Objects": [
        "window"
    ]
} {
    "Place": 13,
    "Angle": 90,
    "Objects": [
        "floor",
        "fridge"
    ]
}{
    "Place": 13,
    "Angle": 180,
    "Objects": [
        "sofa",
        "doorway",
        "window",
        "ceiling"
    ]
} {
    "Place": 14,
    "Angle": 0,
    "Objects": [
        "doorway",
        "wall"
    ]
}{
    "Place": 14,
    "Angle": 90,
    "Objects": [
        "dresser",
        "window",
        "chair"
    ]
}
[Debug] resolver candidates place=0: exact=0 relaxed_or_synthesized=1
[Debug] resolver candidates place=6: exact=2 relaxed_or_synthesized=3
[Debug] resolver candidates place=9: exact=3 relaxed_or_synthesized=1
[Debug] resolver candidates place=11: exact=2 relaxed_or_synthesized=1
[Debug] allowed planner objects: []
[Debug] allowed planner objects by place: {0: [], 2: [], 6: [], 8: []}
[Debug] resolver candidates place=0: exact=0 relaxed_or_synthesized=1
[Debug] resolver candidates place=6: exact=2 relaxed_or_synthesized=3
[Debug] resolver candidates place=9: exact=3 relaxed_or_synthesized=1
[Debug] resolver candidates place=11: exact=2 relaxed_or_synthesized=1
[Debug] bypassing planner because allowed target list is empty: {"Place": 8, "Angle": 90, "Objects": ["window"]}
{"Place": 8, "Angle": 90, "Objects": ["window"]}
[Debug] planner selected: place=8, angle=90, objects=['window']
last_key:['Place 0', 'Place 0', 'Place 2', 'Place 0', 'Place 0', 'Place 0', 'Place 6', 'Place 6', 'Place 8', 'Place 9', 'Place 8', 'Place 11', 'Place 11', 'Place 11']
[Debug] allowed_targets_by_place[8] candidates: [('window', 90, 278, 1.0, 'window', array([16.297    ,  1.5000001, 15.502827 ], dtype=float32)), ('sofa', 180, 171, 1.0, 'sofa', array([3.1148195 , 0.40808412, 1.0060518 ], dtype=float32)), ('fridge', 90, 108, 0.9570007920265198, 'fridge', array([1.7389325, 0.8192681, 9.808192 ], dtype=float32)), ('dresser', 90, 89, 0.7273175120353699, 'dresser', array([16.005705  ,  0.48717612, 17.471916  ], dtype=float32)), ('painting', 0, 127, 0.7150622606277466, 'painting', array([ 4.9600744,  1.6785755, 20.35013  ], dtype=float32)), ('window', 0, 274, 0.5, 'window', array([4.7479534, 1.4993188, 0.       ], dtype=float32)), ('diningtable', 90, 48, 0.5, 'diningtable', array([ 2.8545296 ,  0.39069477, 15.950291  ], dtype=float32)), ('doorframe', 180, 54, 0.5, 'doorframe', array([8.149    , 1.0496987, 2.7603579], dtype=float32))]
[Debug] resolved target tuple: ('window', 90, 278, 1.0, 'window', array([16.297    ,  1.5000001, 15.502827 ], dtype=float32)) from representative place 8
[Debug] resolved source place: 14 for representative place 8
8
final_goal:countertop,sub_goal:window,place:8,trajectory: tv in Place 0.doorway in Place 0.sink in Place 2.chair in Place 8.window in Place 0.
sub_target_id:278
target:window
final_goal:countertop
final_length:127.93557739257812
[Timing] pathfinder to-subgoal elapsed=2.360s found=True
[Debug] sub-goal visible on screen: label=window ratio=0.024060 bbox=204x148
[Debug] observation rotation: angle=0 pause=0.25s
[Debug] observation rotation: angle=90 pause=0.25s
[Debug] observation rotation: angle=180 pause=0.25s
[Debug] observation rotation: angle=270 pause=0.25s
[Debug] calling detection service: position_id=big+15+15 angle=0 prompt='countertop . cabinet . remote control .'
[Debug] received detection service result: position_id=big+15+15 angle=0
[Debug] calling detection service: position_id=big+15+15 angle=90 prompt='countertop . window . potted plants .'
[Debug] received detection service result: position_id=big+15+15 angle=90
[Debug] calling detection service: position_id=big+15+15 angle=180 prompt='countertop . chair . lamp .'
[Debug] received detection service result: position_id=big+15+15 angle=180
[Debug] calling detection service: position_id=big+15+15 angle=270 prompt='countertop . table . chair .'
[Debug] received detection service result: position_id=big+15+15 angle=270
[Debug] box_info_list_sum: [[{'label': 'remote control', 'box': [579, 689, 612, 725]}, {'label': 'countertop', 'box': [507, 619, 749, 792]}], [], [{'label': 'lamp', 'box': [406, 423, 553, 954]}, {'label': 'chair', 'box': [227, 837, 612, 1023]}], [{'label': 'chair', 'box': [405, 656, 512, 883]}]]
[Debug] dropped verified goal candidate: label=countertop angle=0 box=[507, 619, 749, 792] overlaps=dresser#89:0.622, wall#255:0.281, statue#175:0.043, drawer#67:0.021, remotecontrol#154:0.016
floorlamp
chair
[Debug] max_similar_objs_list: [[('floorlamp', 180, 105, 0.7215485572814941, 'floorlamp', array([15.865048 ,  0.9449037, 13.514288 ], dtype=float32))], [('chair', 180, 2, 1.0, 'chair', array([15.864725 ,  0.3625995, 14.481242 ], dtype=float32))]]
[Debug] empty_position: []
/home/min/test/EfficientNav/efficientnav.py:2118: RuntimeWarning: More than 20 figures have been opened. Figures created through the pyplot interface (`matplotlib.pyplot.figure`) are retained until explicitly closed and may consume too much memory. (To control this warning, see the rcParam `figure.max_open_warning`). Consider using `matplotlib.pyplot.close()`.
  fig, axes = plt.subplots(ceil(360 / 90 / images_per_row), images_per_row, figsize=(15, 15))
Setting `pad_token_id` to `eos_token_id`:151645 for open-end generation.
Setting `pad_token_id` to `eos_token_id`:151645 for open-end generation.
Setting `pad_token_id` to `eos_token_id`:151645 for open-end generation.
Setting `pad_token_id` to `eos_token_id`:151645 for open-end generation.
 {
    "Place": 0,
    "Angle": 0,
    "Objects": [
        "shadow",
        "background"
    ]
} {
    "Place": 1,
    "Angle": 0,
    "Objects": [
        "building",
        "wall"
    ]
}{
    "Place": 1,
    "Angle": 270,
    "Objects": [
        "tv"
    ]
} {
    "Place": 2,
    "Angle": 180,
    "Objects": [
        "chair"
    ]
} {
    "Place": 3,
    "Angle": 0,
    "Objects": [
        "wall",
        "faucet"
    ]
}{
    "Place": 3,
    "Angle": 90,
    "Objects": [
        "shadow",
        "wall"
    ]
}{
    "Place": 3,
    "Angle": 180,
    "Objects": [
        "doorway",
        "wall"
    ]
}{
    "Place": 3,
    "Angle": 270,
    "Objects": [
        "toilet",
        "doorway"
    ]
} {
    "Place": 4,
    "Angle": 0,
    "Objects": [
        "doorway"
    ]
}{
    "Place": 4,
    "Angle": 180,
    "Objects": [
        "table",
        "wall",
        "ceiling",
        "wall art"
    ]
}{
    "Place": 4,
    "Angle": 270,
    "Objects": [
        "tv"
    ]
} {
    "Place": 5,
    "Angle": 0,
    "Objects": [
        "chair",
        "bed"
    ]
}{
    "Place": 5,
    "Angle": 270,
    "Objects": [
        "bed"
    ]
} {
    "Place": 6,
    "Angle": 90,
    "Objects": [
        "doorway",
        "dresser"
    ]
}{
    "Place": 6,
    "Angle": 270,
    "Objects": [
        "doorway",
        "wall",
        "painting"
    ]
} {
    "Place": 7,
    "Angle": 90,
    "Objects": [
        "wall",
        "faucet"
    ]
}{
    "Place": 7,
    "Angle": 180,
    "Objects": [
        "wall",
        "faucet"
    ]
} {
    "Place": 8,
    "Angle": 0,
    "Objects": [
        "painting"
    ]
}{
    "Place": 8,
    "Angle": 90,
    "Objects": [
        "clock",
        "dining table",
        "window",
        "bed"
    ]
}{
    "Place": 8,
    "Angle": 180,
    "Objects": [
        "cabinet"
    ]
} {
    "Place": 9,
    "Angle": 90,
    "Objects": [
        "tv",
        "wall"
    ]
}{
    "Place": 9,
    "Angle": 180,
    "Objects": [
        "doorway",
        "dresser"
    ]
}{
    "Place": 9,
    "Angle": 270,
    "Objects": [
        "table",
        "chair"
    ]
} {
    "Place": 10,
    "Angle": 0,
    "Objects": [
        "building",
        "potted plants",
        "window"
    ]
}{
    "Place": 10,
    "Angle": 90,
    "Objects": [
        "chair"
    ]
}{
    "Place": 10,
    "Angle": 180,
    "Objects": [
        "chair"
    ]
}{
    "Place": 10,
    "Angle": 270,
    "Objects": [
        "pillow",
        "bed"
    ]
} {
    "Place": 11,
    "Angle": 0,
    "Objects": [
        "window"
    ]
}{
    "Place": 11,
    "Angle": 90,
    "Objects": [
        "desk"
    ]
}{
    "Place": 11,
    "Angle": 270,
    "Objects": [
        "street"
    ]
} {
    "Place": 12,
    "Angle": 0,
    "Objects": [
        "chair",
        "desk"
    ]
}{
    "Place": 12,
    "Angle": 90,
    "Objects": [
        "light fixture",
        "doorway",
        "wall",
        "wall"
    ]
}{
    "Place": 12,
    "Angle": 180,
    "Objects": [
        "sink",
        "drain"
    ]
}{
    "Place": 12,
    "Angle": 270,
    "Objects": [
        "window"
    ]
} {
    "Place": 13,
    "Angle": 90,
    "Objects": [
        "floor",
        "fridge"
    ]
}{
    "Place": 13,
    "Angle": 180,
    "Objects": [
        "sofa",
        "doorway",
        "window",
        "ceiling"
    ]
} {
    "Place": 14,
    "Angle": 0,
    "Objects": [
        "doorway",
        "wall"
    ]
} {
    "Place": 15,
    "Angle": 0,
    "Objects": [
        "cabinet"
    ]
}{
    "Place": 15,
    "Angle": 90,
    "Objects": [
        "potted plants",
        "window"
    ]
}{
    "Place": 15,
    "Angle": 180,
    "Objects": [
        "chair",
        "floorlamp"
    ]
}{
    "Place": 15,
    "Angle": 270,
    "Objects": [
        "table"
    ]
}
[Debug] resolver candidates place=0: exact=0 relaxed_or_synthesized=1
[Debug] resolver candidates place=6: exact=2 relaxed_or_synthesized=3
[Debug] resolver candidates place=9: exact=3 relaxed_or_synthesized=1
[Debug] resolver candidates place=11: exact=2 relaxed_or_synthesized=1
[Debug] resolver candidates place=14: exact=0 relaxed_or_synthesized=1
[Debug] allowed planner objects: ['floorlamp', 'chair']
[Debug] allowed planner objects by place: {0: [], 2: [], 6: [], 8: [], 15: ['chair', 'floorlamp']}
The above is a description of different places in different angles in the environment.Your can get to any place described in the json data. Your goal is to find the countertop. Based on the above json data, please choose one specific object to travel to as your target. If your goal is already in the description, please choose it as the target. You must choose an object only from this allowed list: floorlamp, chair. Do not output any object name that is not in the allowed list. Valid choosable objects by place are: Place 15: chair, floorlamp. The Objects field must contain exactly one object from the chosen place list.Note that you can travel to door or door frame to other spaces if there are no clear evidence to choose the target.  Return exactly one JSON object by referring to the following template.
            {"Place": x, "Angle": x, "Objects": ["xxxx"] }
            If your goal is already in the description, please choose it as the target. You should not output any explanation, markdown, prose, examples, or extra text before or after the JSON. Note that your should choose only one object in one angle of one place in the json data as the target.
{"Place": "floorlamp", "Angle": 270, "Objects": ["chair"]}
[Timing] planning mode=kv elapsed=1.529s
{"Place": 15, "Angle": 270, "Objects": ["floorlamp"]}
[Debug] planner selected: place=15, angle=270, objects=['floorlamp']
last_key:['Place 0', 'Place 0', 'Place 2', 'Place 0', 'Place 0', 'Place 0', 'Place 6', 'Place 6', 'Place 8', 'Place 9', 'Place 8', 'Place 11', 'Place 11', 'Place 11', 'Place 14']
[Debug] allowed_targets_by_place[15] candidates: [('chair', 180, 2, 1.0, 'chair', array([15.864725 ,  0.3625995, 14.481242 ], dtype=float32)), ('floorlamp', 180, 105, 0.7215485572814941, 'floorlamp', array([15.865048 ,  0.9449037, 13.514288 ], dtype=float32))]
[Debug] resolved target tuple: ('floorlamp', 180, 105, 0.7215485572814941, 'floorlamp', array([15.865048 ,  0.9449037, 13.514288 ], dtype=float32)) from representative place 15
[Debug] resolved source place: 15 for representative place 15
15
final_goal:countertop,sub_goal:floorlamp,place:15,trajectory: tv in Place 0.doorway in Place 0.sink in Place 2.chair in Place 8.window in Place 0.floorlamp in Place 15.
sub_target_id:105
target:floorlamp
final_goal:countertop
final_length:132.01400756835938
[Timing] pathfinder to-subgoal elapsed=2.362s found=True
[Debug] sub-goal visible on screen: label=floorlamp ratio=0.048360 bbox=252x651
[Debug] observation rotation: angle=0 pause=0.25s
[Debug] observation rotation: angle=90 pause=0.25s
[Debug] observation rotation: angle=180 pause=0.25s
[Debug] observation rotation: angle=270 pause=0.25s
[Debug] calling detection service: position_id=big+16+16 angle=0 prompt='countertop . table . chair . lamp .'
[Debug] received detection service result: position_id=big+16+16 angle=0
[Debug] calling detection service: position_id=big+16+16 angle=90 prompt='countertop . shape .'
[Debug] received detection service result: position_id=big+16+16 angle=90
[Debug] calling detection service: position_id=big+16+16 angle=180 prompt='countertop . building .'
[Debug] received detection service result: position_id=big+16+16 angle=180
[Debug] calling detection service: position_id=big+16+16 angle=270 prompt='countertop . desk . bed . chair .'
[Debug] received detection service result: position_id=big+16+16 angle=270
[Debug] box_info_list_sum: [[{'label': 'lamp', 'box': [315, 50, 1023, 1022]}, {'label': 'table', 'box': [0, 639, 275, 849]}, {'label': 'chair', 'box': [0, 724, 59, 851]}], [], [], [{'label': 'bed', 'box': [607, 591, 935, 726]}, {'label': 'chair', 'box': [923, 658, 1023, 881]}]]
[Debug] max_similar_objs_list: []
[Debug] empty_position: [0]
Setting `pad_token_id` to `eos_token_id`:151645 for open-end generation.
Setting `pad_token_id` to `eos_token_id`:151645 for open-end generation.
Setting `pad_token_id` to `eos_token_id`:151645 for open-end generation.
Setting `pad_token_id` to `eos_token_id`:151645 for open-end generation.
 {
    "Place": 0,
    "Angle": 0,
    "Objects": [
        "shadow",
        "background"
    ]
} {
    "Place": 1,
    "Angle": 0,
    "Objects": [
        "building",
        "wall"
    ]
}{
    "Place": 1,
    "Angle": 270,
    "Objects": [
        "tv"
    ]
} {
    "Place": 2,
    "Angle": 180,
    "Objects": [
        "chair"
    ]
} {
    "Place": 3,
    "Angle": 0,
    "Objects": [
        "wall",
        "faucet"
    ]
}{
    "Place": 3,
    "Angle": 90,
    "Objects": [
        "shadow",
        "wall"
    ]
}{
    "Place": 3,
    "Angle": 180,
    "Objects": [
        "doorway",
        "wall"
    ]
}{
    "Place": 3,
    "Angle": 270,
    "Objects": [
        "toilet",
        "doorway"
    ]
} {
    "Place": 4,
    "Angle": 0,
    "Objects": [
        "doorway"
    ]
}{
    "Place": 4,
    "Angle": 180,
    "Objects": [
        "table",
        "wall",
        "ceiling",
        "wall art"
    ]
}{
    "Place": 4,
    "Angle": 270,
    "Objects": [
        "tv"
    ]
} {
    "Place": 5,
    "Angle": 0,
    "Objects": [
        "chair",
        "bed"
    ]
}{
    "Place": 5,
    "Angle": 270,
    "Objects": [
        "bed"
    ]
} {
    "Place": 6,
    "Angle": 90,
    "Objects": [
        "doorway",
        "dresser"
    ]
}{
    "Place": 6,
    "Angle": 270,
    "Objects": [
        "doorway",
        "wall",
        "painting"
    ]
} {
    "Place": 7,
    "Angle": 90,
    "Objects": [
        "wall",
        "faucet"
    ]
}{
    "Place": 7,
    "Angle": 180,
    "Objects": [
        "wall",
        "faucet"
    ]
} {
    "Place": 8,
    "Angle": 0,
    "Objects": [
        "painting"
    ]
}{
    "Place": 8,
    "Angle": 90,
    "Objects": [
        "clock",
        "dining table",
        "window",
        "bed"
    ]
}{
    "Place": 8,
    "Angle": 180,
    "Objects": [
        "cabinet"
    ]
} {
    "Place": 9,
    "Angle": 90,
    "Objects": [
        "tv",
        "wall"
    ]
}{
    "Place": 9,
    "Angle": 180,
    "Objects": [
        "doorway",
        "dresser"
    ]
}{
    "Place": 9,
    "Angle": 270,
    "Objects": [
        "table",
        "chair"
    ]
} {
    "Place": 10,
    "Angle": 0,
    "Objects": [
        "building",
        "potted plants",
        "window"
    ]
}{
    "Place": 10,
    "Angle": 90,
    "Objects": [
        "chair"
    ]
}{
    "Place": 10,
    "Angle": 180,
    "Objects": [
        "chair"
    ]
}{
    "Place": 10,
    "Angle": 270,
    "Objects": [
        "pillow",
        "bed"
    ]
} {
    "Place": 11,
    "Angle": 0,
    "Objects": [
        "window"
    ]
}{
    "Place": 11,
    "Angle": 90,
    "Objects": [
        "desk"
    ]
}{
    "Place": 11,
    "Angle": 270,
    "Objects": [
        "street"
    ]
} {
    "Place": 12,
    "Angle": 0,
    "Objects": [
        "chair",
        "desk"
    ]
}{
    "Place": 12,
    "Angle": 90,
    "Objects": [
        "light fixture",
        "doorway",
        "wall",
        "wall"
    ]
}{
    "Place": 12,
    "Angle": 180,
    "Objects": [
        "sink",
        "drain"
    ]
}{
    "Place": 12,
    "Angle": 270,
    "Objects": [
        "window"
    ]
} {
    "Place": 13,
    "Angle": 90,
    "Objects": [
        "floor",
        "fridge"
    ]
}{
    "Place": 13,
    "Angle": 180,
    "Objects": [
        "sofa",
        "doorway",
        "window",
        "ceiling"
    ]
} {
    "Place": 14,
    "Angle": 0,
    "Objects": [
        "doorway",
        "wall"
    ]
} {
    "Place": 15,
    "Angle": 0,
    "Objects": [
        "cabinet"
    ]
}{
    "Place": 15,
    "Angle": 90,
    "Objects": [
        "potted plants",
        "window"
    ]
}{
    "Place": 15,
    "Angle": 270,
    "Objects": [
        "table"
    ]
} {
    "Place": 16,
    "Angle": 0,
    "Objects": [
        "chair"
    ]
}{
    "Place": 16,
    "Angle": 90,
    "Objects": [
        "shadow",
        "shape"
    ]
}{
    "Place": 16,
    "Angle": 180,
    "Objects": [
        "shadow",
        "building"
    ]
}{
    "Place": 16,
    "Angle": 270,
    "Objects": [
        "desk",
        "teddy bear"
    ]
}
[Debug] resolver candidates place=0: exact=0 relaxed_or_synthesized=1
[Debug] resolver candidates place=6: exact=2 relaxed_or_synthesized=3
[Debug] resolver candidates place=9: exact=3 relaxed_or_synthesized=1
[Debug] resolver candidates place=11: exact=2 relaxed_or_synthesized=1
[Debug] resolver candidates place=14: exact=0 relaxed_or_synthesized=1
[Debug] resolver candidates place=15: exact=0 relaxed_or_synthesized=1
[Debug] allowed planner objects: ['diningtable', 'chair']
[Debug] allowed planner objects by place: {0: [], 2: [], 6: [], 8: [], 15: [], 16: ['diningtable', 'chair']}
The above is a description of different places in different angles in the environment.Your can get to any place described in the json data. Your goal is to find the countertop. Based on the above json data, please choose one specific object to travel to as your target. If your goal is already in the description, please choose it as the target. You must choose an object only from this allowed list: diningtable, chair. Do not output any object name that is not in the allowed list. Valid choosable objects by place are: Place 16: diningtable, chair. The Objects field must contain exactly one object from the chosen place list.Note that you can travel to door or door frame to other spaces if there are no clear evidence to choose the target.  Return exactly one JSON object by referring to the following template.
            {"Place": x, "Angle": x, "Objects": ["xxxx"] }
            If your goal is already in the description, please choose it as the target. You should not output any explanation, markdown, prose, examples, or extra text before or after the JSON. Note that your should choose only one object in one angle of one place in the json data as the target.
{"Place": "16", "Angle": "0", "Objects": ["chair"]}
[Timing] planning mode=kv elapsed=1.500s
{"Place": 16, "Angle": 0, "Objects": ["chair"]}
[Debug] planner selected: place=16, angle=0, objects=['chair']
last_key:['Place 0', 'Place 0', 'Place 2', 'Place 0', 'Place 0', 'Place 0', 'Place 6', 'Place 6', 'Place 8', 'Place 9', 'Place 8', 'Place 11', 'Place 11', 'Place 11', 'Place 14', 'Place 15']
[Debug] allowed_targets_by_place[16] candidates: [('diningtable', 270, 46, 0.5, 'diningtable', array([13.373684 ,  0.3721553, 15.823823 ], dtype=float32)), ('chair', 0, 2, 0.5, 'chair', array([15.864725 ,  0.3625995, 14.481242 ], dtype=float32))]
[Debug] resolved target tuple: ('chair', 0, 2, 0.5, 'chair', array([15.864725 ,  0.3625995, 14.481242 ], dtype=float32)) from representative place 16
[Debug] resolved source place: 16 for representative place 16
16
final_goal:countertop,sub_goal:chair,place:16,trajectory: tv in Place 0.doorway in Place 0.sink in Place 2.chair in Place 8.window in Place 0.floorlamp in Place 15.
sub_target_id:2
target:chair
final_goal:countertop
final_length:135.69598388671875
[Timing] pathfinder to-subgoal elapsed=0.564s found=True
[Debug] sub-goal visible on screen: label=chair ratio=0.009984 bbox=168x98
[Debug] observation rotation: angle=0 pause=0.25s
[Debug] observation rotation: angle=90 pause=0.25s
[Debug] observation rotation: angle=180 pause=0.25s
[Debug] observation rotation: angle=270 pause=0.25s
[Debug] calling detection service: position_id=big+17+17 angle=0 prompt='countertop . table . doorway . window .'
[Debug] received detection service result: position_id=big+17+17 angle=0
[Debug] calling detection service: position_id=big+17+17 angle=90 prompt='countertop . window . mirror .'
[Debug] received detection service result: position_id=big+17+17 angle=90
[Debug] calling detection service: position_id=big+17+17 angle=180 prompt='countertop . plant . lamp .'
[Debug] received detection service result: position_id=big+17+17 angle=180
[Debug] calling detection service: position_id=big+17+17 angle=270 prompt='countertop . desk . window . bed .'
[Debug] received detection service result: position_id=big+17+17 angle=270
[Debug] box_info_list_sum: [[{'label': 'table', 'box': [0, 745, 222, 978]}], [{'label': 'window', 'box': [0, 328, 330, 784]}], [{'label': 'lamp', 'box': [0, 316, 350, 1022]}, {'label': 'plant', 'box': [232, 658, 408, 948]}, {'label': 'countertop', 'box': [809, 697, 1023, 866]}], []]
plant
[Debug] dropped verified goal candidate: label=countertop angle=180 box=[809, 697, 1023, 866] overlaps=floor#100:0.974, doorway#55:0.014, wall#260:0.012
[Debug] max_similar_objs_list: [[('plant', 180, 113, 1.0, 'plant', array([15.901485 ,  0.4924457, 12.582052 ], dtype=float32))]]
[Debug] empty_position: []
 {
    "Place": 0,
    "Angle": 0,
    "Objects": [
        "shadow",
        "background"
    ]
} {
    "Place": 1,
    "Angle": 0,
    "Objects": [
        "building",
        "wall"
    ]
}{
    "Place": 1,
    "Angle": 270,
    "Objects": [
        "tv"
    ]
} {
    "Place": 2,
    "Angle": 180,
    "Objects": [
        "chair"
    ]
} {
    "Place": 3,
    "Angle": 0,
    "Objects": [
        "wall",
        "faucet"
    ]
}{
    "Place": 3,
    "Angle": 90,
    "Objects": [
        "shadow",
        "wall"
    ]
}{
    "Place": 3,
    "Angle": 180,
    "Objects": [
        "doorway",
        "wall"
    ]
}{
    "Place": 3,
    "Angle": 270,
    "Objects": [
        "toilet",
        "doorway"
    ]
} {
    "Place": 4,
    "Angle": 0,
    "Objects": [
        "doorway"
    ]
}{
    "Place": 4,
    "Angle": 180,
    "Objects": [
        "table",
        "wall",
        "ceiling",
        "wall art"
    ]
}{
    "Place": 4,
    "Angle": 270,
    "Objects": [
        "tv"
    ]
} {
    "Place": 5,
    "Angle": 0,
    "Objects": [
        "chair",
        "bed"
    ]
}{
    "Place": 5,
    "Angle": 270,
    "Objects": [
        "bed"
    ]
} {
    "Place": 6,
    "Angle": 90,
    "Objects": [
        "doorway",
        "dresser"
    ]
}{
    "Place": 6,
    "Angle": 270,
    "Objects": [
        "doorway",
        "wall",
        "painting"
    ]
} {
    "Place": 7,
    "Angle": 90,
    "Objects": [
        "wall",
        "faucet"
    ]
}{
    "Place": 7,
    "Angle": 180,
    "Objects": [
        "wall",
        "faucet"
    ]
} {
    "Place": 8,
    "Angle": 0,
    "Objects": [
        "painting"
    ]
}{
    "Place": 8,
    "Angle": 90,
    "Objects": [
        "clock",
        "dining table",
        "window",
        "bed"
    ]
}{
    "Place": 8,
    "Angle": 180,
    "Objects": [
        "cabinet"
    ]
} {
    "Place": 9,
    "Angle": 90,
    "Objects": [
        "tv",
        "wall"
    ]
}{
    "Place": 9,
    "Angle": 180,
    "Objects": [
        "doorway",
        "dresser"
    ]
}{
    "Place": 9,
    "Angle": 270,
    "Objects": [
        "table",
        "chair"
    ]
} {
    "Place": 10,
    "Angle": 0,
    "Objects": [
        "building",
        "potted plants",
        "window"
    ]
}{
    "Place": 10,
    "Angle": 90,
    "Objects": [
        "chair"
    ]
}{
    "Place": 10,
    "Angle": 180,
    "Objects": [
        "chair"
    ]
}{
    "Place": 10,
    "Angle": 270,
    "Objects": [
        "pillow",
        "bed"
    ]
} {
    "Place": 11,
    "Angle": 0,
    "Objects": [
        "window"
    ]
}{
    "Place": 11,
    "Angle": 90,
    "Objects": [
        "desk"
    ]
}{
    "Place": 11,
    "Angle": 270,
    "Objects": [
        "street"
    ]
} {
    "Place": 12,
    "Angle": 0,
    "Objects": [
        "chair",
        "desk"
    ]
}{
    "Place": 12,
    "Angle": 90,
    "Objects": [
        "light fixture",
        "doorway",
        "wall",
        "wall"
    ]
}{
    "Place": 12,
    "Angle": 180,
    "Objects": [
        "sink",
        "drain"
    ]
}{
    "Place": 12,
    "Angle": 270,
    "Objects": [
        "window"
    ]
} {
    "Place": 13,
    "Angle": 90,
    "Objects": [
        "floor",
        "fridge"
    ]
}{
    "Place": 13,
    "Angle": 180,
    "Objects": [
        "sofa",
        "doorway",
        "window",
        "ceiling"
    ]
} {
    "Place": 14,
    "Angle": 0,
    "Objects": [
        "doorway",
        "wall"
    ]
} {
    "Place": 15,
    "Angle": 0,
    "Objects": [
        "cabinet"
    ]
}{
    "Place": 15,
    "Angle": 90,
    "Objects": [
        "potted plants",
        "window"
    ]
}{
    "Place": 15,
    "Angle": 270,
    "Objects": [
        "table"
    ]
} {
    "Place": 16,
    "Angle": 90,
    "Objects": [
        "shadow",
        "shape"
    ]
}{
    "Place": 16,
    "Angle": 180,
    "Objects": [
        "shadow",
        "building"
    ]
}{
    "Place": 16,
    "Angle": 270,
    "Objects": [
        "desk",
        "teddy bear"
    ]
} {
    "Place": 17,
    "Angle": 0,
    "Objects": [
        "doorway",
        "window"
    ]
}{
    "Place": 17,
    "Angle": 90,
    "Objects": [
        "mirror"
    ]
}{
    "Place": 17,
    "Angle": 180,
    "Objects": [
        "plant"
    ]
}{
    "Place": 17,
    "Angle": 270,
    "Objects": [
        "desk",
        "window",
        "chair",
        "bed"
    ]
}
[Debug] resolver candidates place=0: exact=0 relaxed_or_synthesized=1
[Debug] resolver candidates place=6: exact=2 relaxed_or_synthesized=3
[Debug] resolver candidates place=9: exact=3 relaxed_or_synthesized=1
[Debug] resolver candidates place=11: exact=2 relaxed_or_synthesized=1
[Debug] resolver candidates place=14: exact=0 relaxed_or_synthesized=1
[Debug] resolver candidates place=15: exact=2 relaxed_or_synthesized=2
[Debug] resolver candidates place=16: exact=1 relaxed_or_synthesized=1
[Debug] allowed planner objects: ['plant']
[Debug] allowed planner objects by place: {0: [], 2: [], 6: [], 8: [], 15: [], 16: [], 17: ['plant']}
[Debug] bypassing planner because only one target is allowed: {"Place": 0, "Angle": 0, "Objects": ["plant"]}
{"Place": 0, "Angle": 0, "Objects": ["plant"]}
[Debug] planner selected: place=0, angle=0, objects=['plant']
last_key:['Place 0', 'Place 0', 'Place 2', 'Place 0', 'Place 0', 'Place 0', 'Place 6', 'Place 6', 'Place 8', 'Place 9', 'Place 8', 'Place 11', 'Place 11', 'Place 11', 'Place 14', 'Place 15', 'Place 16']
[Debug] allowed_targets_by_place[0] candidates: [('sink', 180, 163, 1.0, 'sink', array([ 0.39198   ,  0.50974405, 10.524744  ], dtype=float32)), ('dresser', 180, 87, 1.0, 'dresser', array([ 5.78897   ,  0.48488423, 13.054507  ], dtype=float32)), ('faucet', 0, 92, 1.0, 'faucet', array([15.910654 ,  1.0813746, 12.024943 ], dtype=float32)), ('faucet', 180, 91, 1.0, 'faucet', array([ 9.743542 ,  1.1324992, 10.346899 ], dtype=float32)), ('toilet', 270, 186, 1.0, 'toilet', array([10.642204 ,  0.4727599, 10.986129 ], dtype=float32)), ('tv', 90, 178, 1.0, 'tv', array([ 6.0216255,  1.5372636, 15.218543 ], dtype=float32)), ('pillow', 270, 146, 1.0, 'pillow', array([ 0.3311261,  0.4583161, 17.69159  ], dtype=float32)), ('bed', 0, 5, 1.0, 'bed', array([11.041425  ,  0.41503024, 15.152356  ], dtype=float32)), ('bed', 270, 7, 1.0, 'bed', array([ 0.41128585,  0.33533388, 17.483425  ], dtype=float32)), ('chair', 0, 32, 1.0, 'chair', array([13.373507 ,  0.4374691, 15.2606   ], dtype=float32)), ('chair', 0, 25, 1.0, 'chair', array([ 2.550556  ,  0.51412684, 15.322086  ], dtype=float32)), ('chair', 180, 26, 1.0, 'chair', array([ 1.8016188 ,  0.51412684, 15.957131  ], dtype=float32)), ('chair', 270, 39, 1.0, 'chair', array([ 3.227283 ,  0.5141269, 15.343012 ], dtype=float32)), ('diningtable', 180, 49, 0.5, 'diningtable', array([12.137417  ,  0.39104015,  3.502878  ], dtype=float32)), ('plant', 0, 114, 1.0, 'plant', array([ 3.4943209,  1.0427878, 15.987494 ], dtype=float32)), ('doorframe', 90, 54, 0.5, 'doorframe', array([8.149    , 1.0496987, 2.7603579], dtype=float32))]
[Debug] resolved target tuple: ('plant', 0, 114, 1.0, 'plant', array([ 3.4943209,  1.0427878, 15.987494 ], dtype=float32)) from representative place 0
[Debug] resolved source place: 9 for representative place 0
0
final_goal:countertop,sub_goal:plant,place:0,trajectory: tv in Place 0.doorway in Place 0.sink in Place 2.chair in Place 8.window in Place 0.floorlamp in Place 15.plant in Place 0.
sub_target_id:114
target:plant
final_goal:countertop
final_length:137.9637451171875
[Timing] pathfinder to-subgoal elapsed=0.035s found=True
Setting `pad_token_id` to `eos_token_id`:151645 for open-end generation.
Setting `pad_token_id` to `eos_token_id`:151645 for open-end generation.
Setting `pad_token_id` to `eos_token_id`:151645 for open-end generation.
Setting `pad_token_id` to `eos_token_id`:151645 for open-end generation.
 {
    "Place": 0,
    "Angle": 0,
    "Objects": [
        "shadow",
        "background"
    ]
} {
    "Place": 1,
    "Angle": 0,
    "Objects": [
        "building",
        "wall"
    ]
}{
    "Place": 1,
    "Angle": 270,
    "Objects": [
        "tv"
    ]
} {
    "Place": 2,
    "Angle": 180,
    "Objects": [
        "chair"
    ]
} {
    "Place": 3,
    "Angle": 0,
    "Objects": [
        "wall",
        "faucet"
    ]
}{
    "Place": 3,
    "Angle": 90,
    "Objects": [
        "shadow",
        "wall"
    ]
}{
    "Place": 3,
    "Angle": 180,
    "Objects": [
        "doorway",
        "wall"
    ]
}{
    "Place": 3,
    "Angle": 270,
    "Objects": [
        "toilet",
        "doorway"
    ]
} {
    "Place": 4,
    "Angle": 0,
    "Objects": [
        "doorway"
    ]
}{
    "Place": 4,
    "Angle": 180,
    "Objects": [
        "table",
        "wall",
        "ceiling",
        "wall art"
    ]
}{
    "Place": 4,
    "Angle": 270,
    "Objects": [
        "tv"
    ]
} {
    "Place": 5,
    "Angle": 0,
    "Objects": [
        "chair",
        "bed"
    ]
}{
    "Place": 5,
    "Angle": 270,
    "Objects": [
        "bed"
    ]
} {
    "Place": 6,
    "Angle": 90,
    "Objects": [
        "doorway",
        "dresser"
    ]
}{
    "Place": 6,
    "Angle": 270,
    "Objects": [
        "doorway",
        "wall",
        "painting"
    ]
} {
    "Place": 7,
    "Angle": 90,
    "Objects": [
        "wall",
        "faucet"
    ]
}{
    "Place": 7,
    "Angle": 180,
    "Objects": [
        "wall",
        "faucet"
    ]
} {
    "Place": 8,
    "Angle": 0,
    "Objects": [
        "painting"
    ]
}{
    "Place": 8,
    "Angle": 90,
    "Objects": [
        "clock",
        "dining table",
        "window",
        "bed"
    ]
}{
    "Place": 8,
    "Angle": 180,
    "Objects": [
        "cabinet"
    ]
} {
    "Place": 9,
    "Angle": 90,
    "Objects": [
        "tv",
        "wall"
    ]
}{
    "Place": 9,
    "Angle": 180,
    "Objects": [
        "doorway",
        "dresser"
    ]
}{
    "Place": 9,
    "Angle": 270,
    "Objects": [
        "table",
        "chair"
    ]
} {
    "Place": 10,
    "Angle": 0,
    "Objects": [
        "building",
        "potted plants",
        "window"
    ]
}{
    "Place": 10,
    "Angle": 90,
    "Objects": [
        "chair"
    ]
}{
    "Place": 10,
    "Angle": 180,
    "Objects": [
        "chair"
    ]
}{
    "Place": 10,
    "Angle": 270,
    "Objects": [
        "pillow",
        "bed"
    ]
} {
    "Place": 11,
    "Angle": 0,
    "Objects": [
        "window"
    ]
}{
    "Place": 11,
    "Angle": 90,
    "Objects": [
        "desk"
    ]
}{
    "Place": 11,
    "Angle": 270,
    "Objects": [
        "street"
    ]
} {
    "Place": 12,
    "Angle": 0,
    "Objects": [
        "chair",
        "desk"
    ]
}{
    "Place": 12,
    "Angle": 90,
    "Objects": [
        "light fixture",
        "doorway",
        "wall",
        "wall"
    ]
}{
    "Place": 12,
    "Angle": 180,
    "Objects": [
        "sink",
        "drain"
    ]
}{
    "Place": 12,
    "Angle": 270,
    "Objects": [
        "window"
    ]
} {
    "Place": 13,
    "Angle": 90,
    "Objects": [
        "floor",
        "fridge"
    ]
}{
    "Place": 13,
    "Angle": 180,
    "Objects": [
        "sofa",
        "doorway",
        "window",
        "ceiling"
    ]
} {
    "Place": 14,
    "Angle": 0,
    "Objects": [
        "doorway",
        "wall"
    ]
} {
    "Place": 15,
    "Angle": 0,
    "Objects": [
        "cabinet"
    ]
}{
    "Place": 15,
    "Angle": 90,
    "Objects": [
        "potted plants",
        "window"
    ]
}{
    "Place": 15,
    "Angle": 270,
    "Objects": [
        "table"
    ]
} {
    "Place": 16,
    "Angle": 90,
    "Objects": [
        "shadow",
        "shape"
    ]
}{
    "Place": 16,
    "Angle": 180,
    "Objects": [
        "shadow",
        "building"
    ]
}{
    "Place": 16,
    "Angle": 270,
    "Objects": [
        "desk",
        "teddy bear"
    ]
} {
    "Place": 17,
    "Angle": 0,
    "Objects": [
        "doorway",
        "window"
    ]
}{
    "Place": 17,
    "Angle": 90,
    "Objects": [
        "mirror"
    ]
}{
    "Place": 17,
    "Angle": 180,
    "Objects": [
        "plant"
    ]
}{
    "Place": 17,
    "Angle": 270,
    "Objects": [
        "desk",
        "window",
        "chair",
        "bed"
    ]
}
[Debug] resolver candidates place=0: exact=0 relaxed_or_synthesized=1
[Debug] resolver candidates place=6: exact=2 relaxed_or_synthesized=3
[Debug] resolver candidates place=11: exact=2 relaxed_or_synthesized=1
[Debug] resolver candidates place=14: exact=0 relaxed_or_synthesized=1
[Debug] resolver candidates place=15: exact=2 relaxed_or_synthesized=2
[Debug] resolver candidates place=16: exact=1 relaxed_or_synthesized=1
[Debug] allowed planner objects: ['plant']
[Debug] allowed planner objects by place: {0: [], 2: [], 6: [], 8: [], 15: [], 16: [], 17: ['plant']}
[Debug] bypassing planner because only one target is allowed: {"Place": 17, "Angle": 180, "Objects": ["plant"]}
{"Place": 17, "Angle": 180, "Objects": ["plant"]}
[Debug] planner selected: place=17, angle=180, objects=['plant']
last_key:['Place 0', 'Place 0', 'Place 2', 'Place 0', 'Place 0', 'Place 0', 'Place 6', 'Place 6', 'Place 8', 'Place 9', 'Place 8', 'Place 11', 'Place 11', 'Place 11', 'Place 14', 'Place 15', 'Place 16', 'Place 9']
[Debug] allowed_targets_by_place[17] candidates: [('plant', 180, 113, 1.0, 'plant', array([15.901485 ,  0.4924457, 12.582052 ], dtype=float32))]
[Debug] resolved target tuple: ('plant', 180, 113, 1.0, 'plant', array([15.901485 ,  0.4924457, 12.582052 ], dtype=float32)) from representative place 17
[Debug] resolved source place: 17 for representative place 17
17
final_goal:countertop,sub_goal:plant,place:17,trajectory: tv in Place 0.doorway in Place 0.sink in Place 2.chair in Place 8.window in Place 0.floorlamp in Place 15.plant in Place 0.
sub_target_id:113
target:plant
final_goal:countertop
final_length:137.9637451171875
[Timing] pathfinder to-subgoal elapsed=1.313s found=True
[Debug] sub-goal visible on screen: label=plant ratio=0.012908 bbox=204x310
[Debug] observation rotation: angle=0 pause=0.25s
[Debug] observation rotation: angle=90 pause=0.25s
[Debug] observation rotation: angle=180 pause=0.25s
[Debug] observation rotation: angle=270 pause=0.25s
[Debug] calling detection service: position_id=big+18+19 angle=0 prompt='countertop . table . doorway . chair .'
[Debug] received detection service result: position_id=big+18+19 angle=0
[Debug] calling detection service: position_id=big+18+19 angle=90 prompt='countertop . plant .'
[Debug] received detection service result: position_id=big+18+19 angle=90
[Debug] calling detection service: position_id=big+18+19 angle=180 prompt='countertop . blue background .'
[Debug] received detection service result: position_id=big+18+19 angle=180
[Debug] calling detection service: position_id=big+18+19 angle=270 prompt='countertop . desk . doorway . nightstand .'
[Debug] received detection service result: position_id=big+18+19 angle=270
[Debug] box_info_list_sum: [[{'label': 'chair', 'box': [1, 667, 737, 1022]}, {'label': 'table', 'box': [0, 629, 329, 817]}], [], [{'label': 'blue background', 'box': [0, 0, 1024, 1023]}], [{'label': 'doorway', 'box': [228, 245, 718, 1021]}]]
wall
[Debug] max_similar_objs_list: [[('wall', 180, 256, 0.5272955298423767, 'wall', array([8.1485   , 1.8875163, 6.1115   ], dtype=float32))]]
[Debug] empty_position: []
Setting `pad_token_id` to `eos_token_id`:151645 for open-end generation.
Setting `pad_token_id` to `eos_token_id`:151645 for open-end generation.
Setting `pad_token_id` to `eos_token_id`:151645 for open-end generation.
Setting `pad_token_id` to `eos_token_id`:151645 for open-end generation.
 {
    "Place": 0,
    "Angle": 0,
    "Objects": [
        "shadow",
        "background"
    ]
} {
    "Place": 1,
    "Angle": 0,
    "Objects": [
        "building",
        "wall"
    ]
}{
    "Place": 1,
    "Angle": 270,
    "Objects": [
        "tv"
    ]
} {
    "Place": 2,
    "Angle": 180,
    "Objects": [
        "chair"
    ]
} {
    "Place": 3,
    "Angle": 0,
    "Objects": [
        "wall",
        "faucet"
    ]
}{
    "Place": 3,
    "Angle": 90,
    "Objects": [
        "shadow",
        "wall"
    ]
}{
    "Place": 3,
    "Angle": 180,
    "Objects": [
        "doorway",
        "wall"
    ]
}{
    "Place": 3,
    "Angle": 270,
    "Objects": [
        "toilet",
        "doorway"
    ]
} {
    "Place": 4,
    "Angle": 0,
    "Objects": [
        "doorway"
    ]
}{
    "Place": 4,
    "Angle": 180,
    "Objects": [
        "table",
        "wall",
        "ceiling",
        "wall art"
    ]
}{
    "Place": 4,
    "Angle": 270,
    "Objects": [
        "tv"
    ]
} {
    "Place": 5,
    "Angle": 0,
    "Objects": [
        "chair",
        "bed"
    ]
}{
    "Place": 5,
    "Angle": 270,
    "Objects": [
        "bed"
    ]
} {
    "Place": 6,
    "Angle": 90,
    "Objects": [
        "doorway",
        "dresser"
    ]
}{
    "Place": 6,
    "Angle": 270,
    "Objects": [
        "doorway",
        "wall",
        "painting"
    ]
} {
    "Place": 7,
    "Angle": 90,
    "Objects": [
        "wall",
        "faucet"
    ]
}{
    "Place": 7,
    "Angle": 180,
    "Objects": [
        "wall",
        "faucet"
    ]
} {
    "Place": 8,
    "Angle": 0,
    "Objects": [
        "painting"
    ]
}{
    "Place": 8,
    "Angle": 90,
    "Objects": [
        "clock",
        "dining table",
        "window",
        "bed"
    ]
}{
    "Place": 8,
    "Angle": 180,
    "Objects": [
        "cabinet"
    ]
} {
    "Place": 9,
    "Angle": 90,
    "Objects": [
        "tv",
        "wall"
    ]
}{
    "Place": 9,
    "Angle": 180,
    "Objects": [
        "doorway",
        "dresser"
    ]
}{
    "Place": 9,
    "Angle": 270,
    "Objects": [
        "table",
        "chair"
    ]
} {
    "Place": 10,
    "Angle": 0,
    "Objects": [
        "building",
        "potted plants",
        "window"
    ]
}{
    "Place": 10,
    "Angle": 90,
    "Objects": [
        "chair"
    ]
}{
    "Place": 10,
    "Angle": 180,
    "Objects": [
        "chair"
    ]
}{
    "Place": 10,
    "Angle": 270,
    "Objects": [
        "pillow",
        "bed"
    ]
} {
    "Place": 11,
    "Angle": 0,
    "Objects": [
        "window"
    ]
}{
    "Place": 11,
    "Angle": 90,
    "Objects": [
        "desk"
    ]
}{
    "Place": 11,
    "Angle": 270,
    "Objects": [
        "street"
    ]
} {
    "Place": 12,
    "Angle": 0,
    "Objects": [
        "chair",
        "desk"
    ]
}{
    "Place": 12,
    "Angle": 90,
    "Objects": [
        "light fixture",
        "doorway",
        "wall",
        "wall"
    ]
}{
    "Place": 12,
    "Angle": 180,
    "Objects": [
        "sink",
        "drain"
    ]
}{
    "Place": 12,
    "Angle": 270,
    "Objects": [
        "window"
    ]
} {
    "Place": 13,
    "Angle": 90,
    "Objects": [
        "floor",
        "fridge"
    ]
}{
    "Place": 13,
    "Angle": 180,
    "Objects": [
        "sofa",
        "doorway",
        "window",
        "ceiling"
    ]
} {
    "Place": 14,
    "Angle": 0,
    "Objects": [
        "doorway",
        "wall"
    ]
} {
    "Place": 15,
    "Angle": 0,
    "Objects": [
        "cabinet"
    ]
}{
    "Place": 15,
    "Angle": 90,
    "Objects": [
        "potted plants",
        "window"
    ]
}{
    "Place": 15,
    "Angle": 270,
    "Objects": [
        "table"
    ]
} {
    "Place": 16,
    "Angle": 90,
    "Objects": [
        "shadow",
        "shape"
    ]
}{
    "Place": 16,
    "Angle": 180,
    "Objects": [
        "shadow",
        "building"
    ]
}{
    "Place": 16,
    "Angle": 270,
    "Objects": [
        "desk",
        "teddy bear"
    ]
} {
    "Place": 17,
    "Angle": 0,
    "Objects": [
        "doorway",
        "window"
    ]
}{
    "Place": 17,
    "Angle": 90,
    "Objects": [
        "mirror"
    ]
}{
    "Place": 17,
    "Angle": 270,
    "Objects": [
        "desk",
        "window",
        "chair",
        "bed"
    ]
} {
    "Place": 18,
    "Angle": 0,
    "Objects": [
        "doorway",
        "lamp"
    ]
}{
    "Place": 18,
    "Angle": 90,
    "Objects": [
        "shadow",
        "plant"
    ]
}{
    "Place": 18,
    "Angle": 180,
    "Objects": [
        "shadow",
        "wall"
    ]
}{
    "Place": 18,
    "Angle": 270,
    "Objects": [
        "nightstand",
        "desk",
        "bed"
    ]
}
[Debug] resolver candidates place=0: exact=0 relaxed_or_synthesized=1
[Debug] resolver candidates place=6: exact=2 relaxed_or_synthesized=3
[Debug] resolver candidates place=11: exact=2 relaxed_or_synthesized=1
[Debug] resolver candidates place=14: exact=0 relaxed_or_synthesized=1
[Debug] resolver candidates place=15: exact=2 relaxed_or_synthesized=2
[Debug] resolver candidates place=16: exact=1 relaxed_or_synthesized=1
[Debug] resolver candidates place=17: exact=5 relaxed_or_synthesized=1
[Debug] allowed planner objects: []
[Debug] allowed planner objects by place: {0: [], 2: [], 6: [], 8: [], 15: [], 16: [], 17: []}
[Debug] resolver candidates place=0: exact=0 relaxed_or_synthesized=1
[Debug] resolver candidates place=6: exact=2 relaxed_or_synthesized=3
[Debug] resolver candidates place=11: exact=2 relaxed_or_synthesized=1
[Debug] resolver candidates place=14: exact=0 relaxed_or_synthesized=1
[Debug] resolver candidates place=15: exact=2 relaxed_or_synthesized=2
[Debug] resolver candidates place=16: exact=1 relaxed_or_synthesized=1
[Debug] resolver candidates place=17: exact=5 relaxed_or_synthesized=1
[Debug] bypassing planner because allowed target list is empty: {"Place": 8, "Angle": 0, "Objects": ["window"]}
{"Place": 8, "Angle": 0, "Objects": ["window"]}
[Debug] planner selected: place=8, angle=0, objects=['window']
last_key:['Place 0', 'Place 0', 'Place 2', 'Place 0', 'Place 0', 'Place 0', 'Place 6', 'Place 6', 'Place 8', 'Place 9', 'Place 8', 'Place 11', 'Place 11', 'Place 11', 'Place 14', 'Place 15', 'Place 16', 'Place 9', 'Place 17']
[Debug] allowed_targets_by_place[8] candidates: [('sofa', 180, 171, 1.0, 'sofa', array([3.1148195 , 0.40808412, 1.0060518 ], dtype=float32)), ('fridge', 90, 108, 0.9570007920265198, 'fridge', array([1.7389325, 0.8192681, 9.808192 ], dtype=float32)), ('painting', 0, 127, 0.7150622606277466, 'painting', array([ 4.9600744,  1.6785755, 20.35013  ], dtype=float32)), ('window', 0, 274, 0.5, 'window', array([4.7479534, 1.4993188, 0.       ], dtype=float32)), ('diningtable', 90, 48, 0.5, 'diningtable', array([ 2.8545296 ,  0.39069477, 15.950291  ], dtype=float32)), ('dresser', 90, 89, 0.7273175120353699, 'dresser', array([16.005705  ,  0.48717612, 17.471916  ], dtype=float32)), ('doorframe', 180, 54, 0.5, 'doorframe', array([8.149    , 1.0496987, 2.7603579], dtype=float32))]
[Debug] resolved target tuple: ('window', 0, 274, 0.5, 'window', array([4.7479534, 1.4993188, 0.       ], dtype=float32)) from representative place 8
[Debug] resolved source place: 11 for representative place 8
8
final_goal:countertop,sub_goal:window,place:8,trajectory: tv in Place 0.doorway in Place 0.sink in Place 2.chair in Place 8.window in Place 0.floorlamp in Place 15.plant in Place 0.
sub_target_id:274
target:window
final_goal:countertop
final_length:140.43861389160156
[Timing] pathfinder to-subgoal elapsed=33.984s found=True
[Debug] sub-goal visible on screen: label=window ratio=0.002740 bbox=35x86
[Debug] observation rotation: angle=0 pause=0.25s
[Debug] observation rotation: angle=90 pause=0.25s
[Debug] observation rotation: angle=180 pause=0.25s
[Debug] observation rotation: angle=270 pause=0.25s
[Debug] calling detection service: position_id=big+19+20 angle=0 prompt='countertop . table . chair . ceiling .'
[Debug] received detection service result: position_id=big+19+20 angle=0
[Debug] calling detection service: position_id=big+19+20 angle=90 prompt='countertop . picture . floor . ceiling .'
[Debug] received detection service result: position_id=big+19+20 angle=90
[Debug] calling detection service: position_id=big+19+20 angle=180 prompt='countertop . bicycle . window . building .'
[Debug] received detection service result: position_id=big+19+20 angle=180
[Debug] calling detection service: position_id=big+19+20 angle=270 prompt='countertop . tv . sofa .'
[Debug] received detection service result: position_id=big+19+20 angle=270
[Debug] box_info_list_sum: [[{'label': 'ceiling', 'box': [0, 0, 1023, 399]}, {'label': 'chair', 'box': [463, 742, 875, 983]}, {'label': 'table', 'box': [538, 655, 981, 1022]}, {'label': 'countertop', 'box': [0, 590, 1000, 739]}], [{'label': 'ceiling', 'box': [0, 0, 629, 182]}, {'label': 'floor', 'box': [39, 583, 307, 749]}], [{'label': 'building', 'box': [38, 0, 980, 561]}, {'label': 'window', 'box': [266, 330, 392, 534]}, {'label': 'bicycle', 'box': [207, 609, 449, 759]}], [{'label': 'tv', 'box': [511, 544, 630, 646]}, {'label': 'sofa', 'box': [319, 769, 1022, 1022]}, {'label': 'countertop', 'box': [424, 677, 1023, 798]}]]
chair
floor
[Debug] dropped verified goal candidate: label=countertop angle=0 box=[0, 590, 1000, 739] overlaps=floor#103:0.608, wall#219:0.127, diningtable#53:0.078, wall#215:0.071, chair#36:0.020
floor
tv
[Debug] dropped verified goal candidate: label=countertop angle=270 box=[424, 677, 1023, 798] overlaps=floor#93:0.782, sofa#171:0.072, floor#103:0.048, wall#222:0.027, diningtable#50:0.022
[Debug] max_similar_objs_list: [[('chair', 0, 27, 1.0, 'chair', array([4.8010187 , 0.33763278, 2.4063218 ], dtype=float32))], [('floor', 0, 93, 0.6794582009315491, 'floor', array([4.0745, 0.    , 2.037 ], dtype=float32))], [('floor', 90, 101, 1.0, 'floor', array([8.1485, 0.    , 3.0555], dtype=float32))], [('tv', 270, 181, 1.0, 'tv', array([0.26448253, 0.87137604, 1.0060515 ], dtype=float32))]]
[Debug] empty_position: []
 {
    "Place": 0,
    "Angle": 0,
    "Objects": [
        "shadow",
        "background"
    ]
} {
    "Place": 1,
    "Angle": 0,
    "Objects": [
        "building",
        "wall"
    ]
}{
    "Place": 1,
    "Angle": 270,
    "Objects": [
        "tv"
    ]
} {
    "Place": 2,
    "Angle": 180,
    "Objects": [
        "chair"
    ]
} {
    "Place": 3,
    "Angle": 0,
    "Objects": [
        "wall",
        "faucet"
    ]
}{
    "Place": 3,
    "Angle": 90,
    "Objects": [
        "shadow",
        "wall"
    ]
}{
    "Place": 3,
    "Angle": 180,
    "Objects": [
        "doorway",
        "wall"
    ]
}{
    "Place": 3,
    "Angle": 270,
    "Objects": [
        "toilet",
        "doorway"
    ]
} {
    "Place": 4,
    "Angle": 0,
    "Objects": [
        "doorway"
    ]
}{
    "Place": 4,
    "Angle": 180,
    "Objects": [
        "table",
        "wall",
        "ceiling",
        "wall art"
    ]
}{
    "Place": 4,
    "Angle": 270,
    "Objects": [
        "tv"
    ]
} {
    "Place": 5,
    "Angle": 0,
    "Objects": [
        "chair",
        "bed"
    ]
}{
    "Place": 5,
    "Angle": 270,
    "Objects": [
        "bed"
    ]
} {
    "Place": 6,
    "Angle": 90,
    "Objects": [
        "doorway",
        "dresser"
    ]
}{
    "Place": 6,
    "Angle": 270,
    "Objects": [
        "doorway",
        "wall",
        "painting"
    ]
} {
    "Place": 7,
    "Angle": 90,
    "Objects": [
        "wall",
        "faucet"
    ]
}{
    "Place": 7,
    "Angle": 180,
    "Objects": [
        "wall",
        "faucet"
    ]
} {
    "Place": 8,
    "Angle": 0,
    "Objects": [
        "painting"
    ]
}{
    "Place": 8,
    "Angle": 90,
    "Objects": [
        "clock",
        "dining table",
        "window",
        "bed"
    ]
}{
    "Place": 8,
    "Angle": 180,
    "Objects": [
        "cabinet"
    ]
} {
    "Place": 9,
    "Angle": 90,
    "Objects": [
        "tv",
        "wall"
    ]
}{
    "Place": 9,
    "Angle": 180,
    "Objects": [
        "doorway",
        "dresser"
    ]
}{
    "Place": 9,
    "Angle": 270,
    "Objects": [
        "table",
        "chair"
    ]
} {
    "Place": 10,
    "Angle": 0,
    "Objects": [
        "building",
        "potted plants",
        "window"
    ]
}{
    "Place": 10,
    "Angle": 90,
    "Objects": [
        "chair"
    ]
}{
    "Place": 10,
    "Angle": 180,
    "Objects": [
        "chair"
    ]
}{
    "Place": 10,
    "Angle": 270,
    "Objects": [
        "pillow",
        "bed"
    ]
} {
    "Place": 11,
    "Angle": 90,
    "Objects": [
        "desk"
    ]
}{
    "Place": 11,
    "Angle": 270,
    "Objects": [
        "street"
    ]
} {
    "Place": 12,
    "Angle": 0,
    "Objects": [
        "chair",
        "desk"
    ]
}{
    "Place": 12,
    "Angle": 90,
    "Objects": [
        "light fixture",
        "doorway",
        "wall",
        "wall"
    ]
}{
    "Place": 12,
    "Angle": 180,
    "Objects": [
        "sink",
        "drain"
    ]
}{
    "Place": 12,
    "Angle": 270,
    "Objects": [
        "window"
    ]
} {
    "Place": 13,
    "Angle": 90,
    "Objects": [
        "floor",
        "fridge"
    ]
}{
    "Place": 13,
    "Angle": 180,
    "Objects": [
        "sofa",
        "doorway",
        "window",
        "ceiling"
    ]
} {
    "Place": 14,
    "Angle": 0,
    "Objects": [
        "doorway",
        "wall"
    ]
} {
    "Place": 15,
    "Angle": 0,
    "Objects": [
        "cabinet"
    ]
}{
    "Place": 15,
    "Angle": 90,
    "Objects": [
        "potted plants",
        "window"
    ]
}{
    "Place": 15,
    "Angle": 270,
    "Objects": [
        "table"
    ]
} {
    "Place": 16,
    "Angle": 90,
    "Objects": [
        "shadow",
        "shape"
    ]
}{
    "Place": 16,
    "Angle": 180,
    "Objects": [
        "shadow",
        "building"
    ]
}{
    "Place": 16,
    "Angle": 270,
    "Objects": [
        "desk",
        "teddy bear"
    ]
} {
    "Place": 17,
    "Angle": 0,
    "Objects": [
        "doorway",
        "window"
    ]
}{
    "Place": 17,
    "Angle": 90,
    "Objects": [
        "mirror"
    ]
}{
    "Place": 17,
    "Angle": 270,
    "Objects": [
        "desk",
        "window",
        "chair",
        "bed"
    ]
} {
    "Place": 18,
    "Angle": 0,
    "Objects": [
        "doorway",
        "lamp"
    ]
}{
    "Place": 18,
    "Angle": 90,
    "Objects": [
        "shadow",
        "plant"
    ]
}{
    "Place": 18,
    "Angle": 180,
    "Objects": [
        "shadow",
        "wall"
    ]
}{
    "Place": 18,
    "Angle": 270,
    "Objects": [
        "nightstand",
        "desk",
        "bed"
    ]
} {
    "Place": 19,
    "Angle": 0,
    "Objects": [
        "floor",
        "wall",
        "ceiling",
        "chair"
    ]
}{
    "Place": 19,
    "Angle": 90,
    "Objects": [
        "floor",
        "wall",
        "ceiling",
        "picture"
    ]
}{
    "Place": 19,
    "Angle": 180,
    "Objects": [
        "potted plants"
    ]
}{
    "Place": 19,
    "Angle": 270,
    "Objects": [
        "tv"
    ]
}
[Debug] resolver candidates place=0: exact=0 relaxed_or_synthesized=1
[Debug] resolver candidates place=6: exact=2 relaxed_or_synthesized=3
[Debug] resolver candidates place=11: exact=1 relaxed_or_synthesized=2
[Debug] resolver candidates place=14: exact=0 relaxed_or_synthesized=1
[Debug] resolver candidates place=15: exact=2 relaxed_or_synthesized=2
[Debug] resolver candidates place=16: exact=1 relaxed_or_synthesized=1
[Debug] resolver candidates place=17: exact=5 relaxed_or_synthesized=1
[Debug] allowed planner objects: []
[Debug] allowed planner objects by place: {0: [], 2: [], 6: [], 8: [], 15: [], 16: [], 17: []}
[Debug] resolver candidates place=0: exact=0 relaxed_or_synthesized=1
[Debug] resolver candidates place=6: exact=2 relaxed_or_synthesized=3
[Debug] resolver candidates place=11: exact=1 relaxed_or_synthesized=2
[Debug] resolver candidates place=14: exact=0 relaxed_or_synthesized=1
[Debug] resolver candidates place=15: exact=2 relaxed_or_synthesized=2
[Debug] resolver candidates place=16: exact=1 relaxed_or_synthesized=1
[Debug] resolver candidates place=17: exact=5 relaxed_or_synthesized=1
[Debug] bypassing planner because allowed target list is empty: {"Place": 8, "Angle": 0, "Objects": ["window"]}
Setting `pad_token_id` to `eos_token_id`:151645 for open-end generation.
Setting `pad_token_id` to `eos_token_id`:151645 for open-end generation.
Setting `pad_token_id` to `eos_token_id`:151645 for open-end generation.
Setting `pad_token_id` to `eos_token_id`:151645 for open-end generation.
Setting `pad_token_id` to `eos_token_id`:151645 for open-end generation.
Setting `pad_token_id` to `eos_token_id`:151645 for open-end generation.
Setting `pad_token_id` to `eos_token_id`:151645 for open-end generation.
Setting `pad_token_id` to `eos_token_id`:151645 for open-end generation.
{"Place": 8, "Angle": 0, "Objects": ["window"]}
[Debug] planner selected: place=8, angle=0, objects=['window']
last_key:['Place 0', 'Place 0', 'Place 2', 'Place 0', 'Place 0', 'Place 0', 'Place 6', 'Place 6', 'Place 8', 'Place 9', 'Place 8', 'Place 11', 'Place 11', 'Place 11', 'Place 14', 'Place 15', 'Place 16', 'Place 9', 'Place 17', 'Place 11']
[Debug] allowed_targets_by_place[8] candidates: [('sofa', 180, 171, 1.0, 'sofa', array([3.1148195 , 0.40808412, 1.0060518 ], dtype=float32)), ('fridge', 90, 108, 0.9570007920265198, 'fridge', array([1.7389325, 0.8192681, 9.808192 ], dtype=float32)), ('painting', 0, 127, 0.7150622606277466, 'painting', array([ 4.9600744,  1.6785755, 20.35013  ], dtype=float32)), ('diningtable', 90, 48, 0.5, 'diningtable', array([ 2.8545296 ,  0.39069477, 15.950291  ], dtype=float32)), ('dresser', 90, 89, 0.7273175120353699, 'dresser', array([16.005705  ,  0.48717612, 17.471916  ], dtype=float32)), ('window', 0, 277, 0.5, 'window', array([14.26     ,  1.497977 ,  3.3877945], dtype=float32)), ('doorframe', 180, 54, 0.5, 'doorframe', array([8.149    , 1.0496987, 2.7603579], dtype=float32))]
[Debug] resolved target tuple: ('window', 0, 277, 0.5, 'window', array([14.26     ,  1.497977 ,  3.3877945], dtype=float32)) from representative place 8
[Debug] resolved source place: 17 for representative place 8
8
final_goal:countertop,sub_goal:window,place:8,trajectory: tv in Place 0.doorway in Place 0.sink in Place 2.chair in Place 8.window in Place 0.floorlamp in Place 15.plant in Place 0.
sub_target_id:277
target:window
final_goal:countertop
final_length:176.9269561767578
[Timing] pathfinder to-subgoal elapsed=17.179s found=True
[Debug] sub-goal visible on screen: label=window ratio=0.013763 bbox=74x210
[Debug] observation rotation: angle=0 pause=0.25s
[Debug] observation rotation: angle=90 pause=0.25s
[Debug] observation rotation: angle=180 pause=0.25s
[Debug] observation rotation: angle=270 pause=0.25s
[Debug] calling detection service: position_id=big+20+21 angle=0 prompt='countertop . doorframe . wall .'
[Debug] received detection service result: position_id=big+20+21 angle=0
[Debug] calling detection service: position_id=big+20+21 angle=90 prompt='countertop . building . wall .'
[Debug] received detection service result: position_id=big+20+21 angle=90
[Debug] calling detection service: position_id=big+20+21 angle=180 prompt='countertop . tv . sofa .'
[Debug] received detection service result: position_id=big+20+21 angle=180
[Debug] calling detection service: position_id=big+20+21 angle=270 prompt='countertop . table . plant . lamp .'
[Debug] received detection service result: position_id=big+20+21 angle=270
[Debug] box_info_list_sum: [[{'label': 'wall', 'box': [1, 8, 743, 822]}, {'label': 'countertop', 'box': [1, 818, 739, 1020]}], [{'label': 'wall', 'box': [0, 1, 390, 1021]}], [{'label': 'sofa', 'box': [898, 636, 1023, 820]}, {'label': 'tv', 'box': [517, 526, 540, 759]}], [{'label': 'plant', 'box': [387, 588, 510, 750]}, {'label': 'lamp', 'box': [723, 481, 776, 675]}, {'label': 'table', 'box': [391, 555, 501, 607]}]]
wall
[Debug] dropped verified goal candidate: label=countertop angle=0 box=[1, 818, 739, 1020] overlaps=floor#101:0.983, wall#225:0.014, window#277:0.001, doorway#57:0.001, floor#97:0.000
window
sofa
tv
plant
floorlamp
[Debug] max_similar_objs_list: [[('wall', 0, 225, 1.0, 'wall', array([8.1485   , 1.8875163, 3.0555   ], dtype=float32))], [('window', 90, 277, 0.609113335609436, 'window', array([14.26     ,  1.497977 ,  3.3877945], dtype=float32))], [('sofa', 180, 170, 1.0, 'sofa', array([10.95719   ,  0.45491183,  1.2657889 ], dtype=float32))], [('tv', 180, 193, 1.0, 'tv', array([13.933247  ,  0.37625453,  1.2657917 ], dtype=float32))], [('plant', 270, 112, 1.0, 'plant', array([12.382526 ,  1.0490179,  3.3026695], dtype=float32))], [('floorlamp', 270, 104, 0.7215485572814941, 'floorlamp', array([8.887409 , 0.93431  , 5.8696885], dtype=float32))]]
[Debug] empty_position: []
 {
    "Place": 0,
    "Angle": 0,
    "Objects": [
        "shadow",
        "background"
    ]
} {
    "Place": 1,
    "Angle": 0,
    "Objects": [
        "building",
        "wall"
    ]
}{
    "Place": 1,
    "Angle": 270,
    "Objects": [
        "tv"
    ]
} {
    "Place": 2,
    "Angle": 180,
    "Objects": [
        "chair"
    ]
} {
    "Place": 3,
    "Angle": 0,
    "Objects": [
        "wall",
        "faucet"
    ]
}{
    "Place": 3,
    "Angle": 90,
    "Objects": [
        "shadow",
        "wall"
    ]
}{
    "Place": 3,
    "Angle": 180,
    "Objects": [
        "doorway",
        "wall"
    ]
}{
    "Place": 3,
    "Angle": 270,
    "Objects": [
        "toilet",
        "doorway"
    ]
} {
    "Place": 4,
    "Angle": 0,
    "Objects": [
        "doorway"
    ]
}{
    "Place": 4,
    "Angle": 180,
    "Objects": [
        "table",
        "wall",
        "ceiling",
        "wall art"
    ]
}{
    "Place": 4,
    "Angle": 270,
    "Objects": [
        "tv"
    ]
} {
    "Place": 5,
    "Angle": 0,
    "Objects": [
        "chair",
        "bed"
    ]
}{
    "Place": 5,
    "Angle": 270,
    "Objects": [
        "bed"
    ]
} {
    "Place": 6,
    "Angle": 90,
    "Objects": [
        "doorway",
        "dresser"
    ]
}{
    "Place": 6,
    "Angle": 270,
    "Objects": [
        "doorway",
        "wall",
        "painting"
    ]
} {
    "Place": 7,
    "Angle": 90,
    "Objects": [
        "wall",
        "faucet"
    ]
}{
    "Place": 7,
    "Angle": 180,
    "Objects": [
        "wall",
        "faucet"
    ]
} {
    "Place": 8,
    "Angle": 0,
    "Objects": [
        "painting"
    ]
}{
    "Place": 8,
    "Angle": 90,
    "Objects": [
        "clock",
        "dining table",
        "window",
        "bed"
    ]
}{
    "Place": 8,
    "Angle": 180,
    "Objects": [
        "cabinet"
    ]
} {
    "Place": 9,
    "Angle": 90,
    "Objects": [
        "tv",
        "wall"
    ]
}{
    "Place": 9,
    "Angle": 180,
    "Objects": [
        "doorway",
        "dresser"
    ]
}{
    "Place": 9,
    "Angle": 270,
    "Objects": [
        "table",
        "chair"
    ]
} {
    "Place": 10,
    "Angle": 0,
    "Objects": [
        "building",
        "potted plants",
        "window"
    ]
}{
    "Place": 10,
    "Angle": 90,
    "Objects": [
        "chair"
    ]
}{
    "Place": 10,
    "Angle": 180,
    "Objects": [
        "chair"
    ]
}{
    "Place": 10,
    "Angle": 270,
    "Objects": [
        "pillow",
        "bed"
    ]
} {
    "Place": 11,
    "Angle": 90,
    "Objects": [
        "desk"
    ]
}{
    "Place": 11,
    "Angle": 270,
    "Objects": [
        "street"
    ]
} {
    "Place": 12,
    "Angle": 0,
    "Objects": [
        "chair",
        "desk"
    ]
}{
    "Place": 12,
    "Angle": 90,
    "Objects": [
        "light fixture",
        "doorway",
        "wall",
        "wall"
    ]
}{
    "Place": 12,
    "Angle": 180,
    "Objects": [
        "sink",
        "drain"
    ]
}{
    "Place": 12,
    "Angle": 270,
    "Objects": [
        "window"
    ]
} {
    "Place": 13,
    "Angle": 90,
    "Objects": [
        "floor",
        "fridge"
    ]
}{
    "Place": 13,
    "Angle": 180,
    "Objects": [
        "sofa",
        "doorway",
        "window",
        "ceiling"
    ]
} {
    "Place": 14,
    "Angle": 0,
    "Objects": [
        "doorway",
        "wall"
    ]
} {
    "Place": 15,
    "Angle": 0,
    "Objects": [
        "cabinet"
    ]
}{
    "Place": 15,
    "Angle": 90,
    "Objects": [
        "potted plants",
        "window"
    ]
}{
    "Place": 15,
    "Angle": 270,
    "Objects": [
        "table"
    ]
} {
    "Place": 16,
    "Angle": 90,
    "Objects": [
        "shadow",
        "shape"
    ]
}{
    "Place": 16,
    "Angle": 180,
    "Objects": [
        "shadow",
        "building"
    ]
}{
    "Place": 16,
    "Angle": 270,
    "Objects": [
        "desk",
        "teddy bear"
    ]
} {
    "Place": 17,
    "Angle": 90,
    "Objects": [
        "mirror"
    ]
}{
    "Place": 17,
    "Angle": 270,
    "Objects": [
        "desk",
        "window",
        "chair",
        "bed"
    ]
} {
    "Place": 18,
    "Angle": 0,
    "Objects": [
        "doorway",
        "lamp"
    ]
}{
    "Place": 18,
    "Angle": 90,
    "Objects": [
        "shadow",
        "plant"
    ]
}{
    "Place": 18,
    "Angle": 180,
    "Objects": [
        "shadow",
        "wall"
    ]
}{
    "Place": 18,
    "Angle": 270,
    "Objects": [
        "nightstand",
        "desk",
        "bed"
    ]
} {
    "Place": 20,
    "Angle": 0,
    "Objects": [
        "doorframe",
        "wall"
    ]
}{
    "Place": 20,
    "Angle": 90,
    "Objects": [
        "building",
        "window"
    ]
}{
    "Place": 20,
    "Angle": 180,
    "Objects": [
        "tv",
        "sofa"
    ]
}{
    "Place": 20,
    "Angle": 270,
    "Objects": [
        "plant",
        "floorlamp",
        "chairs"
    ]
} {
    "Place": 19,
    "Angle": 0,
    "Objects": [
        "floor",
        "wall",
        "ceiling",
        "chair"
    ]
}{
    "Place": 19,
    "Angle": 90,
    "Objects": [
        "floor",
        "wall",
        "ceiling",
        "picture"
    ]
}{
    "Place": 19,
    "Angle": 180,
    "Objects": [
        "potted plants"
    ]
}{
    "Place": 19,
    "Angle": 270,
    "Objects": [
        "tv"
    ]
}
[Debug] resolver candidates place=0: exact=0 relaxed_or_synthesized=1
[Debug] resolver candidates place=6: exact=2 relaxed_or_synthesized=3
[Debug] resolver candidates place=11: exact=1 relaxed_or_synthesized=1
[Debug] resolver candidates place=14: exact=0 relaxed_or_synthesized=1
[Debug] resolver candidates place=15: exact=1 relaxed_or_synthesized=2
[Debug] resolver candidates place=16: exact=1 relaxed_or_synthesized=1
[Debug] resolver candidates place=17: exact=3 relaxed_or_synthesized=2
[Debug] allowed planner objects: []
[Debug] allowed planner objects by place: {0: [], 2: [], 6: [], 8: [], 15: [], 16: [], 17: []}
[Debug] resolver candidates place=0: exact=0 relaxed_or_synthesized=1
[Debug] resolver candidates place=6: exact=2 relaxed_or_synthesized=3
[Debug] resolver candidates place=11: exact=1 relaxed_or_synthesized=1
[Debug] resolver candidates place=14: exact=0 relaxed_or_synthesized=1
[Debug] resolver candidates place=15: exact=1 relaxed_or_synthesized=2
[Debug] resolver candidates place=16: exact=1 relaxed_or_synthesized=1
[Debug] resolver candidates place=17: exact=3 relaxed_or_synthesized=2
[Debug] no allowed planner objects and no deterministic fallback; stopping episode
[Timing] episode elapsed=996.653s sr=0 spl=0.0000 final_length=190.8693
[Timing] val_auto episode total elapsed=996.654s goal=countertop sr=0 spl=0.0000 completed_eval_episodes=2/10
[Debug] selectable goal names count=41 sample=['apple', 'basketball', 'bed', 'book', 'bowl', 'box', 'butterknife', 'candle', 'cd', 'chair']
[Debug] using requested target object=countertop
[Debug] reachable_positions=252 candidate_objects_for_countertop=1
[Debug] starting independent environment episode=1/1
[Debug] experiment setup: seed=7 goal_instance_index=random start_index=random start_rotation=90.0 start_point=(2.250, 0.901, 0.500)
[Timing] pathfinder goal-distance elapsed=0.243s found=True
real_distance:9.303300858899107
[Debug] observation rotation: angle=0 pause=0.25s
[Debug] observation rotation: angle=90 pause=0.25s
[Debug] observation rotation: angle=180 pause=0.25s
[Debug] observation rotation: angle=270 pause=0.25s
[Debug] calling detection service: position_id=big+0+0 angle=0 prompt='countertop . desk . laptop . remote .'
[Debug] received detection service result: position_id=big+0+0 angle=0
[Debug] calling detection service: position_id=big+0+0 angle=90 prompt='countertop . picture frame . wall .'
[Debug] received detection service result: position_id=big+0+0 angle=90
[Debug] calling detection service: position_id=big+0+0 angle=180 prompt='countertop . tile .'
[Debug] received detection service result: position_id=big+0+0 angle=180
[Debug] calling detection service: position_id=big+0+0 angle=270 prompt='countertop . remote . pillow . basketball .'
[Debug] received detection service result: position_id=big+0+0 angle=270
Setting `pad_token_id` to `eos_token_id`:151645 for open-end generation.
Setting `pad_token_id` to `eos_token_id`:151645 for open-end generation.
Setting `pad_token_id` to `eos_token_id`:151645 for open-end generation.
Setting `pad_token_id` to `eos_token_id`:151645 for open-end generation.
[Debug] box_info_list_sum: [[{'label': 'laptop', 'box': [640, 751, 811, 866]}, {'label': 'remote', 'box': [771, 774, 859, 842]}], [{'label': 'picture frame', 'box': [0, 139, 129, 404]}, {'label': 'wall', 'box': [1, 1, 1022, 1021]}, {'label': 'countertop', 'box': [0, 832, 159, 1022]}], [{'label': 'tile', 'box': [0, 0, 1023, 1022]}], [{'label': 'remote', 'box': [425, 939, 454, 1016]}, {'label': 'basketball', 'box': [843, 834, 916, 904]}, {'label': 'pillow', 'box': [536, 857, 717, 1023]}, {'label': 'countertop', 'box': [332, 788, 736, 1023]}]]
laptop
remotecontrol
painting
wall
[Debug] dropped verified goal candidate: label=countertop angle=90 box=[0, 832, 159, 1022] overlaps=dresser#23:0.890, desklamp#15:0.084, wall#67:0.026
dresser
bed
basketball
pillow
[Debug] dropped verified goal candidate: label=countertop angle=270 box=[332, 788, 736, 1023] overlaps=bed#3:0.547, pillow#47:0.262, wall#68:0.074, wall#65:0.067, floor#28:0.035
[Debug] max_similar_objs_list: [[('laptop', 0, 37, 1.0, 'laptop', array([2.673609  , 0.99222696, 1.5374721 ], dtype=float32))], [('remotecontrol', 0, 49, 0.8624249696731567, 'remotecontrol', array([2.8625822 , 0.98071736, 1.5370795 ], dtype=float32))], [('painting', 90, 38, 0.5644656419754028, 'painting', array([3.2171295, 2.0282753, 1.5678673], dtype=float32))], [('wall', 90, 68, 1.0, 'wall', array([1.619    , 1.6391454, 0.       ], dtype=float32))], [('dresser', 90, 23, 0.6212648153305054, 'dresser', array([2.8636615 , 0.48569733, 1.5465158 ], dtype=float32))], [('bed', 270, 3, 0.6064897179603577, 'bed', array([1.0177794 , 0.6060875 , 0.54806876], dtype=float32))], [('basketball', 270, 2, 1.0, 'basketball', array([0.16623037, 0.11968711, 1.9928868 ], dtype=float32))], [('pillow', 270, 47, 1.0, 'pillow', array([1.0218773 , 0.5509214 , 0.76637924], dtype=float32))]]
[Debug] empty_position: []
 {
    "Place": 0,
    "Angle": 0,
    "Objects": [
        "keychain",
        "laptop",
        "desk",
        "remotecontrol"
    ]
}{
    "Place": 0,
    "Angle": 90,
    "Objects": [
        "painting",
        "wall"
    ]
}{
    "Place": 0,
    "Angle": 180,
    "Objects": [
        "shadows"
    ]
}{
    "Place": 0,
    "Angle": 270,
    "Objects": [
        "basketball",
        "pillow",
        "bed",
        "bed"
    ]
}
[Debug] allowed planner objects: ['laptop', 'remotecontrol', 'pillow', 'basketball', 'bed', 'painting']
[Debug] allowed planner objects by place: {0: ['laptop', 'pillow', 'basketball', 'remotecontrol', 'bed', 'painting']}
The above is a description of different places in different angles in the environment.Your can get to any place described in the json data. Your goal is to find the countertop. Based on the above json data, please choose one specific object to travel to as your target. If your goal is already in the description, please choose it as the target. You must choose an object only from this allowed list: laptop, remotecontrol, pillow, basketball, bed, painting. Do not output any object name that is not in the allowed list. Valid choosable objects by place are: Place 0: laptop, pillow, basketball, remotecontrol, bed, painting. The Objects field must contain exactly one object from the chosen place list.Note that you can travel to door or door frame to other spaces if there are no clear evidence to choose the target.  Return exactly one JSON object by referring to the following template.
            {"Place": x, "Angle": x, "Objects": ["xxxx"] }
            If your goal is already in the description, please choose it as the target. You should not output any explanation, markdown, prose, examples, or extra text before or after the JSON. Note that your should choose only one object in one angle of one place in the json data as the target.
{"Place": "bed", "Angle": 270, "Objects": ["basketball", "pillow", "bed"]}
[Timing] planning mode=kv elapsed=1.713s
{"Place": 0, "Angle": 270, "Objects": ["bed"]}
[Debug] planner selected: place=0, angle=270, objects=['bed']
last_key:[]
[Debug] allowed_targets_by_place[0] candidates: [('laptop', 0, 37, 1.0, 'laptop', array([2.673609  , 0.99222696, 1.5374721 ], dtype=float32)), ('pillow', 270, 47, 1.0, 'pillow', array([1.0218773 , 0.5509214 , 0.76637924], dtype=float32)), ('basketball', 270, 2, 1.0, 'basketball', array([0.16623037, 0.11968711, 1.9928868 ], dtype=float32)), ('remotecontrol', 0, 49, 0.8624249696731567, 'remotecontrol', array([2.8625822 , 0.98071736, 1.5370795 ], dtype=float32)), ('bed', 270, 3, 0.6064897179603577, 'bed', array([1.0177794 , 0.6060875 , 0.54806876], dtype=float32)), ('painting', 90, 38, 0.5644656419754028, 'painting', array([3.2171295, 2.0282753, 1.5678673], dtype=float32))]
[Debug] resolved target tuple: ('bed', 270, 3, 0.6064897179603577, 'bed', array([1.0177794 , 0.6060875 , 0.54806876], dtype=float32)) from representative place 0
[Debug] resolved source place: 0 for representative place 0
0
final_goal:countertop,sub_goal:bed,place:0,trajectory: bed in Place 0.
sub_target_id:3
target:bed
final_goal:countertop
final_length:0
[Timing] pathfinder to-subgoal elapsed=0.053s found=True
[Debug] sub-goal visible on screen: label=bed ratio=0.107143 bbox=308x403
[Debug] observation rotation: angle=0 pause=0.25s
[Debug] observation rotation: angle=90 pause=0.25s
[Debug] observation rotation: angle=180 pause=0.25s
[Debug] observation rotation: angle=270 pause=0.25s
[Debug] calling detection service: position_id=big+1+1 angle=0 prompt='countertop . doorway . wall .'
[Debug] received detection service result: position_id=big+1+1 angle=0
[Debug] calling detection service: position_id=big+1+1 angle=90 prompt='countertop . desk . plant . lamp .'
[Debug] received detection service result: position_id=big+1+1 angle=90
[Debug] calling detection service: position_id=big+1+1 angle=180 prompt='countertop . bricks . wall .'
[Debug] received detection service result: position_id=big+1+1 angle=180
[Debug] calling detection service: position_id=big+1+1 angle=270 prompt='countertop . wooden bench . wall .'
[Debug] received detection service result: position_id=big+1+1 angle=270
[Debug] box_info_list_sum: [[], [{'label': 'lamp', 'box': [400, 546, 504, 662]}, {'label': 'plant', 'box': [229, 755, 275, 805]}], [{'label': 'wall', 'box': [2, 1, 1020, 1020]}], [{'label': 'wooden bench', 'box': [1, 703, 419, 1020]}, {'label': 'wall', 'box': [2, 1, 1022, 1021]}]]
wall
wall
[Debug] max_similar_objs_list: [[('wall', 90, 67, 0.579981803894043, 'wall', array([1.6189996, 1.6391454, 1.6189998], dtype=float32))], [('wall', 270, 65, 1.0, 'wall', array([0.       , 1.6391454, 1.619    ], dtype=float32))]]
[Debug] empty_position: []
 {
    "Place": 0,
    "Angle": 0,
    "Objects": [
        "keychain",
        "laptop",
        "desk",
        "remotecontrol"
    ]
}{
    "Place": 0,
    "Angle": 90,
    "Objects": [
        "painting",
        "wall"
    ]
}{
    "Place": 0,
    "Angle": 180,
    "Objects": [
        "shadows"
    ]
} {
    "Place": 1,
    "Angle": 0,
    "Objects": [
        "doorway",
        "wall"
    ]
}{
    "Place": 1,
    "Angle": 90,
    "Objects": [
        "wall",
        "desk"
    ]
}{
    "Place": 1,
    "Angle": 180,
    "Objects": [
        "bricks"
    ]
}
[Debug] resolver candidates place=0: exact=3 relaxed_or_synthesized=2
[Debug] allowed planner objects: ['doorway', 'sidetable']
[Debug] allowed planner objects by place: {0: [], 1: ['doorway', 'sidetable']}
Setting `pad_token_id` to `eos_token_id`:151645 for open-end generation.
Setting `pad_token_id` to `eos_token_id`:151645 for open-end generation.
Setting `pad_token_id` to `eos_token_id`:151645 for open-end generation.
Setting `pad_token_id` to `eos_token_id`:151645 for open-end generation.
Setting `pad_token_id` to `eos_token_id`:151645 for open-end generation.
Setting `pad_token_id` to `eos_token_id`:151645 for open-end generation.
Setting `pad_token_id` to `eos_token_id`:151645 for open-end generation.
Setting `pad_token_id` to `eos_token_id`:151645 for open-end generation.
The above is a description of different places in different angles in the environment.Your can get to any place described in the json data. Your goal is to find the countertop. Based on the above json data, please choose one specific object to travel to as your target. If your goal is already in the description, please choose it as the target. You must choose an object only from this allowed list: doorway, sidetable. Do not output any object name that is not in the allowed list. Valid choosable objects by place are: Place 1: doorway, sidetable. The Objects field must contain exactly one object from the chosen place list.Note that you can travel to door or door frame to other spaces if there are no clear evidence to choose the target.  Return exactly one JSON object by referring to the following template.
            {"Place": x, "Angle": x, "Objects": ["xxxx"] }
            If your goal is already in the description, please choose it as the target. You should not output any explanation, markdown, prose, examples, or extra text before or after the JSON. Note that your should choose only one object in one angle of one place in the json data as the target.
{"Place": "sidetable", "Angle": 0, "Objects": ["keychain", "laptop", "desk", "remotecontrol"]}
[Timing] planning mode=kv elapsed=1.697s
{"Place": 1, "Angle": 0, "Objects": ["sidetable"]}
[Debug] planner selected: place=1, angle=0, objects=['sidetable']
last_key:['Place 0']
[Debug] allowed_targets_by_place[1] candidates: [('doorway', 0, 19, 0.5, 'doorway', array([1.0515028, 1.0364102, 3.6505966], dtype=float32)), ('sidetable', 90, 61, 0.5, 'sidetable', array([3.0542097, 0.239983 , 2.2808166], dtype=float32))]
[Debug] resolved target tuple: ('sidetable', 90, 61, 0.5, 'sidetable', array([3.0542097, 0.239983 , 2.2808166], dtype=float32)) from representative place 1
[Debug] resolved source place: 1 for representative place 1
1
final_goal:countertop,sub_goal:sidetable,place:1,trajectory: bed in Place 0.sidetable in Place 1.
sub_target_id:61
target:sidetable
final_goal:countertop
final_length:2.4142136573791504
[Timing] pathfinder to-subgoal elapsed=0.074s found=True
[Debug] sub-goal visible on screen: label=sidetable ratio=0.003255 bbox=90x179
[Debug] observation rotation: angle=0 pause=0.25s
[Debug] observation rotation: angle=90 pause=0.25s
[Debug] observation rotation: angle=180 pause=0.25s
[Debug] observation rotation: angle=270 pause=0.25s
[Debug] calling detection service: position_id=big+2+2 angle=0 prompt='countertop . painting . wall .'
[Debug] received detection service result: position_id=big+2+2 angle=0
[Debug] calling detection service: position_id=big+2+2 angle=90 prompt='countertop . tiles . wall .'
[Debug] received detection service result: position_id=big+2+2 angle=90
[Debug] calling detection service: position_id=big+2+2 angle=180 prompt='countertop . desk . tv . remote .'
[Debug] received detection service result: position_id=big+2+2 angle=180
[Debug] calling detection service: position_id=big+2+2 angle=270 prompt='countertop . doorway . bed .'
[Debug] received detection service result: position_id=big+2+2 angle=270
[Debug] box_info_list_sum: [[{'label': 'wall', 'box': [1, 1, 1020, 1020]}, {'label': 'painting', 'box': [855, 3, 1022, 801]}], [], [{'label': 'remote', 'box': [425, 794, 469, 870]}], [{'label': 'doorway', 'box': [651, 419, 838, 823]}, {'label': 'bed', 'box': [0, 578, 244, 1014]}]]
wall
painting
doorway
[Debug] max_similar_objs_list: [[('wall', 0, 66, 1.0, 'wall', array([1.619    , 1.6391453, 1.619    ], dtype=float32))], [('painting', 0, 44, 1.0, 'painting', array([3.2250004, 1.6885716, 2.8293538], dtype=float32))], [('doorway', 270, 19, 1.0, 'doorway', array([1.0515028, 1.0364102, 3.6505966], dtype=float32))]]
[Debug] empty_position: []
 {
    "Place": 0,
    "Angle": 0,
    "Objects": [
        "keychain",
        "laptop",
        "desk",
        "remotecontrol"
    ]
}{
    "Place": 0,
    "Angle": 90,
    "Objects": [
        "painting",
        "wall"
    ]
}{
    "Place": 0,
    "Angle": 180,
    "Objects": [
        "shadows"
    ]
} {
    "Place": 1,
    "Angle": 0,
    "Objects": [
        "doorway",
        "wall"
    ]
}{
    "Place": 1,
    "Angle": 180,
    "Objects": [
        "bricks"
    ]
} {
    "Place": 2,
    "Angle": 0,
    "Objects": [
        "wall",
        "painting"
    ]
}{
    "Place": 2,
    "Angle": 90,
    "Objects": [
        "tiles",
        "wall"
    ]
}{
    "Place": 2,
    "Angle": 180,
    "Objects": [
        "tv",
        "desk",
        "lamp"
    ]
}{
    "Place": 2,
    "Angle": 270,
    "Objects": [
        "doorway"
    ]
}
[Debug] resolver candidates place=0: exact=3 relaxed_or_synthesized=2
[Debug] resolver candidates place=1: exact=1 relaxed_or_synthesized=1
[Debug] allowed planner objects: ['doorway']
[Debug] allowed planner objects by place: {0: [], 1: ['doorway']}
[Debug] bypassing planner because only one target is allowed: {"Place": 1, "Angle": 0, "Objects": ["doorway"]}
{"Place": 1, "Angle": 0, "Objects": ["doorway"]}
[Debug] planner selected: place=1, angle=0, objects=['doorway']
last_key:['Place 0', 'Place 1']
[Debug] allowed_targets_by_place[1] candidates: [('painting', 0, 44, 1.0, 'painting', array([3.2250004, 1.6885716, 2.8293538], dtype=float32)), ('doorway', 0, 19, 0.5, 'doorway', array([1.0515028, 1.0364102, 3.6505966], dtype=float32)), ('diningtable', 90, 16, 0.5, 'diningtable', array([0.8958183, 0.3721553, 5.9879093], dtype=float32))]
[Debug] resolved target tuple: ('doorway', 0, 19, 0.5, 'doorway', array([1.0515028, 1.0364102, 3.6505966], dtype=float32)) from representative place 1
[Debug] resolved source place: 1 for representative place 1
1
final_goal:countertop,sub_goal:doorway,place:1,trajectory: bed in Place 0.sidetable in Place 1.doorway in Place 1.
sub_target_id:19
target:doorway
final_goal:countertop
final_length:4.889087677001953
[Timing] pathfinder to-subgoal elapsed=0.109s found=True
[Debug] sub-goal visible on screen: label=doorway ratio=0.061230 bbox=331x659
Agent is within 1m of the target. Stopping.
[Debug] observation rotation: angle=0 pause=0.25s
[Debug] observation rotation: angle=90 pause=0.25s
[Debug] observation rotation: angle=180 pause=0.25s
[Debug] observation rotation: angle=270 pause=0.25s
[Debug] calling detection service: position_id=big+3+3 angle=0 prompt='countertop . table . lamp .'
[Debug] received detection service result: position_id=big+3+3 angle=0
[Debug] calling detection service: position_id=big+3+3 angle=90 prompt='countertop . doorway . wall with tiles .'
[Debug] received detection service result: position_id=big+3+3 angle=90
[Debug] calling detection service: position_id=big+3+3 angle=180 prompt='countertop . desk . bed . sports ball .'
[Debug] received detection service result: position_id=big+3+3 angle=180
[Debug] calling detection service: position_id=big+3+3 angle=270 prompt='countertop . doorway . wall with tiles .'
[Debug] received detection service result: position_id=big+3+3 angle=270
[Debug] box_info_list_sum: [[{'label': 'lamp', 'box': [791, 450, 890, 824]}, {'label': 'table', 'box': [204, 653, 643, 905]}], [{'label': 'doorway', 'box': [31, 169, 723, 1017]}], [{'label': 'bed', 'box': [350, 565, 771, 844]}, {'label': 'desk', 'box': [0, 640, 234, 1018]}, {'label': 'sports ball', 'box': [832, 953, 929, 1023]}], [{'label': 'doorway', 'box': [378, 294, 818, 1020]}]]
floorlamp
floor
[Debug] max_similar_objs_list: [[('floorlamp', 0, 29, 0.7215485572814941, 'floorlamp', array([2.9967155 , 0.93430954, 6.233019  ], dtype=float32))], [('floor', 0, 26, 0.6794582009315491, 'floor', array([1.619, 0.   , 3.238], dtype=float32))]]
[Debug] empty_position: []
Setting `pad_token_id` to `eos_token_id`:151645 for open-end generation.
Setting `pad_token_id` to `eos_token_id`:151645 for open-end generation.
Setting `pad_token_id` to `eos_token_id`:151645 for open-end generation.
Setting `pad_token_id` to `eos_token_id`:151645 for open-end generation.
 {
    "Place": 0,
    "Angle": 0,
    "Objects": [
        "keychain",
        "laptop",
        "desk",
        "remotecontrol"
    ]
}{
    "Place": 0,
    "Angle": 90,
    "Objects": [
        "painting",
        "wall"
    ]
}{
    "Place": 0,
    "Angle": 180,
    "Objects": [
        "shadows"
    ]
} {
    "Place": 1,
    "Angle": 180,
    "Objects": [
        "bricks"
    ]
} {
    "Place": 2,
    "Angle": 0,
    "Objects": [
        "wall",
        "painting"
    ]
}{
    "Place": 2,
    "Angle": 90,
    "Objects": [
        "tiles",
        "wall"
    ]
}{
    "Place": 2,
    "Angle": 180,
    "Objects": [
        "tv",
        "desk",
        "lamp"
    ]
}{
    "Place": 2,
    "Angle": 270,
    "Objects": [
        "doorway"
    ]
} {
    "Place": 3,
    "Angle": 0,
    "Objects": [
        "floor",
        "floorlamp"
    ]
}{
    "Place": 3,
    "Angle": 90,
    "Objects": [
        "wall with tiles"
    ]
}{
    "Place": 3,
    "Angle": 180,
    "Objects": [
        "lamp"
    ]
}{
    "Place": 3,
    "Angle": 270,
    "Objects": [
        "wall with tiles"
    ]
}
[Debug] resolver candidates place=0: exact=3 relaxed_or_synthesized=2
[Debug] resolver candidates place=1: exact=0 relaxed_or_synthesized=2
[Debug] allowed planner objects: ['doorway']
[Debug] allowed planner objects by place: {0: [], 1: ['doorway']}
[Debug] bypassing planner because only one target is allowed: {"Place": 1, "Angle": 0, "Objects": ["doorway"]}
{"Place": 1, "Angle": 0, "Objects": ["doorway"]}
[Debug] planner selected: place=1, angle=0, objects=['doorway']
last_key:['Place 0', 'Place 1', 'Place 1']
[Debug] allowed_targets_by_place[1] candidates: [('painting', 0, 44, 1.0, 'painting', array([3.2250004, 1.6885716, 2.8293538], dtype=float32)), ('floorlamp', 0, 29, 0.7215485572814941, 'floorlamp', array([2.9967155 , 0.93430954, 6.233019  ], dtype=float32)), ('doorway', 0, 18, 0.5, 'doorway', array([4.1040134, 1.0371885, 3.238    ], dtype=float32)), ('diningtable', 90, 16, 0.5, 'diningtable', array([0.8958183, 0.3721553, 5.9879093], dtype=float32))]
[Debug] resolved target tuple: ('doorway', 0, 18, 0.5, 'doorway', array([4.1040134, 1.0371885, 3.238    ], dtype=float32)) from representative place 1
[Debug] resolved source place: 1 for representative place 1
1
final_goal:countertop,sub_goal:doorway,place:1,trajectory: bed in Place 0.sidetable in Place 1.doorway in Place 1.
sub_target_id:18
target:doorway
final_goal:countertop
final_length:7.4497480392456055
[Timing] pathfinder to-subgoal elapsed=0.220s found=True
[Debug] calling detection service: position_id=goal-visible-4-3-14 angle=45 prompt='countertop .'
[Debug] received detection service result: position_id=goal-visible-4-3-14 angle=45
[Debug] semantic goal candidate rejected by RGB detector: label=countertop ratio=0.010093 semantic_bbox=83x142
[Debug] sub-goal visible on screen: label=doorway ratio=0.072490 bbox=143x617
[Debug] observation rotation: angle=0 pause=0.25s
[Debug] observation rotation: angle=90 pause=0.25s
[Debug] observation rotation: angle=180 pause=0.25s
[Debug] observation rotation: angle=270 pause=0.25s
[Debug] get_observation skip angle=180 reason=depth
[Debug] calling detection service: position_id=big+4+4 angle=0 prompt='countertop . refrigerator . window .'
[Debug] received detection service result: position_id=big+4+4 angle=0
[Debug] calling detection service: position_id=big+4+4 angle=90 prompt='countertop . chair . floor . ceiling .'
[Debug] received detection service result: position_id=big+4+4 angle=90
[Debug] calling detection service: position_id=big+4+4 angle=270 prompt='countertop . doorframe . wall .'
[Debug] received detection service result: position_id=big+4+4 angle=270
[Debug] box_info_list_sum: [[{'label': 'refrigerator', 'box': [344, 377, 602, 870]}, {'label': 'window', 'box': [599, 385, 734, 656]}], [{'label': 'chair', 'box': [389, 622, 588, 1021]}, {'label': 'ceiling', 'box': [0, 0, 579, 164]}, {'label': 'floor', 'box': [0, 834, 588, 1022]}], [{'label': 'doorframe', 'box': [744, 131, 1022, 1020]}]]
fridge
window
chair
floor
doorframe
[Debug] max_similar_objs_list: [[('fridge', 0, 30, 0.9570007920265198, 'fridge', array([3.8277261, 1.0937843, 6.095145 ], dtype=float32))], [('window', 0, 86, 1.0, 'window', array([4.8593607, 1.4987931, 6.476    ], dtype=float32))], [('chair', 90, 12, 1.0, 'chair', array([6.018096 , 0.5340819, 3.5763297], dtype=float32))], [('floor', 90, 27, 1.0, 'floor', array([3.238, 0.   , 3.238], dtype=float32))], [('doorframe', 270, 17, 1.0, 'doorframe', array([3.238    , 1.0457828, 4.3718576], dtype=float32))]]
[Debug] empty_position: []
 {
    "Place": 0,
    "Angle": 0,
    "Objects": [
        "keychain",
        "laptop",
        "desk",
        "remotecontrol"
    ]
}{
    "Place": 0,
    "Angle": 90,
    "Objects": [
        "painting",
        "wall"
    ]
}{
    "Place": 0,
    "Angle": 180,
    "Objects": [
        "shadows"
    ]
} {
    "Place": 1,
    "Angle": 180,
    "Objects": [
        "bricks"
    ]
} {
    "Place": 2,
    "Angle": 0,
    "Objects": [
        "wall",
        "painting"
    ]
}{
    "Place": 2,
    "Angle": 90,
    "Objects": [
        "tiles",
        "wall"
    ]
}{
    "Place": 2,
    "Angle": 180,
    "Objects": [
        "tv",
        "desk",
        "lamp"
    ]
}{
    "Place": 2,
    "Angle": 270,
    "Objects": [
        "doorway"
    ]
} {
    "Place": 3,
    "Angle": 0,
    "Objects": [
        "floor",
        "floorlamp"
    ]
}{
    "Place": 3,
    "Angle": 90,
    "Objects": [
        "wall with tiles"
    ]
}{
    "Place": 3,
    "Angle": 180,
    "Objects": [
        "lamp"
    ]
}{
    "Place": 3,
    "Angle": 270,
    "Objects": [
        "wall with tiles"
    ]
} {
    "Place": 4,
    "Angle": 0,
    "Objects": [
        "fridge",
        "window"
    ]
}{
    "Place": 4,
    "Angle": 90,
    "Objects": [
        "floor",
        "wall",
        "ceiling",
        "chair"
    ]
}{
    "Place": 4,
    "Angle": 270,
    "Objects": [
        "doorframe",
        "wall"
    ]
}
[Debug] resolver candidates place=0: exact=3 relaxed_or_synthesized=2
[Debug] resolver candidates place=1: exact=0 relaxed_or_synthesized=2
[Debug] allowed planner objects: ['window', 'fridge', 'doorframe', 'chair']
[Debug] allowed planner objects by place: {0: [], 1: [], 4: ['window', 'doorframe', 'chair', 'fridge']}
The above is a description of different places in different angles in the environment.Your can get to any place described in the json data. Your goal is to find the countertop. Based on the above json data, please choose one specific object to travel to as your target. If your goal is already in the description, please choose it as the target. You must choose an object only from this allowed list: window, fridge, doorframe, chair. Do not output any object name that is not in the allowed list. Valid choosable objects by place are: Place 4: window, doorframe, chair, fridge. The Objects field must contain exactly one object from the chosen place list.Note that you can travel to door or door frame to other spaces if there are no clear evidence to choose the target.  Return exactly one JSON object by referring to the following template.
            {"Place": x, "Angle": x, "Objects": ["xxxx"] }
            If your goal is already in the description, please choose it as the target. You should not output any explanation, markdown, prose, examples, or extra text before or after the JSON. Note that your should choose only one object in one angle of one place in the json data as the target.
{"Place": "fridge", "Angle": 270, "Objects": ["floor", "wall", "ceiling", "chair"]}
[Timing] planning mode=kv elapsed=1.811s
{"Place": 4, "Angle": 270, "Objects": ["fridge"]}
[Debug] planner selected: place=4, angle=270, objects=['fridge']
last_key:['Place 0', 'Place 1', 'Place 1', 'Place 1']
Setting `pad_token_id` to `eos_token_id`:151645 for open-end generation.
Setting `pad_token_id` to `eos_token_id`:151645 for open-end generation.
Setting `pad_token_id` to `eos_token_id`:151645 for open-end generation.
Setting `pad_token_id` to `eos_token_id`:151645 for open-end generation.
[Debug] allowed_targets_by_place[4] candidates: [('window', 0, 86, 1.0, 'window', array([4.8593607, 1.4987931, 6.476    ], dtype=float32)), ('doorframe', 270, 17, 1.0, 'doorframe', array([3.238    , 1.0457828, 4.3718576], dtype=float32)), ('chair', 90, 12, 1.0, 'chair', array([6.018096 , 0.5340819, 3.5763297], dtype=float32)), ('fridge', 0, 30, 0.9570007920265198, 'fridge', array([3.8277261, 1.0937843, 6.095145 ], dtype=float32))]
[Debug] resolved target tuple: ('fridge', 0, 30, 0.9570007920265198, 'fridge', array([3.8277261, 1.0937843, 6.095145 ], dtype=float32)) from representative place 4
[Debug] resolved source place: 4 for representative place 4
4
final_goal:countertop,sub_goal:fridge,place:4,trajectory: bed in Place 0.sidetable in Place 1.doorway in Place 1.fridge in Place 4.
sub_target_id:30
target:fridge
final_goal:countertop
final_length:14.088834762573242
[Timing] pathfinder to-subgoal elapsed=0.088s found=True
[Debug] sub-goal visible on screen: label=fridge ratio=0.135841 bbox=217x712
[Debug] calling detection service: position_id=goal-visible-5-4-7 angle=45 prompt='countertop .'
[Debug] received detection service result: position_id=goal-visible-5-4-7 angle=45
[Debug] final goal visible on screen: label=countertop ratio=0.044347 semantic_bbox=250x248 rgb_bbox=253x253
[Debug] saved final goal bbox: tmp/navigation_images/final_goal_visible_step_7.png
[Debug] final goal detected; approaching GT coordinates before stopping
[Timing] pathfinder final-approach elapsed=0.122s found=True
[Debug] close enough to final goal coordinates: label=countertop distance=1.454
[Timing] episode elapsed=127.292s sr=1 spl=0.5438 final_length=17.1066
[Timing] val_auto episode total elapsed=127.292s goal=countertop sr=1 spl=0.5438 completed_eval_episodes=3/10
[Debug] episode success: final_goal=countertop sr=1 spl=0.5438 final_length=17.1066
[Debug] selectable goal names count=29 sample=['alarmclock', 'baseballbat', 'bed', 'book', 'bowl', 'box', 'cellphone', 'chair', 'desk', 'dogbed']
[Debug] requested EFFICIENTNAV_TARGET_OBJECT='countertop' not found in current house; skipping house
[Debug] skipping house because no target object could be selected
[Debug] selectable goal names count=25 sample=['apple', 'bed', 'bottle', 'bowl', 'bread', 'cellphone', 'countertop', 'doorway', 'floor', 'microwave']
[Debug] using requested target object=countertop
[Debug] reachable_positions=826 candidate_objects_for_countertop=1
[Debug] starting independent environment episode=1/1
[Debug] experiment setup: seed=7 goal_instance_index=random start_index=random start_rotation=270.0 start_point=(2.500, 0.901, 5.750)
[Timing] pathfinder goal-distance elapsed=1.379s found=True
real_distance:4.139087296526013
[Debug] observation rotation: angle=0 pause=0.25s
[Debug] observation rotation: angle=90 pause=0.25s
[Debug] observation rotation: angle=180 pause=0.25s
[Debug] observation rotation: angle=270 pause=0.25s
[Debug] calling detection service: position_id=big+0+0 angle=0 prompt='countertop . bed . mirror . picture frame .'
[Debug] received detection service result: position_id=big+0+0 angle=0
[Debug] calling detection service: position_id=big+0+0 angle=90 prompt='countertop . counter . bowl . bottle .'
[Debug] received detection service result: position_id=big+0+0 angle=90
[Debug] calling detection service: position_id=big+0+0 angle=180 prompt='countertop . doorway . tv .'
[Debug] received detection service result: position_id=big+0+0 angle=180
[Debug] calling detection service: position_id=big+0+0 angle=270 prompt='countertop . painting . wall .'
[Debug] received detection service result: position_id=big+0+0 angle=270
[Debug] box_info_list_sum: [[{'label': 'picture frame', 'box': [762, 240, 1023, 498]}, {'label': 'bed', 'box': [183, 612, 392, 821]}, {'label': 'mirror', 'box': [125, 290, 539, 1023]}, {'label': 'countertop', 'box': [181, 679, 533, 1022]}], [{'label': 'bottle', 'box': [230, 600, 338, 699]}, {'label': 'bowl', 'box': [185, 651, 464, 726]}], [{'label': 'doorway', 'box': [755, 428, 911, 762]}, {'label': 'tv', 'box': [430, 526, 460, 604]}], [{'label': 'painting', 'box': [336, 515, 532, 650]}, {'label': 'countertop', 'box': [1, 832, 906, 1021]}]]
painting
bed
doorway
[Debug] dropped verified goal candidate: label=countertop angle=0 box=[181, 679, 533, 1022] overlaps=floor#15:0.839, bed#2:0.145, doorway#11:0.011, wall#44:0.005
floor
wall
pot
doorway
tv
painting
[Debug] dropped verified goal candidate: label=countertop angle=270 box=[1, 832, 906, 1021] overlaps=floor#14:0.902, wall#49:0.080, wall#48:0.013, floor#12:0.004, wall#53:0.001
floor
[Debug] max_similar_objs_list: [[('painting', 0, 22, 0.5644656419754028, 'painting', array([3.496362 , 1.9068966, 6.94965  ], dtype=float32))], [('bed', 0, 2, 1.0, 'bed', array([0.7144852 , 0.32258224, 9.390674  ], dtype=float32))], [('doorway', 0, 11, 0.642623782157898, 'doorway', array([2.1451411, 1.0500227, 6.5475855], dtype=float32))], [('floor', 0, 15, 0.6161034107208252, 'floor', array([3.4855, 0.    , 5.2285], dtype=float32))], [('wall', 90, 49, 0.5774183869361877, 'wall', array([3.4855003, 1.7125279, 3.4855   ], dtype=float32))], [('pot', 90, 27, 0.7380918264389038, 'pot', array([4.126588 , 1.0211881, 6.03176  ], dtype=float32))], [('doorway', 180, 10, 1.0, 'doorway', array([-4.4703484e-08,  1.0462730e+00,  1.5716336e+00], dtype=float32))], [('tv', 180, 43, 1.0, 'tv', array([3.1592548 , 0.37626502, 0.6799451 ], dtype=float32))], [('painting', 270, 21, 1.0, 'painting', array([0.01871359, 1.2321147 , 5.3787656 ], dtype=float32))], [('floor', 270, 14, 0.6161034107208252, 'floor', array([3.4855   , 0.       , 3.4855003], dtype=float32))]]
[Debug] empty_position: []
 {
    "Place": 0,
    "Angle": 0,
    "Objects": [
        "painting",
        "teddy bear",
        "bed",
        "doorway"
    ]
}{
    "Place": 0,
    "Angle": 90,
    "Objects": [
        "counter",
        "ball",
        "wall",
        "pot"
    ]
}{
    "Place": 0,
    "Angle": 180,
    "Objects": [
        "tv",
        "doorway"
    ]
}{
    "Place": 0,
    "Angle": 270,
    "Objects": [
        "wall",
        "painting"
    ]
}
[Debug] allowed planner objects: ['doorway', 'pot', 'tv', 'bed', 'painting']
[Debug] allowed planner objects by place: {0: ['doorway', 'tv', 'bed', 'painting', 'pot']}
The above is a description of different places in different angles in the environment.Your can get to any place described in the json data. Your goal is to find the countertop. Based on the above json data, please choose one specific object to travel to as your target. If your goal is already in the description, please choose it as the target. You must choose an object only from this allowed list: doorway, pot, tv, bed, painting. Do not output any object name that is not in the allowed list. Valid choosable objects by place are: Place 0: doorway, tv, bed, painting, pot. The Objects field must contain exactly one object from the chosen place list.Note that you can travel to door or door frame to other spaces if there are no clear evidence to choose the target.  Return exactly one JSON object by referring to the following template.
            {"Place": x, "Angle": x, "Objects": ["xxxx"] }
            If your goal is already in the description, please choose it as the target. You should not output any explanation, markdown, prose, examples, or extra text before or after the JSON. Note that your should choose only one object in one angle of one place in the json data as the target.
{"Place": "counter", "Angle": 90, "Objects": ["ball"]}
[Timing] planning mode=kv elapsed=1.603s
{"Place": 0, "Angle": 90, "Objects": ["doorway"]}
[Debug] planner selected: place=0, angle=90, objects=['doorway']
last_key:[]
Setting `pad_token_id` to `eos_token_id`:151645 for open-end generation.
Setting `pad_token_id` to `eos_token_id`:151645 for open-end generation.
Setting `pad_token_id` to `eos_token_id`:151645 for open-end generation.
Setting `pad_token_id` to `eos_token_id`:151645 for open-end generation.
Setting `pad_token_id` to `eos_token_id`:151645 for open-end generation.
Setting `pad_token_id` to `eos_token_id`:151645 for open-end generation.
Setting `pad_token_id` to `eos_token_id`:151645 for open-end generation.
Setting `pad_token_id` to `eos_token_id`:151645 for open-end generation.
[Debug] allowed_targets_by_place[0] candidates: [('doorway', 180, 10, 1.0, 'doorway', array([-4.4703484e-08,  1.0462730e+00,  1.5716336e+00], dtype=float32)), ('doorway', 0, 11, 0.642623782157898, 'doorway', array([2.1451411, 1.0500227, 6.5475855], dtype=float32)), ('tv', 180, 43, 1.0, 'tv', array([3.1592548 , 0.37626502, 0.6799451 ], dtype=float32)), ('bed', 0, 2, 1.0, 'bed', array([0.7144852 , 0.32258224, 9.390674  ], dtype=float32)), ('painting', 270, 21, 1.0, 'painting', array([0.01871359, 1.2321147 , 5.3787656 ], dtype=float32)), ('pot', 90, 27, 0.7380918264389038, 'pot', array([4.126588 , 1.0211881, 6.03176  ], dtype=float32)), ('painting', 0, 22, 0.5644656419754028, 'painting', array([3.496362 , 1.9068966, 6.94965  ], dtype=float32))]
[Debug] resolved target tuple: ('doorway', 180, 10, 1.0, 'doorway', array([-4.4703484e-08,  1.0462730e+00,  1.5716336e+00], dtype=float32)) from representative place 0
[Debug] resolved source place: 0 for representative place 0
0
final_goal:countertop,sub_goal:doorway,place:0,trajectory: doorway in Place 0.
sub_target_id:10
target:doorway
final_goal:countertop
final_length:0
[Timing] pathfinder to-subgoal elapsed=1.950s found=True
[Debug] sub-goal visible on screen: label=doorway ratio=0.034363 bbox=155x268
[Debug] observation rotation: angle=0 pause=0.25s
[Debug] observation rotation: angle=90 pause=0.25s
[Debug] observation rotation: angle=180 pause=0.25s
[Debug] observation rotation: angle=270 pause=0.25s
[Debug] get_observation skip angle=270 reason=depth
[Debug] calling detection service: position_id=big+1+1 angle=0 prompt='countertop . doorway . picture .'
[Debug] received detection service result: position_id=big+1+1 angle=0
[Debug] calling detection service: position_id=big+1+1 angle=90 prompt='countertop . cabinet . tv .'
[Debug] received detection service result: position_id=big+1+1 angle=90
[Debug] calling detection service: position_id=big+1+1 angle=180 prompt='countertop . doorway . wall .'
[Debug] received detection service result: position_id=big+1+1 angle=180
[Debug] box_info_list_sum: [[{'label': 'picture', 'box': [341, 383, 485, 847]}, {'label': 'countertop', 'box': [887, 572, 1023, 728]}], [{'label': 'tv', 'box': [629, 542, 867, 662]}, {'label': 'cabinet', 'box': [625, 654, 889, 822]}], [{'label': 'countertop', 'box': [1, 913, 579, 1022]}, {'label': 'doorway', 'box': [575, 1, 1022, 1021]}, {'label': 'wall', 'box': [1, 30, 581, 916]}]]
painting
[Debug] preserving goal candidate: label=countertop angle=0 obj_id=9 visible_ratio=0.015409 bbox=135x150 box_match=0.7555 detection_bbox=136x156
countertop
tv
shelf
[Debug] dropped verified goal candidate: label=countertop angle=180 box=[1, 913, 579, 1022] overlaps=floor#12:0.980, wall#47:0.018, doorway#10:0.002, wall#53:0.000
floor
wall
[Debug] max_similar_objs_list: [[('painting', 0, 24, 0.7150622606277466, 'painting', array([0.02087049, 1.4301707 , 3.010561  ], dtype=float32))], [('countertop', 0, 9, 1.0, 'countertop', array([5.4209013, 0.4691912, 6.336399 ], dtype=float32))], [('tv', 90, 40, 1.0, 'tv', array([3.1592417, 1.0775238, 0.6799425], dtype=float32))], [('shelf', 90, 36, 0.7248032093048096, 'shelf', array([3.1489112, 0.2762171, 1.0480689], dtype=float32))], [('floor', 180, 12, 0.6161034107208252, 'floor', array([3.4855, 0.    , 1.743 ], dtype=float32))], [('wall', 180, 47, 1.0, 'wall', array([1.743    , 1.7125279, 0.       ], dtype=float32))]]
[Debug] empty_position: []
 {
    "Place": 0,
    "Angle": 0,
    "Objects": [
        "painting",
        "teddy bear",
        "bed",
        "doorway"
    ]
}{
    "Place": 0,
    "Angle": 90,
    "Objects": [
        "counter",
        "ball",
        "wall",
        "pot"
    ]
}{
    "Place": 0,
    "Angle": 270,
    "Objects": [
        "wall",
        "painting"
    ]
} {
    "Place": 1,
    "Angle": 0,
    "Objects": [
        "doorway",
        "painting"
    ]
}{
    "Place": 1,
    "Angle": 90,
    "Objects": [
        "tv",
        "shelf"
    ]
}
[Debug] resolver candidates place=0: exact=5 relaxed_or_synthesized=1
[Debug] resolver candidates place=1: exact=3 relaxed_or_synthesized=1
[Debug] allowed planner objects: ['countertop', 'shelf', 'tv', 'painting']
[Debug] allowed planner objects by place: {0: [], 1: ['countertop', 'tv', 'shelf', 'painting']}
[Debug] bypassing planner because goal is already observed: {"Place": 1, "Angle": 0, "Objects": ["countertop"]}
{"Place": 1, "Angle": 0, "Objects": ["countertop"]}
[Debug] planner selected: place=1, angle=0, objects=['countertop']
last_key:['Place 0']
[Debug] allowed_targets_by_place[1] candidates: [('countertop', 0, 9, 1.0, 'countertop', array([5.4209013, 0.4691912, 6.336399 ], dtype=float32)), ('tv', 90, 40, 1.0, 'tv', array([3.1592417, 1.0775238, 0.6799425], dtype=float32)), ('shelf', 90, 36, 0.7248032093048096, 'shelf', array([3.1489112, 0.2762171, 1.0480689], dtype=float32)), ('painting', 0, 24, 0.7150622606277466, 'painting', array([0.02087049, 1.4301707 , 3.010561  ], dtype=float32))]
[Debug] resolved target tuple: ('countertop', 0, 9, 1.0, 'countertop', array([5.4209013, 0.4691912, 6.336399 ], dtype=float32)) from representative place 1
[Debug] resolved source place: 1 for representative place 1
1
final_goal:countertop,sub_goal:countertop,place:1,trajectory: doorway in Place 0.countertop in Place 1.
sub_target_id:9
target:countertop
final_goal:countertop
final_length:5.303300857543945
[Timing] pathfinder to-subgoal elapsed=2.049s found=True
[Debug] sub-goal visible on screen: label=countertop ratio=0.015798 bbox=194x121
[Debug] calling detection service: position_id=goal-visible-2-1-1 angle=44 prompt='countertop .'
[Debug] received detection service result: position_id=goal-visible-2-1-1 angle=44
[Debug] semantic goal candidate rejected by RGB detector: label=countertop ratio=0.015798 semantic_bbox=194x121
[Debug] calling detection service: position_id=goal-visible-2-1-2 angle=45 prompt='countertop .'
[Debug] received detection service result: position_id=goal-visible-2-1-2 angle=45
[Debug] final goal visible on screen: label=countertop ratio=0.016298 semantic_bbox=197x124 rgb_bbox=200x127
[Debug] saved final goal bbox: tmp/navigation_images/final_goal_visible_step_2.png
[Debug] final goal detected; approaching GT coordinates before stopping
[Timing] pathfinder final-approach elapsed=1.413s found=True
[Debug] close enough to final goal coordinates: label=countertop distance=1.444
[Timing] episode elapsed=58.222s sr=1 spl=0.3834 final_length=10.7959
[Timing] val_auto episode total elapsed=58.222s goal=countertop sr=1 spl=0.3834 completed_eval_episodes=4/10
[Debug] episode success: final_goal=countertop sr=1 spl=0.3834 final_length=10.7959
[Debug] selectable goal names count=36 sample=['apple', 'bottle', 'bowl', 'butterknife', 'candle', 'cart', 'countertop', 'creditcard', 'desklamp', 'diningtable']
[Debug] using requested target object=countertop
[Debug] reachable_positions=310 candidate_objects_for_countertop=1
[Debug] starting independent environment episode=1/1
[Debug] experiment setup: seed=7 goal_instance_index=random start_index=random start_rotation=270.0 start_point=(1.000, 0.901, 0.750)
[Timing] pathfinder goal-distance elapsed=0.352s found=True
real_distance:6.156854249492382
[Debug] observation rotation: angle=0 pause=0.25s
[Debug] observation rotation: angle=90 pause=0.25s
[Debug] observation rotation: angle=180 pause=0.25s
[Debug] observation rotation: angle=270 pause=0.25s
[Debug] calling detection service: position_id=big+0+0 angle=0 prompt='countertop . counter . refrigerator . window .'
[Debug] received detection service result: position_id=big+0+0 angle=0
[Debug] calling detection service: position_id=big+0+0 angle=90 prompt='countertop . shelf . window . trolley .'
[Debug] received detection service result: position_id=big+0+0 angle=90
[Debug] calling detection service: position_id=big+0+0 angle=180 prompt='countertop . doorway . bolt .'
[Debug] received detection service result: position_id=big+0+0 angle=180
[Debug] calling detection service: position_id=big+0+0 angle=270 prompt='countertop . remote . book . picture frame .'
[Debug] received detection service result: position_id=big+0+0 angle=270
[Debug] box_info_list_sum: [[{'label': 'window', 'box': [1, 68, 311, 887]}, {'label': 'refrigerator', 'box': [654, 481, 745, 677]}], [{'label': 'trolley', 'box': [235, 566, 400, 898]}, {'label': 'window', 'box': [340, 413, 496, 627]}, {'label': 'shelf', 'box': [571, 557, 637, 776]}, {'label': 'countertop', 'box': [0, 716, 728, 1022]}], [{'label': 'doorway', 'box': [3, 149, 720, 1019]}], [{'label': 'remote', 'box': [556, 860, 674, 885]}, {'label': 'picture frame', 'box': [247, 172, 696, 518]}, {'label': 'countertop', 'box': [467, 845, 1022, 1022]}]]
window
fridge
cart
window
dresser
[Debug] dropped verified goal candidate: label=countertop angle=90 box=[0, 716, 728, 1022] overlaps=floor#23:0.816, wall#57:0.062, floor#25:0.047, cart#6:0.044, dresser#21:0.011
floor
doorway
diningtable
painting
[Debug] dropped verified goal candidate: label=countertop angle=270 box=[467, 845, 1022, 1022] overlaps=diningtable#10:0.757, bowl#3:0.123, desklamp#9:0.062, wall#58:0.031, remotecontrol#38:0.024
[Debug] max_similar_objs_list: [[('window', 0, 71, 1.0, 'window', array([-1.4901161e-08,  1.4978429e+00,  2.4398975e+00], dtype=float32))], [('fridge', 0, 26, 0.9570007920265198, 'fridge', array([2.8686185, 0.9325055, 6.007824 ], dtype=float32))], [('cart', 90, 6, 0.7373306155204773, 'cart', array([3.4353826, 0.6413501, 1.6226099], dtype=float32))], [('window', 90, 72, 1.0, 'window', array([4.8389997, 1.4993191, 1.4437144], dtype=float32))], [('dresser', 90, 21, 0.6909864544868469, 'dresser', array([4.4282465 , 0.6145616 , 0.16820376], dtype=float32))], [('floor', 90, 23, 0.6161034107208252, 'floor', array([2.4195, 0.    , 1.613 ], dtype=float32))], [('doorway', 180, 12, 1.0, 'doorway', array([1.6542892, 1.0364102, 0.       ], dtype=float32))], [('diningtable', 270, 10, 0.42337942123413086, 'diningtable', array([0.3628375 , 0.47118813, 1.1546618 ], dtype=float32))], [('painting', 270, 30, 0.5644656419754028, 'painting', array([0.02087049, 1.899612  , 0.6711059 ], dtype=float32))]]
[Debug] empty_position: []
 {
    "Place": 0,
    "Angle": 0,
    "Objects": [
        "counter",
        "fridge",
        "window",
        "lamp"
    ]
}{
    "Place": 0,
    "Angle": 90,
    "Objects": [
        "cart",
        "picture frame",
        "dresser",
        "window"
    ]
}{
    "Place": 0,
    "Angle": 180,
    "Objects": [
        "doorway",
        "bolt"
    ]
}{
    "Place": 0,
    "Angle": 270,
    "Objects": [
        "book",
        "painting",
        "wall",
        "diningtable"
    ]
}
[Debug] allowed planner objects: ['doorway', 'window', 'dresser', 'fridge', 'diningtable', 'cart', 'painting']
[Debug] allowed planner objects by place: {0: ['doorway', 'window', 'fridge', 'cart', 'dresser', 'painting', 'diningtable']}
The above is a description of different places in different angles in the environment.Your can get to any place described in the json data. Your goal is to find the countertop. Based on the above json data, please choose one specific object to travel to as your target. If your goal is already in the description, please choose it as the target. You must choose an object only from this allowed list: doorway, window, dresser, fridge, diningtable, cart, painting. Do not output any object name that is not in the allowed list. Valid choosable objects by place are: Place 0: doorway, window, fridge, cart, dresser, painting, diningtable. The Objects field must contain exactly one object from the chosen place list.Note that you can travel to door or door frame to other spaces if there are no clear evidence to choose the target.  Return exactly one JSON object by referring to the following template.
            {"Place": x, "Angle": x, "Objects": ["xxxx"] }
            If your goal is already in the description, please choose it as the target. You should not output any explanation, markdown, prose, examples, or extra text before or after the JSON. Note that your should choose only one object in one angle of one place in the json data as the target.
{"Place": "counter", "Angle": 0, "Objects": ["fridge"]}
[Timing] planning mode=kv elapsed=1.600s
{"Place": 0, "Angle": 0, "Objects": ["fridge"]}
[Debug] planner selected: place=0, angle=0, objects=['fridge']
last_key:[]
[Debug] allowed_targets_by_place[0] candidates: [('doorway', 180, 12, 1.0, 'doorway', array([1.6542892, 1.0364102, 0.       ], dtype=float32)), ('window', 0, 71, 1.0, 'window', array([-1.4901161e-08,  1.4978429e+00,  2.4398975e+00], dtype=float32)), ('window', 90, 72, 1.0, 'window', array([4.8389997, 1.4993191, 1.4437144], dtype=float32)), ('fridge', 0, 26, 0.9570007920265198, 'fridge', array([2.8686185, 0.9325055, 6.007824 ], dtype=float32)), ('cart', 90, 6, 0.7373306155204773, 'cart', array([3.4353826, 0.6413501, 1.6226099], dtype=float32)), ('dresser', 90, 21, 0.6909864544868469, 'dresser', array([4.4282465 , 0.6145616 , 0.16820376], dtype=float32)), ('painting', 270, 30, 0.5644656419754028, 'painting', array([0.02087049, 1.899612  , 0.6711059 ], dtype=float32)), ('diningtable', 270, 10, 0.42337942123413086, 'diningtable', array([0.3628375 , 0.47118813, 1.1546618 ], dtype=float32))]
[Debug] resolved target tuple: ('fridge', 0, 26, 0.9570007920265198, 'fridge', array([2.8686185, 0.9325055, 6.007824 ], dtype=float32)) from representative place 0
[Debug] resolved source place: 0 for representative place 0
0
final_goal:countertop,sub_goal:fridge,place:0,trajectory: fridge in Place 0.
sub_target_id:26
target:fridge
final_goal:countertop
final_length:0
[Timing] pathfinder to-subgoal elapsed=0.392s found=True
[Debug] sub-goal visible on screen: label=fridge ratio=0.019462 bbox=99x219
[Debug] calling detection service: position_id=goal-visible-1-0-4 angle=315 prompt='countertop .'
[Debug] received detection service result: position_id=goal-visible-1-0-4 angle=315
[Debug] semantic goal candidate rejected by RGB detector: label=countertop ratio=0.035639 semantic_bbox=212x242
[Debug] calling detection service: position_id=goal-visible-1-0-5 angle=315 prompt='countertop .'
[Debug] received detection service result: position_id=goal-visible-1-0-5 angle=315
[Debug] semantic goal candidate rejected by RGB detector: label=countertop ratio=0.041261 semantic_bbox=220x272
[Debug] calling detection service: position_id=goal-visible-1-0-6 angle=315 prompt='countertop .'
[Debug] received detection service result: position_id=goal-visible-1-0-6 angle=315
[Debug] semantic goal candidate rejected by RGB detector: label=countertop ratio=0.043936 semantic_bbox=224x286
[Debug] calling detection service: position_id=goal-visible-1-0-7 angle=315 prompt='countertop .'
[Debug] received detection service result: position_id=goal-visible-1-0-7 angle=315
[Debug] semantic goal candidate rejected by RGB detector: label=countertop ratio=0.052024 semantic_bbox=233x326
[Debug] calling detection service: position_id=goal-visible-1-0-8 angle=0 prompt='countertop .'
[Debug] received detection service result: position_id=goal-visible-1-0-8 angle=0
[Debug] semantic goal candidate rejected by RGB detector: label=countertop ratio=0.039164 semantic_bbox=183x290
[Debug] calling detection service: position_id=goal-visible-1-0-9 angle=0 prompt='countertop .'
[Debug] received detection service result: position_id=goal-visible-1-0-9 angle=0
[Debug] semantic goal candidate rejected by RGB detector: label=countertop ratio=0.050056 semantic_bbox=208x331
[Debug] calling detection service: position_id=goal-visible-1-0-24 angle=0 prompt='countertop .'
[Debug] received detection service result: position_id=goal-visible-1-0-24 angle=0
[Debug] semantic goal candidate rejected by RGB detector: label=countertop ratio=0.012794 semantic_bbox=66x239
[Debug] calling detection service: position_id=goal-visible-1-0-28 angle=315 prompt='countertop .'
[Debug] received detection service result: position_id=goal-visible-1-0-28 angle=315
[Debug] semantic goal candidate rejected by RGB detector: label=countertop ratio=0.109395 semantic_bbox=413x400
[Debug] calling detection service: position_id=goal-visible-1-0-29 angle=314 prompt='countertop .'
[Debug] received detection service result: position_id=goal-visible-1-0-29 angle=314
Setting `pad_token_id` to `eos_token_id`:151645 for open-end generation.
Setting `pad_token_id` to `eos_token_id`:151645 for open-end generation.
Setting `pad_token_id` to `eos_token_id`:151645 for open-end generation.
Setting `pad_token_id` to `eos_token_id`:151645 for open-end generation.
Setting `pad_token_id` to `eos_token_id`:151645 for open-end generation.
Setting `pad_token_id` to `eos_token_id`:151645 for open-end generation.
Setting `pad_token_id` to `eos_token_id`:151645 for open-end generation.
Setting `pad_token_id` to `eos_token_id`:151645 for open-end generation.
[Debug] semantic goal candidate rejected by RGB detector: label=countertop ratio=0.114215 semantic_bbox=402x390
[Debug] calling detection service: position_id=goal-visible-1-0-30 angle=315 prompt='countertop .'
[Debug] received detection service result: position_id=goal-visible-1-0-30 angle=315
[Debug] semantic goal candidate rejected by RGB detector: label=countertop ratio=0.115681 semantic_bbox=397x385
[Debug] calling detection service: position_id=goal-visible-1-0-31 angle=314 prompt='countertop .'
[Debug] received detection service result: position_id=goal-visible-1-0-31 angle=314
[Debug] semantic goal candidate rejected by RGB detector: label=countertop ratio=0.115870 semantic_bbox=382x371
[Debug] observation rotation: angle=0 pause=0.25s
[Debug] observation rotation: angle=90 pause=0.25s
[Debug] observation rotation: angle=180 pause=0.25s
[Debug] observation rotation: angle=270 pause=0.25s
[Debug] calling detection service: position_id=big+1+1 angle=0 prompt='countertop . wall .'
[Debug] received detection service result: position_id=big+1+1 angle=0
[Debug] calling detection service: position_id=big+1+1 angle=90 prompt='countertop . handle . cylinder .'
[Debug] received detection service result: position_id=big+1+1 angle=90
[Debug] calling detection service: position_id=big+1+1 angle=180 prompt='countertop . dining table . shelf . window .'
[Debug] received detection service result: position_id=big+1+1 angle=180
[Debug] calling detection service: position_id=big+1+1 angle=270 prompt='countertop . counter . vase .'
[Debug] received detection service result: position_id=big+1+1 angle=270
[Debug] box_info_list_sum: [[{'label': 'wall', 'box': [0, 0, 1023, 1023]}], [], [{'label': 'window', 'box': [773, 358, 923, 692]}, {'label': 'shelf', 'box': [282, 540, 418, 707]}, {'label': 'dining table', 'box': [660, 570, 772, 691]}], [{'label': 'vase', 'box': [199, 611, 239, 683]}]]
wall
wall
[Debug] max_similar_objs_list: [[('wall', 0, 50, 1.0, 'wall', array([1.613    , 1.6655148, 3.226    ], dtype=float32))], [('wall', 270, 54, 0.5753442049026489, 'wall', array([6.1164457e-08, 1.6655147e+00, 4.0324998e+00], dtype=float32))]]
[Debug] empty_position: []
 {
    "Place": 0,
    "Angle": 90,
    "Objects": [
        "cart",
        "picture frame",
        "dresser",
        "window"
    ]
}{
    "Place": 0,
    "Angle": 180,
    "Objects": [
        "doorway",
        "bolt"
    ]
}{
    "Place": 0,
    "Angle": 270,
    "Objects": [
        "book",
        "painting",
        "wall",
        "diningtable"
    ]
} {
    "Place": 1,
    "Angle": 0,
    "Objects": [
        "shadow",
        "wall"
    ]
}{
    "Place": 1,
    "Angle": 90,
    "Objects": [
        "cylinder",
        "handle"
    ]
}{
    "Place": 1,
    "Angle": 180,
    "Objects": [
        "trolley"
    ]
}{
    "Place": 1,
    "Angle": 270,
    "Objects": [
        "counter",
        "wall"
    ]
}
[Debug] resolver candidates place=0: exact=6 relaxed_or_synthesized=1
[Debug] allowed planner objects: ['doorway']
[Debug] allowed planner objects by place: {0: ['doorway'], 1: []}
[Debug] bypassing planner because only one target is allowed: {"Place": 0, "Angle": 180, "Objects": ["doorway"]}
{"Place": 0, "Angle": 180, "Objects": ["doorway"]}
[Debug] planner selected: place=0, angle=180, objects=['doorway']
last_key:['Place 0']
[Debug] allowed_targets_by_place[0] candidates: [('doorway', 180, 12, 1.0, 'doorway', array([1.6542892, 1.0364102, 0.       ], dtype=float32)), ('window', 90, 72, 1.0, 'window', array([4.8389997, 1.4993191, 1.4437144], dtype=float32)), ('cart', 90, 6, 0.7373306155204773, 'cart', array([3.4353826, 0.6413501, 1.6226099], dtype=float32)), ('dresser', 90, 21, 0.6909864544868469, 'dresser', array([4.4282465 , 0.6145616 , 0.16820376], dtype=float32)), ('painting', 270, 30, 0.5644656419754028, 'painting', array([0.02087049, 1.899612  , 0.6711059 ], dtype=float32)), ('diningtable', 270, 10, 0.42337942123413086, 'diningtable', array([0.3628375 , 0.47118813, 1.1546618 ], dtype=float32)), ('window', 0, 71, 1.0, 'window', array([-1.4901161e-08,  1.4978429e+00,  2.4398975e+00], dtype=float32))]
[Debug] resolved target tuple: ('doorway', 180, 12, 1.0, 'doorway', array([1.6542892, 1.0364102, 0.       ], dtype=float32)) from representative place 0
[Debug] resolved source place: 0 for representative place 0
0
final_goal:countertop,sub_goal:doorway,place:0,trajectory: fridge in Place 0.doorway in Place 0.
sub_target_id:12
target:doorway
final_goal:countertop
final_length:6.596194267272949
[Timing] pathfinder to-subgoal elapsed=0.035s found=True
[Debug] sub-goal visible on screen: label=doorway ratio=0.669821 bbox=760x1024
[Debug] observation rotation: angle=0 pause=0.25s
[Debug] observation rotation: angle=90 pause=0.25s
[Debug] observation rotation: angle=180 pause=0.25s
[Debug] observation rotation: angle=270 pause=0.25s
[Debug] get_observation skip angle=180 reason=depth
[Debug] calling detection service: position_id=big+2+2 angle=0 prompt='countertop . refrigerator . window . trash bin .'
[Debug] received detection service result: position_id=big+2+2 angle=0
[Debug] calling detection service: position_id=big+2+2 angle=90 prompt='countertop . window . bed . vase .'
[Debug] received detection service result: position_id=big+2+2 angle=90
[Debug] calling detection service: position_id=big+2+2 angle=270 prompt='countertop . table . bowl . cell phone .'
[Debug] received detection service result: position_id=big+2+2 angle=270
[Debug] box_info_list_sum: [[{'label': 'window', 'box': [0, 296, 170, 755]}, {'label': 'countertop', 'box': [240, 560, 398, 728]}, {'label': 'refrigerator', 'box': [559, 483, 627, 661]}], [{'label': 'window', 'box': [183, 379, 399, 670]}, {'label': 'bed', 'box': [0, 597, 190, 1022]}, {'label': 'countertop', 'box': [497, 572, 573, 906]}], [{'label': 'table', 'box': [625, 672, 1023, 1022]}, {'label': 'bowl', 'box': [767, 679, 824, 715]}, {'label': 'countertop', 'box': [625, 673, 1023, 779]}]]
[Debug] preserving goal candidate: label=countertop angle=0 obj_id=7 visible_ratio=0.018547 bbox=157x163 box_match=0.7326 detection_bbox=158x168
countertop
[Debug] dropped verified goal candidate: label=countertop angle=90 box=[497, 572, 573, 906] overlaps=dresser#21:0.848, floor#23:0.045, wall#59:0.032, wall#57:0.022, drawer#20:0.014
[Debug] dropped verified goal candidate: label=countertop angle=270 box=[625, 673, 1023, 779] overlaps=diningtable#10:0.626, window#71:0.129, wall#58:0.088, desklamp#9:0.048, bowl#3:0.033
[Debug] max_similar_objs_list: [[('countertop', 0, 7, 1.0, 'countertop', array([0.33027577, 0.4687333 , 5.2096252 ], dtype=float32))]]
[Debug] empty_position: []
 {
    "Place": 0,
    "Angle": 90,
    "Objects": [
        "cart",
        "picture frame",
        "dresser",
        "window"
    ]
}{
    "Place": 0,
    "Angle": 270,
    "Objects": [
        "book",
        "painting",
        "wall",
        "diningtable"
    ]
} {
    "Place": 1,
    "Angle": 0,
    "Objects": [
        "shadow",
        "wall"
    ]
}{
    "Place": 1,
    "Angle": 90,
    "Objects": [
        "cylinder",
        "handle"
    ]
}{
    "Place": 1,
    "Angle": 180,
    "Objects": [
        "trolley"
    ]
}{
    "Place": 1,
    "Angle": 270,
    "Objects": [
        "counter",
        "wall"
    ]
} {
    "Place": 2,
    "Angle": 0,
    "Objects": [
        "floor lamp",
        "trash bin"
    ]
}{
    "Place": 2,
    "Angle": 90,
    "Objects": [
        "vase",
        "painting"
    ]
}{
    "Place": 2,
    "Angle": 270,
    "Objects": [
        "lamp",
        "cell phone"
    ]
}
[Debug] resolver candidates place=0: exact=5 relaxed_or_synthesized=1
[Debug] resolver candidates place=2: exact=0 relaxed_or_synthesized=1
[Debug] allowed planner objects: ['countertop']
[Debug] allowed planner objects by place: {0: [], 1: [], 2: ['countertop']}
[Debug] bypassing planner because goal is already observed: {"Place": 2, "Angle": 0, "Objects": ["countertop"]}
{"Place": 2, "Angle": 0, "Objects": ["countertop"]}
[Debug] planner selected: place=2, angle=0, objects=['countertop']
last_key:['Place 0', 'Place 0']
Setting `pad_token_id` to `eos_token_id`:151645 for open-end generation.
Setting `pad_token_id` to `eos_token_id`:151645 for open-end generation.
Setting `pad_token_id` to `eos_token_id`:151645 for open-end generation.
Setting `pad_token_id` to `eos_token_id`:151645 for open-end generation.
[Debug] allowed_targets_by_place[2] candidates: [('countertop', 0, 7, 1.0, 'countertop', array([0.33027577, 0.4687333 , 5.2096252 ], dtype=float32))]
[Debug] resolved target tuple: ('countertop', 0, 7, 1.0, 'countertop', array([0.33027577, 0.4687333 , 5.2096252 ], dtype=float32)) from representative place 2
[Debug] resolved source place: 2 for representative place 2
2
final_goal:countertop,sub_goal:countertop,place:2,trajectory: fridge in Place 0.doorway in Place 0.countertop in Place 2.
sub_target_id:7
target:countertop
final_goal:countertop
final_length:7.803300857543945
[Timing] pathfinder to-subgoal elapsed=0.492s found=True
[Debug] sub-goal visible on screen: label=countertop ratio=0.037466 bbox=267x210
[Debug] calling detection service: position_id=goal-visible-3-2-6 angle=0 prompt='countertop .'
[Debug] received detection service result: position_id=goal-visible-3-2-6 angle=0
[Debug] final goal visible on screen: label=countertop ratio=0.037466 semantic_bbox=267x210 rgb_bbox=269x215
[Debug] saved final goal bbox: tmp/navigation_images/final_goal_visible_step_6.png
[Debug] final goal detected; approaching GT coordinates before stopping
[Timing] pathfinder final-approach elapsed=0.355s found=True
[Debug] close enough to final goal coordinates: label=countertop distance=1.420
[Timing] episode elapsed=82.111s sr=1 spl=0.4818 final_length=12.7782
[Timing] val_auto episode total elapsed=82.111s goal=countertop sr=1 spl=0.4818 completed_eval_episodes=5/10
[Debug] episode success: final_goal=countertop sr=1 spl=0.4818 final_length=12.7782
[Debug] selectable goal names count=35 sample=['basketball', 'bed', 'bowl', 'cellphone', 'chair', 'creditcard', 'diningtable', 'dishsponge', 'doorway', 'drawer']
[Debug] requested EFFICIENTNAV_TARGET_OBJECT='countertop' not found in current house; skipping house
[Debug] skipping house because no target object could be selected
[Debug] selectable goal names count=28 sample=['cart', 'cellphone', 'chair', 'coffeemachine', 'countertop', 'creditcard', 'desklamp', 'diningtable', 'dogbed', 'doorway']
[Debug] using requested target object=countertop
[Debug] reachable_positions=375 candidate_objects_for_countertop=1
[Debug] starting independent environment episode=1/1
[Debug] experiment setup: seed=7 goal_instance_index=random start_index=random start_rotation=270.0 start_point=(2.500, 0.901, 0.750)
[Timing] pathfinder goal-distance elapsed=0.453s found=True
real_distance:5.785533905932739
[Debug] observation rotation: angle=0 pause=0.25s
[Debug] observation rotation: angle=90 pause=0.25s
[Debug] observation rotation: angle=180 pause=0.25s
[Debug] observation rotation: angle=270 pause=0.25s
[Debug] calling detection service: position_id=big+0+0 angle=0 prompt='countertop . tv . sofa . rack .'
[Debug] received detection service result: position_id=big+0+0 angle=0
[Debug] calling detection service: position_id=big+0+0 angle=90 prompt='countertop . window . wall .'
[Debug] received detection service result: position_id=big+0+0 angle=90
[Debug] calling detection service: position_id=big+0+0 angle=180 prompt='countertop . window . trees . sun .'
[Debug] received detection service result: position_id=big+0+0 angle=180
[Debug] calling detection service: position_id=big+0+0 angle=270 prompt='countertop . doorway . light fixture . wall .'
[Debug] received detection service result: position_id=big+0+0 angle=270
[Debug] box_info_list_sum: [[{'label': 'sofa', 'box': [448, 575, 707, 681]}, {'label': 'tv', 'box': [273, 474, 437, 590]}, {'label': 'rack', 'box': [670, 574, 887, 982]}, {'label': 'countertop', 'box': [0, 639, 307, 848]}], [{'label': 'window', 'box': [3, 284, 1017, 854]}], [{'label': 'window', 'box': [45, 278, 1021, 876]}, {'label': 'trees', 'box': [104, 487, 1019, 809]}], [{'label': 'doorway', 'box': [57, 204, 671, 1021]}, {'label': 'wall', 'box': [59, 1, 1004, 1021]}]]
sofa
tv
fridge
[Debug] dropped verified goal candidate: label=countertop angle=0 box=[0, 639, 307, 848] overlaps=floor#11:0.460, diningtable#8:0.413, wall#43:0.106, plate#24:0.009, desklamp#7:0.008
floor
window
window
doorway
wall
[Debug] max_similar_objs_list: [[('sofa', 0, 33, 1.0, 'sofa', array([3.1042576, 0.4549118, 5.9278355], dtype=float32))], [('tv', 0, 35, 1.0, 'tv', array([0.87649107, 1.3574086 , 6.090242  ], dtype=float32))], [('fridge', 0, 14, 0.5748386979103088, 'fridge', array([5.7898664 , 0.93250525, 6.0596185 ], dtype=float32))], [('floor', 0, 11, 0.6161034107208252, 'floor', array([2.4065, 0.    , 3.2085], dtype=float32))], [('window', 90, 60, 1.0, 'window', array([3.2089999 , 1.5000001 , 0.77639824], dtype=float32))], [('window', 180, 59, 1.0, 'window', array([2.4305038, 1.5      , 0.       ], dtype=float32))], [('doorway', 270, 10, 1.0, 'doorway', array([1.6039999, 1.0371888, 0.5069809], dtype=float32))], [('wall', 270, 39, 1.0, 'wall', array([0.8019998 , 1.6639733 , 0.80199987], dtype=float32))]]
[Debug] empty_position: []
 {
    "Place": 0,
    "Angle": 0,
    "Objects": [
        "fridge",
        "tv",
        "sofa",
        "lamp"
    ]
}{
    "Place": 0,
    "Angle": 90,
    "Objects": [
        "window",
        "wall"
    ]
}{
    "Place": 0,
    "Angle": 180,
    "Objects": [
        "tiles",
        "window",
        "sun"
    ]
}{
    "Place": 0,
    "Angle": 270,
    "Objects": [
        "doorway",
        "wall",
        "light fixture"
    ]
}
[Debug] allowed planner objects: ['doorway', 'window', 'fridge', 'tv', 'sofa']
[Debug] allowed planner objects by place: {0: ['doorway', 'window', 'tv', 'sofa', 'fridge']}
The above is a description of different places in different angles in the environment.Your can get to any place described in the json data. Your goal is to find the countertop. Based on the above json data, please choose one specific object to travel to as your target. If your goal is already in the description, please choose it as the target. You must choose an object only from this allowed list: doorway, window, fridge, tv, sofa. Do not output any object name that is not in the allowed list. Valid choosable objects by place are: Place 0: doorway, window, tv, sofa, fridge. The Objects field must contain exactly one object from the chosen place list.Note that you can travel to door or door frame to other spaces if there are no clear evidence to choose the target.  Return exactly one JSON object by referring to the following template.
            {"Place": x, "Angle": x, "Objects": ["xxxx"] }
            If your goal is already in the description, please choose it as the target. You should not output any explanation, markdown, prose, examples, or extra text before or after the JSON. Note that your should choose only one object in one angle of one place in the json data as the target.
{"Place": "window", "Angle": 90, "Objects": ["fridge", "tv", "sofa", "lamp"]}
[Timing] planning mode=kv elapsed=1.821s
{"Place": 0, "Angle": 90, "Objects": ["window"]}
[Debug] planner selected: place=0, angle=90, objects=['window']
last_key:[]
[Debug] allowed_targets_by_place[0] candidates: [('doorway', 270, 10, 1.0, 'doorway', array([1.6039999, 1.0371888, 0.5069809], dtype=float32)), ('window', 90, 60, 1.0, 'window', array([3.2089999 , 1.5000001 , 0.77639824], dtype=float32)), ('window', 180, 59, 1.0, 'window', array([2.4305038, 1.5      , 0.       ], dtype=float32)), ('tv', 0, 35, 1.0, 'tv', array([0.87649107, 1.3574086 , 6.090242  ], dtype=float32)), ('sofa', 0, 33, 1.0, 'sofa', array([3.1042576, 0.4549118, 5.9278355], dtype=float32)), ('fridge', 0, 14, 0.5748386979103088, 'fridge', array([5.7898664 , 0.93250525, 6.0596185 ], dtype=float32))]
[Debug] resolved target tuple: ('window', 90, 60, 1.0, 'window', array([3.2089999 , 1.5000001 , 0.77639824], dtype=float32)) from representative place 0
[Debug] resolved source place: 0 for representative place 0
0
final_goal:countertop,sub_goal:window,place:0,trajectory: window in Place 0.
sub_target_id:60
target:window
final_goal:countertop
final_length:0
[Timing] pathfinder to-subgoal elapsed=0.014s found=True
[Debug] sub-goal visible on screen: label=window ratio=0.954102 bbox=1024x977
[Debug] observation rotation: angle=0 pause=0.25s
Setting `pad_token_id` to `eos_token_id`:151645 for open-end generation.
Setting `pad_token_id` to `eos_token_id`:151645 for open-end generation.
Setting `pad_token_id` to `eos_token_id`:151645 for open-end generation.
Setting `pad_token_id` to `eos_token_id`:151645 for open-end generation.
Setting `pad_token_id` to `eos_token_id`:151645 for open-end generation.
Setting `pad_token_id` to `eos_token_id`:151645 for open-end generation.
Setting `pad_token_id` to `eos_token_id`:151645 for open-end generation.
Setting `pad_token_id` to `eos_token_id`:151645 for open-end generation.
Setting `pad_token_id` to `eos_token_id`:151645 for open-end generation.
Setting `pad_token_id` to `eos_token_id`:151645 for open-end generation.
Setting `pad_token_id` to `eos_token_id`:151645 for open-end generation.
Setting `pad_token_id` to `eos_token_id`:151645 for open-end generation.
[Debug] observation rotation: angle=90 pause=0.25s
[Debug] observation rotation: angle=180 pause=0.25s
[Debug] observation rotation: angle=270 pause=0.25s
[Debug] calling detection service: position_id=big+1+1 angle=0 prompt='countertop . tv . sofa . rack .'
[Debug] received detection service result: position_id=big+1+1 angle=0
[Debug] calling detection service: position_id=big+1+1 angle=90 prompt='countertop . houses . sun . garden .'
[Debug] received detection service result: position_id=big+1+1 angle=90
[Debug] calling detection service: position_id=big+1+1 angle=180 prompt='countertop . house . window .'
[Debug] received detection service result: position_id=big+1+1 angle=180
[Debug] calling detection service: position_id=big+1+1 angle=270 prompt='countertop . doorway . window .'
[Debug] received detection service result: position_id=big+1+1 angle=270
[Debug] box_info_list_sum: [[{'label': 'sofa', 'box': [420, 575, 680, 681]}, {'label': 'tv', 'box': [250, 475, 414, 590]}, {'label': 'rack', 'box': [617, 575, 786, 980]}, {'label': 'countertop', 'box': [0, 639, 272, 803]}], [{'label': 'sun', 'box': [713, 448, 839, 548]}, {'label': 'garden', 'box': [257, 528, 1021, 990]}], [{'label': 'house', 'box': [823, 608, 961, 712]}, {'label': 'window', 'box': [235, 288, 1022, 855]}], [{'label': 'doorway', 'box': [160, 273, 637, 1021]}, {'label': 'window', 'box': [0, 236, 176, 896]}]]
cart
[Debug] dropped verified goal candidate: label=countertop angle=0 box=[0, 639, 272, 803] overlaps=diningtable#8:0.439, floor#11:0.439, wall#43:0.106, desklamp#7:0.011, tv#38:0.003
[Debug] max_similar_objs_list: [[('cart', 0, 1, 0.5583247542381287, 'cart', array([3.5062046, 0.6413502, 2.8151784], dtype=float32))]]
[Debug] empty_position: [2, 3]
 {
    "Place": 0,
    "Angle": 0,
    "Objects": [
        "fridge",
        "tv",
        "sofa",
        "lamp"
    ]
}{
    "Place": 0,
    "Angle": 180,
    "Objects": [
        "tiles",
        "window",
        "sun"
    ]
}{
    "Place": 0,
    "Angle": 270,
    "Objects": [
        "doorway",
        "wall",
        "light fixture"
    ]
} {
    "Place": 1,
    "Angle": 0,
    "Objects": [
        "cart",
        "lamp"
    ]
}{
    "Place": 1,
    "Angle": 90,
    "Objects": [
        "houses",
        "sunset"
    ]
}{
    "Place": 1,
    "Angle": 180,
    "Objects": [
        "window"
    ]
}{
    "Place": 1,
    "Angle": 270,
    "Objects": [
        "window"
    ]
}
[Debug] allowed planner objects: ['doorway']
[Debug] allowed planner objects by place: {0: ['doorway']}
[Debug] bypassing planner because only one target is allowed: {"Place": 0, "Angle": 270, "Objects": ["doorway"]}
{"Place": 0, "Angle": 270, "Objects": ["doorway"]}
[Debug] planner selected: place=0, angle=270, objects=['doorway']
last_key:['Place 0']
[Debug] allowed_targets_by_place[0] candidates: [('doorway', 270, 10, 1.0, 'doorway', array([1.6039999, 1.0371888, 0.5069809], dtype=float32)), ('window', 180, 59, 1.0, 'window', array([2.4305038, 1.5      , 0.       ], dtype=float32)), ('tv', 0, 35, 1.0, 'tv', array([0.87649107, 1.3574086 , 6.090242  ], dtype=float32)), ('sofa', 0, 33, 1.0, 'sofa', array([3.1042576, 0.4549118, 5.9278355], dtype=float32)), ('fridge', 0, 14, 0.5748386979103088, 'fridge', array([5.7898664 , 0.93250525, 6.0596185 ], dtype=float32)), ('cart', 0, 1, 0.5583247542381287, 'cart', array([3.5062046, 0.6413502, 2.8151784], dtype=float32))]
[Debug] resolved target tuple: ('doorway', 270, 10, 1.0, 'doorway', array([1.6039999, 1.0371888, 0.5069809], dtype=float32)) from representative place 0
[Debug] resolved source place: 0 for representative place 0
0
final_goal:countertop,sub_goal:doorway,place:0,trajectory: window in Place 0.doorway in Place 0.
sub_target_id:10
target:doorway
final_goal:countertop
final_length:0.25
[Timing] pathfinder to-subgoal elapsed=0.026s found=True
[Debug] sub-goal visible on screen: label=doorway ratio=0.510207 bbox=574x1024
[Debug] observation rotation: angle=0 pause=0.25s
[Debug] observation rotation: angle=90 pause=0.25s
[Debug] observation rotation: angle=180 pause=0.25s
[Debug] observation rotation: angle=270 pause=0.25s
[Debug] calling detection service: position_id=big+2+2 angle=0 prompt='countertop . refrigerator . tv . sofa .'
[Debug] received detection service result: position_id=big+2+2 angle=0
[Debug] calling detection service: position_id=big+2+2 angle=90 prompt='countertop . window . chair . floor .'
[Debug] received detection service result: position_id=big+2+2 angle=90
[Debug] calling detection service: position_id=big+2+2 angle=180 prompt='countertop . window . sky . trees .'
[Debug] received detection service result: position_id=big+2+2 angle=180
[Debug] calling detection service: position_id=big+2+2 angle=270 prompt='countertop . doorway . glass panel .'
[Debug] received detection service result: position_id=big+2+2 angle=270
[Debug] box_info_list_sum: [[{'label': 'sofa', 'box': [501, 572, 748, 673]}, {'label': 'tv', 'box': [331, 476, 486, 587]}, {'label': 'refrigerator', 'box': [805, 484, 918, 664]}], [{'label': 'chair', 'box': [0, 581, 45, 654]}, {'label': 'window', 'box': [55, 344, 709, 744]}, {'label': 'floor', 'box': [0, 643, 45, 1023]}], [{'label': 'sky', 'box': [0, 218, 770, 515]}, {'label': 'trees', 'box': [1, 491, 764, 952]}, {'label': 'window', 'box': [1, 2, 891, 1020]}], [{'label': 'glass panel', 'box': [50, 118, 1002, 1022]}]]
floor
[Debug] max_similar_objs_list: [[('floor', 90, 13, 0.618403971195221, 'floor', array([4.011 , 0.    , 3.2085], dtype=float32))]]
[Debug] empty_position: [0]
 {
    "Place": 0,
    "Angle": 0,
    "Objects": [
        "fridge",
        "tv",
        "sofa",
        "lamp"
    ]
}{
    "Place": 0,
    "Angle": 180,
    "Objects": [
        "tiles",
        "window",
        "sun"
    ]
} {
    "Place": 1,
    "Angle": 0,
    "Objects": [
        "cart",
        "lamp"
    ]
}{
    "Place": 1,
    "Angle": 90,
    "Objects": [
        "houses",
        "sunset"
    ]
}{
    "Place": 1,
    "Angle": 180,
    "Objects": [
        "window"
    ]
}{
    "Place": 1,
    "Angle": 270,
    "Objects": [
        "window"
    ]
} {
    "Place": 2,
    "Angle": 0,
    "Objects": [
        "refrigerator"
    ]
}{
    "Place": 2,
    "Angle": 180,
    "Objects": [
        "sun"
    ]
}{
    "Place": 2,
    "Angle": 270,
    "Objects": [
        "doorway"
    ]
}
[Debug] allowed planner objects: []
[Debug] allowed planner objects by place: {0: []}
[Debug] bypassing planner because allowed target list is empty: {"Place": 0, "Angle": 180, "Objects": ["window"]}
{"Place": 0, "Angle": 180, "Objects": ["window"]}
[Debug] planner selected: place=0, angle=180, objects=['window']
last_key:['Place 0', 'Place 0']
[Debug] allowed_targets_by_place[0] candidates: [('window', 180, 59, 1.0, 'window', array([2.4305038, 1.5      , 0.       ], dtype=float32)), ('tv', 0, 35, 1.0, 'tv', array([0.87649107, 1.3574086 , 6.090242  ], dtype=float32)), ('sofa', 0, 33, 1.0, 'sofa', array([3.1042576, 0.4549118, 5.9278355], dtype=float32)), ('fridge', 0, 14, 0.5748386979103088, 'fridge', array([5.7898664 , 0.93250525, 6.0596185 ], dtype=float32)), ('cart', 0, 1, 0.5583247542381287, 'cart', array([3.5062046, 0.6413502, 2.8151784], dtype=float32))]
[Debug] resolved target tuple: ('window', 180, 59, 1.0, 'window', array([2.4305038, 1.5      , 0.       ], dtype=float32)) from representative place 0
[Debug] resolved source place: 0 for representative place 0
0
final_goal:countertop,sub_goal:window,place:0,trajectory: window in Place 0.doorway in Place 0.
sub_target_id:59
target:window
final_goal:countertop
final_length:0.8535534143447876
[Timing] pathfinder to-subgoal elapsed=0.034s found=True
[Debug] sub-goal visible on screen: label=window ratio=0.454103 bbox=565x1024
[Debug] observation rotation: angle=0 pause=0.25s
[Debug] observation rotation: angle=90 pause=0.25s
[Debug] observation rotation: angle=180 pause=0.25s
[Debug] observation rotation: angle=270 pause=0.25s
[Debug] calling detection service: position_id=big+3+3 angle=0 prompt='countertop . tv . sofa . lamp .'
[Debug] received detection service result: position_id=big+3+3 angle=0
Setting `pad_token_id` to `eos_token_id`:151645 for open-end generation.
Setting `pad_token_id` to `eos_token_id`:151645 for open-end generation.
Setting `pad_token_id` to `eos_token_id`:151645 for open-end generation.
Setting `pad_token_id` to `eos_token_id`:151645 for open-end generation.
[Debug] calling detection service: position_id=big+3+3 angle=90 prompt='countertop . window . houses . sky .'
[Debug] received detection service result: position_id=big+3+3 angle=90
[Debug] calling detection service: position_id=big+3+3 angle=180 prompt='countertop . house . road . sky .'
[Debug] received detection service result: position_id=big+3+3 angle=180
[Debug] calling detection service: position_id=big+3+3 angle=270 prompt='countertop . doorway . window .'
[Debug] received detection service result: position_id=big+3+3 angle=270
[Debug] box_info_list_sum: [[{'label': 'sofa', 'box': [453, 570, 688, 665]}, {'label': 'lamp', 'box': [227, 521, 301, 641]}, {'label': 'tv', 'box': [294, 477, 444, 583]}, {'label': 'countertop', 'box': [172, 625, 331, 734]}], [{'label': 'sky', 'box': [742, 0, 1022, 551]}], [{'label': 'sky', 'box': [0, 0, 1023, 514]}, {'label': 'house', 'box': [187, 608, 962, 1023]}], [{'label': 'doorway', 'box': [368, 204, 979, 1021]}]]
desklamp
[Debug] dropped verified goal candidate: label=countertop angle=0 box=[172, 625, 331, 734] overlaps=diningtable#8:0.508, floor#11:0.418, wall#43:0.035, desklamp#7:0.019, shelf#26:0.010
[Debug] max_similar_objs_list: [[('desklamp', 0, 7, 0.7352255582809448, 'desklamp', array([0.6478309, 1.059588 , 4.0880523], dtype=float32))]]
[Debug] empty_position: []
 {
    "Place": 0,
    "Angle": 0,
    "Objects": [
        "fridge",
        "tv",
        "sofa",
        "lamp"
    ]
} {
    "Place": 1,
    "Angle": 0,
    "Objects": [
        "cart",
        "lamp"
    ]
}{
    "Place": 1,
    "Angle": 90,
    "Objects": [
        "houses",
        "sunset"
    ]
}{
    "Place": 1,
    "Angle": 180,
    "Objects": [
        "window"
    ]
}{
    "Place": 1,
    "Angle": 270,
    "Objects": [
        "window"
    ]
} {
    "Place": 2,
    "Angle": 0,
    "Objects": [
        "refrigerator"
    ]
}{
    "Place": 2,
    "Angle": 180,
    "Objects": [
        "sun"
    ]
}{
    "Place": 2,
    "Angle": 270,
    "Objects": [
        "doorway"
    ]
} {
    "Place": 3,
    "Angle": 0,
    "Objects": [
        "desklamp"
    ]
}{
    "Place": 3,
    "Angle": 90,
    "Objects": [
        "houses",
        "window",
        "sun"
    ]
}{
    "Place": 3,
    "Angle": 180,
    "Objects": [
        "road",
        "tree"
    ]
}{
    "Place": 3,
    "Angle": 270,
    "Objects": [
        "window"
    ]
}
[Debug] allowed planner objects: []
[Debug] allowed planner objects by place: {0: []}
[Debug] no allowed planner objects and no deterministic fallback; stopping episode
[Timing] episode elapsed=64.892s sr=0 spl=0.0000 final_length=1.5607
[Timing] val_auto episode total elapsed=64.892s goal=countertop sr=0 spl=0.0000 completed_eval_episodes=6/10
[Debug] selectable goal names count=16 sample=['book', 'candle', 'cellphone', 'diningtable', 'doorway', 'floor', 'floorlamp', 'painting', 'pillow', 'plant']
[Debug] requested EFFICIENTNAV_TARGET_OBJECT='countertop' not found in current house; skipping house
[Debug] skipping house because no target object could be selected
[Debug] selectable goal names count=21 sample=['baseballbat', 'basketball', 'bed', 'book', 'box', 'cellphone', 'chair', 'desklamp', 'diningtable', 'doorway']
[Debug] requested EFFICIENTNAV_TARGET_OBJECT='countertop' not found in current house; skipping house
[Debug] skipping house because no target object could be selected
[Debug] selectable goal names count=40 sample=['apple', 'baseballbat', 'bed', 'book', 'box', 'cd', 'chair', 'countertop', 'creditcard', 'desk']
[Debug] using requested target object=countertop
[Debug] reachable_positions=473 candidate_objects_for_countertop=1
[Debug] starting independent environment episode=1/1
[Debug] experiment setup: seed=7 goal_instance_index=random start_index=random start_rotation=270.0 start_point=(4.500, 0.901, 2.250)
[Timing] pathfinder goal-distance elapsed=0.657s found=True
real_distance:7.656854249492382
[Debug] observation rotation: angle=0 pause=0.25s
[Debug] observation rotation: angle=90 pause=0.25s
[Debug] observation rotation: angle=180 pause=0.25s
[Debug] observation rotation: angle=270 pause=0.25s
[Debug] calling detection service: position_id=big+0+0 angle=0 prompt='countertop . doorway . shelf . tv .'
[Debug] received detection service result: position_id=big+0+0 angle=0
[Debug] calling detection service: position_id=big+0+0 angle=90 prompt='countertop . window . building .'
[Debug] received detection service result: position_id=big+0+0 angle=90
[Debug] calling detection service: position_id=big+0+0 angle=180 prompt='countertop . wooden surface .'
[Debug] received detection service result: position_id=big+0+0 angle=180
[Debug] calling detection service: position_id=big+0+0 angle=270 prompt='countertop . window . picture frame .'
[Debug] received detection service result: position_id=big+0+0 angle=270
[Debug] box_info_list_sum: [[{'label': 'tv', 'box': [558, 469, 660, 525]}, {'label': 'shelf', 'box': [777, 520, 885, 728]}, {'label': 'countertop', 'box': [587, 557, 743, 638]}], [{'label': 'window', 'box': [1, 227, 589, 856]}], [{'label': 'wooden surface', 'box': [0, 0, 1024, 1024]}], [{'label': 'picture frame', 'box': [449, 403, 883, 646]}, {'label': 'window', 'box': [449, 404, 690, 646]}]]
tv
wall
[Debug] preserving goal candidate: label=countertop angle=0 obj_id=9 visible_ratio=0.011425 bbox=154x79 box_match=0.9481 detection_bbox=156x81
countertop
window
doorway
window
[Debug] max_similar_objs_list: [[('tv', 0, 59, 1.0, 'tv', array([5.816752 , 1.7950464, 9.170624 ], dtype=float32))], [('wall', 0, 69, 0.6527454257011414, 'wall', array([3.704    , 1.605806 , 4.6299996], dtype=float32))], [('countertop', 0, 9, 1.0, 'countertop', array([6.467318 , 0.4687332, 8.929725 ], dtype=float32))], [('window', 90, 90, 1.0, 'window', array([5.5560007, 1.499283 , 2.7237453], dtype=float32))], [('doorway', 180, 14, 0.4618483781814575, 'doorway', array([4.1291914, 1.0651137, 1.852    ], dtype=float32))], [('window', 270, 91, 0.5928632020950317, 'window', array([1.8519999, 1.497977 , 2.5457134], dtype=float32))]]
[Debug] empty_position: [3]
 {
    "Place": 0,
    "Angle": 0,
    "Objects": [
        "tv",
        "wall",
        "chair",
        "doorway"
    ]
}{
    "Place": 0,
    "Angle": 90,
    "Objects": [
        "building",
        "window"
    ]
}{
    "Place": 0,
    "Angle": 180,
    "Objects": [
        "shadow",
        "doorway"
    ]
}{
    "Place": 0,
    "Angle": 270,
    "Objects": [
        "window",
        "window"
    ]
}
[Debug] resolver candidates place=0: exact=4 relaxed_or_synthesized=1
[Debug] allowed planner objects: ['countertop', 'doorway', 'window', 'tv']
[Debug] allowed planner objects by place: {0: ['countertop', 'window', 'tv', 'doorway']}
[Debug] bypassing planner because goal is already observed: {"Place": 0, "Angle": 0, "Objects": ["countertop"]}
{"Place": 0, "Angle": 0, "Objects": ["countertop"]}
[Debug] planner selected: place=0, angle=0, objects=['countertop']
last_key:[]
[Debug] allowed_targets_by_place[0] candidates: [('countertop', 0, 9, 1.0, 'countertop', array([6.467318 , 0.4687332, 8.929725 ], dtype=float32)), ('window', 90, 90, 1.0, 'window', array([5.5560007, 1.499283 , 2.7237453], dtype=float32)), ('window', 270, 91, 0.5928632020950317, 'window', array([1.8519999, 1.497977 , 2.5457134], dtype=float32)), ('tv', 0, 59, 1.0, 'tv', array([5.816752 , 1.7950464, 9.170624 ], dtype=float32)), ('doorway', 180, 14, 0.4618483781814575, 'doorway', array([4.1291914, 1.0651137, 1.852    ], dtype=float32))]
[Debug] resolved target tuple: ('countertop', 0, 9, 1.0, 'countertop', array([6.467318 , 0.4687332, 8.929725 ], dtype=float32)) from representative place 0
[Debug] resolved source place: 0 for representative place 0
0
final_goal:countertop,sub_goal:countertop,place:0,trajectory: countertop in Place 0.
sub_target_id:9
target:countertop
final_goal:countertop
final_length:0
[Timing] pathfinder to-subgoal elapsed=0.846s found=True
[Debug] sub-goal visible on screen: label=countertop ratio=0.016824 bbox=194x94
[Debug] calling detection service: position_id=goal-visible-1-0-8 angle=0 prompt='countertop .'
Setting `pad_token_id` to `eos_token_id`:151645 for open-end generation.
Setting `pad_token_id` to `eos_token_id`:151645 for open-end generation.
Setting `pad_token_id` to `eos_token_id`:151645 for open-end generation.
Setting `pad_token_id` to `eos_token_id`:151645 for open-end generation.
Setting `pad_token_id` to `eos_token_id`:151645 for open-end generation.
Setting `pad_token_id` to `eos_token_id`:151645 for open-end generation.
Setting `pad_token_id` to `eos_token_id`:151645 for open-end generation.
Setting `pad_token_id` to `eos_token_id`:151645 for open-end generation.
[Debug] received detection service result: position_id=goal-visible-1-0-8 angle=0
[Debug] semantic goal candidate rejected by RGB detector: label=countertop ratio=0.016824 semantic_bbox=194x94
[Debug] calling detection service: position_id=goal-visible-1-0-9 angle=45 prompt='countertop .'
[Debug] received detection service result: position_id=goal-visible-1-0-9 angle=45
[Debug] final goal visible on screen: label=countertop ratio=0.014475 semantic_bbox=171x109 rgb_bbox=174x111
[Debug] saved final goal bbox: tmp/navigation_images/final_goal_visible_step_9.png
[Debug] final goal detected; approaching GT coordinates before stopping
[Timing] pathfinder final-approach elapsed=1.190s found=True
[Debug] close enough to final goal coordinates: label=countertop distance=1.431
[Timing] episode elapsed=26.030s sr=1 spl=1.0000 final_length=6.5962
[Timing] val_auto episode total elapsed=26.030s goal=countertop sr=1 spl=1.0000 completed_eval_episodes=7/10
[Debug] episode success: final_goal=countertop sr=1 spl=1.0000 final_length=6.5962
[Debug] selectable goal names count=43 sample=['baseballbat', 'bed', 'book', 'boots', 'bowl', 'box', 'chair', 'countertop', 'desk', 'desklamp']
[Debug] using requested target object=countertop
[Debug] reachable_positions=347 candidate_objects_for_countertop=1
[Debug] starting independent environment episode=1/1
[Debug] experiment setup: seed=7 goal_instance_index=random start_index=random start_rotation=270.0 start_point=(1.250, 0.901, 2.000)
[Timing] pathfinder goal-distance elapsed=0.009s found=True
real_distance:0.25
[Debug] observation rotation: angle=0 pause=0.25s
[Debug] observation rotation: angle=90 pause=0.25s
[Debug] observation rotation: angle=180 pause=0.25s
[Debug] observation rotation: angle=270 pause=0.25s
[Debug] calling detection service: position_id=big+0+0 angle=0 prompt='countertop . table . floor lamp . sofa .'
[Debug] received detection service result: position_id=big+0+0 angle=0
[Debug] calling detection service: position_id=big+0+0 angle=90 prompt='countertop . table . bowl . apple .'
[Debug] received detection service result: position_id=big+0+0 angle=90
[Debug] calling detection service: position_id=big+0+0 angle=180 prompt='countertop . counter . doorway . toaster .'
[Debug] received detection service result: position_id=big+0+0 angle=180
[Debug] calling detection service: position_id=big+0+0 angle=270 prompt='countertop . cave . wall .'
[Debug] received detection service result: position_id=big+0+0 angle=270
[Debug] box_info_list_sum: [[{'label': 'floor lamp', 'box': [929, 452, 1023, 813]}, {'label': 'sofa', 'box': [592, 627, 975, 843]}, {'label': 'countertop', 'box': [1, 833, 357, 1022]}, {'label': 'table', 'box': [250, 656, 477, 849]}], [{'label': 'apple', 'box': [678, 698, 715, 731]}, {'label': 'table', 'box': [415, 656, 925, 1022]}], [{'label': 'doorway', 'box': [294, 372, 570, 930]}], [{'label': 'wall', 'box': [1, 1, 1022, 830]}, {'label': 'countertop', 'box': [1, 776, 1022, 1021]}, {'label': 'cave', 'box': [631, 238, 910, 445]}]]
floorlamp
sofa
[Debug] preserving goal candidate: label=countertop angle=0 obj_id=12 visible_ratio=0.060407 bbox=356x184 box_match=0.9285 detection_bbox=356x189
countertop
floor
diningtable
floor
doorway
wall
[Debug] preserving goal candidate: label=countertop angle=270 obj_id=12 visible_ratio=0.221469 bbox=1024x244 box_match=0.9137 detection_bbox=1021x245
painting
[Debug] max_similar_objs_list: [[('floorlamp', 0, 32, 0.9291956424713135, 'floorlamp', array([3.8608205 , 0.93425405, 4.837762  ], dtype=float32))], [('sofa', 0, 75, 1.0, 'sofa', array([2.5741389, 0.4475542, 4.7152805], dtype=float32))], [('countertop', 0, 12, 1.0, 'countertop', array([0.48542398, 0.4709986 , 1.7771144 ], dtype=float32))], [('floor', 0, 30, 0.6794582009315491, 'floor', array([2.54, 0.  , 2.54], dtype=float32))], [('diningtable', 90, 15, 0.4127134680747986, 'diningtable', array([3.1220288, 0.3906947, 1.6924254], dtype=float32))], [('floor', 90, 28, 0.6794582009315491, 'floor', array([2.54  , 0.    , 1.6935], dtype=float32))], [('doorway', 180, 19, 1.0, 'doorway', array([1.5510572, 1.0500227, 0.       ], dtype=float32))], [('wall', 270, 84, 1.0, 'wall', array([0.       , 2.0083504, 1.6935   ], dtype=float32))], [('painting', 270, 40, 0.5707308650016785, 'painting', array([0.02087049, 1.9815652 , 2.621764  ], dtype=float32))]]
[Debug] empty_position: []
 {
    "Place": 0,
    "Angle": 0,
    "Objects": [
        "floor",
        "sofa",
        "floorlamp",
        "lamp"
    ]
}{
    "Place": 0,
    "Angle": 90,
    "Objects": [
        "floor",
        "diningtable",
        "chair",
        "bowl"
    ]
}{
    "Place": 0,
    "Angle": 180,
    "Objects": [
        "counter",
        "toaster",
        "doorway"
    ]
}{
    "Place": 0,
    "Angle": 270,
    "Objects": [
        "wall",
        "painting"
    ]
}
[Debug] resolver candidates place=0: exact=5 relaxed_or_synthesized=1
[Debug] allowed planner objects: ['countertop', 'doorway', 'diningtable', 'sofa', 'floorlamp', 'painting']
[Debug] allowed planner objects by place: {0: ['countertop', 'doorway', 'sofa', 'floorlamp', 'painting', 'diningtable']}
[Debug] bypassing planner because goal is already observed: {"Place": 0, "Angle": 0, "Objects": ["countertop"]}
{"Place": 0, "Angle": 0, "Objects": ["countertop"]}
[Debug] planner selected: place=0, angle=0, objects=['countertop']
last_key:[]
[Debug] allowed_targets_by_place[0] candidates: [('countertop', 0, 12, 1.0, 'countertop', array([0.48542398, 0.4709986 , 1.7771144 ], dtype=float32)), ('doorway', 180, 19, 1.0, 'doorway', array([1.5510572, 1.0500227, 0.       ], dtype=float32)), ('sofa', 0, 75, 1.0, 'sofa', array([2.5741389, 0.4475542, 4.7152805], dtype=float32)), ('floorlamp', 0, 32, 0.9291956424713135, 'floorlamp', array([3.8608205 , 0.93425405, 4.837762  ], dtype=float32)), ('painting', 270, 40, 0.5707308650016785, 'painting', array([0.02087049, 1.9815652 , 2.621764  ], dtype=float32)), ('diningtable', 90, 15, 0.4127134680747986, 'diningtable', array([3.1220288, 0.3906947, 1.6924254], dtype=float32))]
[Debug] resolved target tuple: ('countertop', 0, 12, 1.0, 'countertop', array([0.48542398, 0.4709986 , 1.7771144 ], dtype=float32)) from representative place 0
[Debug] resolved source place: 0 for representative place 0
0
final_goal:countertop,sub_goal:countertop,place:0,trajectory: countertop in Place 0.
sub_target_id:12
target:countertop
final_goal:countertop
final_length:0
[Timing] pathfinder to-subgoal elapsed=0.011s found=True
[Debug] sub-goal visible on screen: label=countertop ratio=0.081686 bbox=387x250
[Debug] calling detection service: position_id=goal-visible-1-0-1 angle=0 prompt='countertop .'
[Debug] received detection service result: position_id=goal-visible-1-0-1 angle=0
[Debug] final goal visible on screen: label=countertop ratio=0.081686 semantic_bbox=387x250 rgb_bbox=387x253
[Debug] saved final goal bbox: tmp/navigation_images/final_goal_visible_step_1.png
[Debug] final goal detected; approaching GT coordinates before stopping
[Timing] pathfinder final-approach elapsed=0.003s found=True
[Timing] episode elapsed=17.617s sr=1 spl=1.0000 final_length=0.2500
[Timing] val_auto episode total elapsed=17.617s goal=countertop sr=1 spl=1.0000 completed_eval_episodes=8/10
[Debug] episode success: final_goal=countertop sr=1 spl=1.0000 final_length=0.2500
[Debug] selectable goal names count=31 sample=['apple', 'butterknife', 'cellphone', 'chair', 'countertop', 'cup', 'diningtable', 'doorway', 'egg', 'floor']
[Debug] using requested target object=countertop
[Debug] reachable_positions=931 candidate_objects_for_countertop=1
[Debug] starting independent environment episode=1/1
[Debug] experiment setup: seed=7 goal_instance_index=random start_index=random start_rotation=270.0 start_point=(2.750, 0.901, 2.750)
[Timing] pathfinder goal-distance elapsed=2.593s found=True
real_distance:5.474873734152917
[Debug] observation rotation: angle=0 pause=0.25s
[Debug] observation rotation: angle=90 pause=0.25s
[Debug] observation rotation: angle=180 pause=0.25s
[Debug] observation rotation: angle=270 pause=0.25s
Setting `pad_token_id` to `eos_token_id`:151645 for open-end generation.
Setting `pad_token_id` to `eos_token_id`:151645 for open-end generation.
Setting `pad_token_id` to `eos_token_id`:151645 for open-end generation.
Setting `pad_token_id` to `eos_token_id`:151645 for open-end generation.
[Debug] calling detection service: position_id=big+0+0 angle=0 prompt='countertop . table . cup . kettle .'
[Debug] received detection service result: position_id=big+0+0 angle=0
[Debug] calling detection service: position_id=big+0+0 angle=90 prompt='countertop . refrigerator . shelf . window .'
[Debug] received detection service result: position_id=big+0+0 angle=90
[Debug] calling detection service: position_id=big+0+0 angle=180 prompt='countertop . floor . wall .'
[Debug] received detection service result: position_id=big+0+0 angle=180
[Debug] calling detection service: position_id=big+0+0 angle=270 prompt='countertop . window . floor .'
[Debug] received detection service result: position_id=big+0+0 angle=270
[Debug] box_info_list_sum: [[{'label': 'cup', 'box': [352, 691, 690, 798]}, {'label': 'kettle', 'box': [162, 723, 246, 808]}], [{'label': 'window', 'box': [399, 476, 483, 559]}, {'label': 'shelf', 'box': [105, 549, 204, 660]}, {'label': 'refrigerator', 'box': [0, 486, 89, 671]}], [{'label': 'wall', 'box': [1, 156, 1022, 803]}, {'label': 'floor', 'box': [0, 802, 1023, 1022]}], [{'label': 'floor', 'box': [1, 803, 1021, 1022]}, {'label': 'window', 'box': [648, 413, 1012, 809]}]]
floor
kettle
window
shelvingunit
fridge
wall
doorway
[Debug] max_similar_objs_list: [[('floor', 0, 19, 0.6476861834526062, 'floor', array([4.2295, 0.    , 4.2295], dtype=float32))], [('kettle', 0, 21, 1.0, 'kettle', array([1.8770919 , 0.87440926, 4.2121134 ], dtype=float32))], [('window', 90, 64, 1.0, 'window', array([8.459    , 1.4992062, 3.526647 ], dtype=float32))], [('shelvingunit', 90, 51, 0.5709303617477417, 'shelvingunit', array([8.314962 , 0.5777352, 6.615087 ], dtype=float32))], [('fridge', 90, 20, 0.9570007920265198, 'fridge', array([8.072721 , 0.9009699, 7.931604 ], dtype=float32))], [('wall', 180, 63, 1.0, 'wall', array([4.2295   , 1.7389138, 0.       ], dtype=float32))], [('doorway', 270, 16, 0.7156640887260437, 'doorway', array([-5.9604645e-08,  1.0479665e+00,  4.4426756e+00], dtype=float32))]]
[Debug] empty_position: []
 {
    "Place": 0,
    "Angle": 0,
    "Objects": [
        "table",
        "floor",
        "spoon",
        "kettle"
    ]
}{
    "Place": 0,
    "Angle": 90,
    "Objects": [
        "fridge",
        "window",
        "shelvingunit"
    ]
}{
    "Place": 0,
    "Angle": 270,
    "Objects": [
        "doorway"
    ]
}
[Debug] allowed planner objects: ['doorway', 'window', 'fridge', 'kettle', 'shelvingunit']
[Debug] allowed planner objects by place: {0: ['doorway', 'window', 'kettle', 'fridge', 'shelvingunit']}
The above is a description of different places in different angles in the environment.Your can get to any place described in the json data. Your goal is to find the countertop. Based on the above json data, please choose one specific object to travel to as your target. If your goal is already in the description, please choose it as the target. You must choose an object only from this allowed list: doorway, window, fridge, kettle, shelvingunit. Do not output any object name that is not in the allowed list. Valid choosable objects by place are: Place 0: doorway, window, kettle, fridge, shelvingunit. The Objects field must contain exactly one object from the chosen place list.Note that you can travel to door or door frame to other spaces if there are no clear evidence to choose the target.  Return exactly one JSON object by referring to the following template.
            {"Place": x, "Angle": x, "Objects": ["xxxx"] }
            If your goal is already in the description, please choose it as the target. You should not output any explanation, markdown, prose, examples, or extra text before or after the JSON. Note that your should choose only one object in one angle of one place in the json data as the target.
{"Place": "doorway", "Angle": 270, "Objects": ["kettle"]}
[Timing] planning mode=kv elapsed=1.720s
{"Place": 0, "Angle": 270, "Objects": ["doorway"]}
[Debug] planner selected: place=0, angle=270, objects=['doorway']
last_key:[]
[Debug] allowed_targets_by_place[0] candidates: [('doorway', 270, 16, 0.7156640887260437, 'doorway', array([-5.9604645e-08,  1.0479665e+00,  4.4426756e+00], dtype=float32)), ('window', 90, 64, 1.0, 'window', array([8.459    , 1.4992062, 3.526647 ], dtype=float32)), ('kettle', 0, 21, 1.0, 'kettle', array([1.8770919 , 0.87440926, 4.2121134 ], dtype=float32)), ('fridge', 90, 20, 0.9570007920265198, 'fridge', array([8.072721 , 0.9009699, 7.931604 ], dtype=float32)), ('shelvingunit', 90, 51, 0.5709303617477417, 'shelvingunit', array([8.314962 , 0.5777352, 6.615087 ], dtype=float32))]
[Debug] resolved target tuple: ('doorway', 270, 16, 0.7156640887260437, 'doorway', array([-5.9604645e-08,  1.0479665e+00,  4.4426756e+00], dtype=float32)) from representative place 0
[Debug] resolved source place: 0 for representative place 0
0
final_goal:countertop,sub_goal:doorway,place:0,trajectory: doorway in Place 0.
sub_target_id:16
target:doorway
final_goal:countertop
final_length:0
[Timing] pathfinder to-subgoal elapsed=1.250s found=True
[Debug] sub-goal visible on screen: label=doorway ratio=0.084708 bbox=245x444
[Debug] observation rotation: angle=0 pause=0.25s
[Debug] observation rotation: angle=90 pause=0.25s
[Debug] observation rotation: angle=180 pause=0.25s
[Debug] observation rotation: angle=270 pause=0.25s
[Debug] calling detection service: position_id=big+1+1 angle=0 prompt='countertop . window . building wall .'
[Debug] received detection service result: position_id=big+1+1 angle=0
[Debug] calling detection service: position_id=big+1+1 angle=90 prompt='countertop . table . chairs .'
[Debug] received detection service result: position_id=big+1+1 angle=90
[Debug] calling detection service: position_id=big+1+1 angle=180 prompt='countertop . window . building wall .'
[Debug] received detection service result: position_id=big+1+1 angle=180
[Debug] calling detection service: position_id=big+1+1 angle=270 prompt='countertop . boats . sea . window .'
[Debug] received detection service result: position_id=big+1+1 angle=270
[Debug] box_info_list_sum: [[{'label': 'countertop', 'box': [430, 699, 1022, 1021]}, {'label': 'building wall', 'box': [480, 277, 1022, 703]}, {'label': 'window', 'box': [1, 1, 483, 1021]}], [{'label': 'chairs', 'box': [324, 614, 676, 1022]}, {'label': 'table', 'box': [301, 637, 661, 1022]}], [{'label': 'building wall', 'box': [1, 280, 544, 702]}, {'label': 'window', 'box': [538, 1, 1022, 1021]}, {'label': 'countertop', 'box': [1, 698, 592, 1021]}], [{'label': 'sea', 'box': [1, 524, 704, 673]}]]
[Debug] dropped verified goal candidate: label=countertop angle=0 box=[430, 699, 1022, 1021] overlaps=floor#19:0.941, wall#62:0.045, wall#61:0.014
wall
chair
[Debug] dropped verified goal candidate: label=countertop angle=180 box=[1, 698, 592, 1021] overlaps=floor#19:0.947, wall#62:0.042, wall#63:0.011
[Debug] max_similar_objs_list: [[('wall', 0, 61, 0.8192593455314636, 'wall', array([4.2295   , 1.7389138, 4.2295   ], dtype=float32))], [('chair', 90, 6, 0.9524707198143005, 'chair', array([1.484453 , 0.4184959, 4.3294973], dtype=float32))]]
[Debug] empty_position: [2]
 {
    "Place": 0,
    "Angle": 0,
    "Objects": [
        "table",
        "floor",
        "spoon",
        "kettle"
    ]
}{
    "Place": 0,
    "Angle": 90,
    "Objects": [
        "fridge",
        "window",
        "shelvingunit"
    ]
} {
    "Place": 1,
    "Angle": 90,
    "Objects": [
        "chair"
    ]
}{
    "Place": 1,
    "Angle": 180,
    "Objects": [
        "window"
    ]
}{
    "Place": 1,
    "Angle": 270,
    "Objects": [
        "dock",
        "boats",
        "window"
    ]
}
[Debug] allowed planner objects: ['chair']
[Debug] allowed planner objects by place: {0: [], 1: ['chair']}
[Debug] bypassing planner because only one target is allowed: {"Place": 1, "Angle": 90, "Objects": ["chair"]}
{"Place": 1, "Angle": 90, "Objects": ["chair"]}
[Debug] planner selected: place=1, angle=90, objects=['chair']
last_key:['Place 0']
[Debug] allowed_targets_by_place[1] candidates: [('chair', 90, 6, 0.9524707198143005, 'chair', array([1.484453 , 0.4184959, 4.3294973], dtype=float32))]
Setting `pad_token_id` to `eos_token_id`:151645 for open-end generation.
Setting `pad_token_id` to `eos_token_id`:151645 for open-end generation.
Setting `pad_token_id` to `eos_token_id`:151645 for open-end generation.
Setting `pad_token_id` to `eos_token_id`:151645 for open-end generation.
Setting `pad_token_id` to `eos_token_id`:151645 for open-end generation.
Setting `pad_token_id` to `eos_token_id`:151645 for open-end generation.
Setting `pad_token_id` to `eos_token_id`:151645 for open-end generation.
Setting `pad_token_id` to `eos_token_id`:151645 for open-end generation.
[Debug] resolved target tuple: ('chair', 90, 6, 0.9524707198143005, 'chair', array([1.484453 , 0.4184959, 4.3294973], dtype=float32)) from representative place 1
[Debug] resolved source place: 1 for representative place 1
1
final_goal:countertop,sub_goal:chair,place:1,trajectory: doorway in Place 0.chair in Place 1.
sub_target_id:6
target:chair
final_goal:countertop
final_length:3.535534143447876
[Timing] pathfinder to-subgoal elapsed=0.078s found=True
[Debug] sub-goal visible on screen: label=chair ratio=0.013212 bbox=231x126
[Debug] observation rotation: angle=0 pause=0.25s
[Debug] observation rotation: angle=90 pause=0.25s
[Debug] observation rotation: angle=180 pause=0.25s
[Debug] observation rotation: angle=270 pause=0.25s
[Debug] calling detection service: position_id=big+2+2 angle=0 prompt='countertop . floor . wall .'
[Debug] received detection service result: position_id=big+2+2 angle=0
[Debug] calling detection service: position_id=big+2+2 angle=90 prompt='countertop . table . cup . kettle .'
[Debug] received detection service result: position_id=big+2+2 angle=90
[Debug] calling detection service: position_id=big+2+2 angle=180 prompt='countertop . floor . wall .'
[Debug] received detection service result: position_id=big+2+2 angle=180
[Debug] calling detection service: position_id=big+2+2 angle=270 prompt='countertop . doorway . window .'
[Debug] received detection service result: position_id=big+2+2 angle=270
[Debug] box_info_list_sum: [[{'label': 'floor', 'box': [188, 711, 1022, 1022]}, {'label': 'wall', 'box': [0, 1, 386, 1021]}], [{'label': 'cup', 'box': [553, 727, 598, 818]}], [{'label': 'floor', 'box': [1, 687, 835, 1022]}, {'label': 'wall', 'box': [622, 0, 1023, 1021]}, {'label': 'countertop', 'box': [0, 872, 81, 1022]}], []]
wall
cup
[Debug] dropped verified goal candidate: label=countertop angle=180 box=[0, 872, 81, 1022] overlaps=chair#10:0.909, floor#19:0.091
[Debug] max_similar_objs_list: [[('wall', 0, 62, 1.0, 'wall', array([1.7485377e-08, 1.7389138e+00, 4.2294993e+00], dtype=float32))], [('cup', 90, 14, 1.0, 'cup', array([2.3135257, 0.8891592, 4.33517  ], dtype=float32))]]
[Debug] empty_position: [2]
 {
    "Place": 0,
    "Angle": 0,
    "Objects": [
        "table",
        "floor",
        "spoon",
        "kettle"
    ]
}{
    "Place": 0,
    "Angle": 90,
    "Objects": [
        "fridge",
        "window",
        "shelvingunit"
    ]
} {
    "Place": 1,
    "Angle": 180,
    "Objects": [
        "window"
    ]
}{
    "Place": 1,
    "Angle": 270,
    "Objects": [
        "dock",
        "boats",
        "window"
    ]
} {
    "Place": 2,
    "Angle": 90,
    "Objects": [
        "table",
        "cup",
        "chair",
        "kettle"
    ]
}{
    "Place": 2,
    "Angle": 270,
    "Objects": [
        "doorway",
        "window"
    ]
}
[Debug] resolver candidates place=1: exact=1 relaxed_or_synthesized=1
[Debug] allowed planner objects: []
[Debug] allowed planner objects by place: {0: [], 1: []}
[Debug] resolver candidates place=1: exact=1 relaxed_or_synthesized=1
[Debug] bypassing planner because allowed target list is empty: {"Place": 0, "Angle": 90, "Objects": ["window"]}
{"Place": 0, "Angle": 90, "Objects": ["window"]}
[Debug] planner selected: place=0, angle=90, objects=['window']
last_key:['Place 0', 'Place 1']
[Debug] allowed_targets_by_place[0] candidates: [('window', 90, 64, 1.0, 'window', array([8.459    , 1.4992062, 3.526647 ], dtype=float32)), ('cup', 90, 14, 1.0, 'cup', array([2.3135257, 0.8891592, 4.33517  ], dtype=float32)), ('kettle', 0, 21, 1.0, 'kettle', array([1.8770919 , 0.87440926, 4.2121134 ], dtype=float32)), ('fridge', 90, 20, 0.9570007920265198, 'fridge', array([8.072721 , 0.9009699, 7.931604 ], dtype=float32)), ('shelvingunit', 90, 51, 0.5709303617477417, 'shelvingunit', array([8.314962 , 0.5777352, 6.615087 ], dtype=float32))]
[Debug] resolved target tuple: ('window', 90, 64, 1.0, 'window', array([8.459    , 1.4992062, 3.526647 ], dtype=float32)) from representative place 0
[Debug] resolved source place: 0 for representative place 0
0
final_goal:countertop,sub_goal:window,place:0,trajectory: doorway in Place 0.chair in Place 1.window in Place 0.
sub_target_id:64
target:window
final_goal:countertop
final_length:4.596194267272949
[Timing] pathfinder to-subgoal elapsed=3.637s found=True
[Debug] calling detection service: position_id=goal-visible-3-2-1 angle=135 prompt='countertop .'
[Debug] received detection service result: position_id=goal-visible-3-2-1 angle=135
[Debug] final goal visible on screen: label=countertop ratio=0.024384 semantic_bbox=232x144 rgb_bbox=234x145
[Debug] saved final goal bbox: tmp/navigation_images/final_goal_visible_step_1.png
[Debug] final goal detected; approaching GT coordinates before stopping
[Timing] pathfinder final-approach elapsed=2.764s found=True
[Debug] close enough to final goal coordinates: label=countertop distance=1.332
[Timing] episode elapsed=76.304s sr=1 spl=0.6007 final_length=9.1140
[Timing] val_auto episode total elapsed=76.304s goal=countertop sr=1 spl=0.6007 completed_eval_episodes=9/10
[Debug] episode success: final_goal=countertop sr=1 spl=0.6007 final_length=9.1140
[Debug] selectable goal names count=54 sample=['alarmclock', 'apple', 'baseballbat', 'basketball', 'bed', 'book', 'bowl', 'box', 'bread', 'butterknife']
[Debug] using requested target object=countertop
[Debug] reachable_positions=581 candidate_objects_for_countertop=1
[Debug] starting independent environment episode=1/1
[Debug] experiment setup: seed=7 goal_instance_index=random start_index=random start_rotation=270.0 start_point=(6.750, 0.901, 2.250)
[Timing] pathfinder goal-distance elapsed=1.354s found=True
real_distance:7.931980515339465
[Debug] observation rotation: angle=0 pause=0.25s
[Debug] observation rotation: angle=90 pause=0.25s
[Debug] observation rotation: angle=180 pause=0.25s
[Debug] observation rotation: angle=270 pause=0.25s
[Debug] calling detection service: position_id=big+0+0 angle=0 prompt='countertop . table . tv . chair .'
[Debug] received detection service result: position_id=big+0+0 angle=0
[Debug] calling detection service: position_id=big+0+0 angle=90 prompt='countertop . window . wall .'
[Debug] received detection service result: position_id=big+0+0 angle=90
[Debug] calling detection service: position_id=big+0+0 angle=180 prompt='countertop . doorway . brown block .'
[Debug] received detection service result: position_id=big+0+0 angle=180
[Debug] calling detection service: position_id=big+0+0 angle=270 prompt='countertop . table . chair .'
[Debug] received detection service result: position_id=big+0+0 angle=270
[Debug] box_info_list_sum: [[{'label': 'chair', 'box': [0, 752, 149, 1023]}, {'label': 'tv', 'box': [628, 556, 666, 627]}], [{'label': 'window', 'box': [237, 395, 512, 670]}], [{'label': 'brown block', 'box': [59, 842, 210, 943]}, {'label': 'countertop', 'box': [1, 867, 621, 1022]}], [{'label': 'chair', 'box': [896, 832, 1023, 1022]}, {'label': 'table', 'box': [636, 664, 1023, 1021]}]]
chair
tv
window
box
[Debug] dropped verified goal candidate: label=countertop angle=180 box=[1, 867, 621, 1022] overlaps=floor#37:0.821, box#10:0.099, wall#87:0.052, wall#86:0.016, doorway#27:0.012
floor
[Debug] max_similar_objs_list: [[('chair', 0, 18, 1.0, 'chair', array([5.360173 , 0.4160972, 3.731972 ], dtype=float32))], [('tv', 0, 76, 1.0, 'tv', array([8.222912 , 0.7234955, 7.8260574], dtype=float32))], [('window', 90, 108, 1.0, 'window', array([8.506    , 1.4992062, 2.7094953], dtype=float32))], [('box', 180, 10, 0.6283895373344421, 'box', array([8.204102  , 0.09551702, 0.2497543 ], dtype=float32))], [('floor', 180, 37, 0.6161034107208252, 'floor', array([4.253, 0.   , 1.063], dtype=float32))]]
[Debug] empty_position: [3]
 {
    "Place": 0,
    "Angle": 0,
    "Objects": [
        "table",
        "tv",
        "chair",
        "lamp"
    ]
}{
    "Place": 0,
    "Angle": 90,
    "Objects": [
        "wall",
        "window"
    ]
}{
    "Place": 0,
    "Angle": 180,
    "Objects": [
        "box",
        "doorway"
    ]
}{
    "Place": 0,
    "Angle": 270,
    "Objects": [
        "table"
    ]
}
Setting `pad_token_id` to `eos_token_id`:151645 for open-end generation.
Setting `pad_token_id` to `eos_token_id`:151645 for open-end generation.
Setting `pad_token_id` to `eos_token_id`:151645 for open-end generation.
Setting `pad_token_id` to `eos_token_id`:151645 for open-end generation.
[Debug] allowed planner objects: ['window', 'box', 'tv', 'chair']
[Debug] allowed planner objects by place: {0: ['window', 'tv', 'chair', 'box']}
The above is a description of different places in different angles in the environment.Your can get to any place described in the json data. Your goal is to find the countertop. Based on the above json data, please choose one specific object to travel to as your target. If your goal is already in the description, please choose it as the target. You must choose an object only from this allowed list: window, box, tv, chair. Do not output any object name that is not in the allowed list. Valid choosable objects by place are: Place 0: window, tv, chair, box. The Objects field must contain exactly one object from the chosen place list.Note that you can travel to door or door frame to other spaces if there are no clear evidence to choose the target.  Return exactly one JSON object by referring to the following template.
            {"Place": x, "Angle": x, "Objects": ["xxxx"] }
            If your goal is already in the description, please choose it as the target. You should not output any explanation, markdown, prose, examples, or extra text before or after the JSON. Note that your should choose only one object in one angle of one place in the json data as the target.
{"Place": "window", "Angle": 90, "Objects": ["tv"]}
[Timing] planning mode=kv elapsed=1.658s
{"Place": 0, "Angle": 90, "Objects": ["window"]}
[Debug] planner selected: place=0, angle=90, objects=['window']
last_key:[]
[Debug] allowed_targets_by_place[0] candidates: [('window', 90, 108, 1.0, 'window', array([8.506    , 1.4992062, 2.7094953], dtype=float32)), ('tv', 0, 76, 1.0, 'tv', array([8.222912 , 0.7234955, 7.8260574], dtype=float32)), ('chair', 0, 18, 1.0, 'chair', array([5.360173 , 0.4160972, 3.731972 ], dtype=float32)), ('box', 180, 10, 0.6283895373344421, 'box', array([8.204102  , 0.09551702, 0.2497543 ], dtype=float32))]
[Debug] resolved target tuple: ('window', 90, 108, 1.0, 'window', array([8.506    , 1.4992062, 2.7094953], dtype=float32)) from representative place 0
[Debug] resolved source place: 0 for representative place 0
0
final_goal:countertop,sub_goal:window,place:0,trajectory: window in Place 0.
sub_target_id:108
target:window
final_goal:countertop
final_length:0
[Timing] pathfinder to-subgoal elapsed=0.247s found=True
[Debug] sub-goal visible on screen: label=window ratio=0.078040 bbox=256x386
[Debug] observation rotation: angle=0 pause=0.25s
[Debug] observation rotation: angle=90 pause=0.25s
[Debug] observation rotation: angle=180 pause=0.25s
[Debug] observation rotation: angle=270 pause=0.25s
[Debug] calling detection service: position_id=big+1+1 angle=0 prompt='countertop . chair . lamp . floor .'
[Debug] received detection service result: position_id=big+1+1 angle=0
[Debug] calling detection service: position_id=big+1+1 angle=90 prompt='countertop . window . building . potted plant .'
[Debug] received detection service result: position_id=big+1+1 angle=90
[Debug] calling detection service: position_id=big+1+1 angle=180 prompt='countertop . doorway . picture . floor .'
[Debug] received detection service result: position_id=big+1+1 angle=180
[Debug] calling detection service: position_id=big+1+1 angle=270 prompt='countertop . table . chair .'
[Debug] received detection service result: position_id=big+1+1 angle=270
[Debug] box_info_list_sum: [[{'label': 'lamp', 'box': [388, 569, 443, 712]}, {'label': 'chair', 'box': [437, 614, 556, 689]}, {'label': 'floor', 'box': [1, 652, 653, 1023]}], [{'label': 'potted plant', 'box': [892, 608, 1024, 949]}], [{'label': 'floor', 'box': [484, 803, 1022, 1022]}, {'label': 'picture', 'box': [961, 386, 1023, 508]}], [{'label': 'chair', 'box': [625, 654, 742, 812]}, {'label': 'table', 'box': [522, 609, 832, 778]}]]
desklamp
sofa
floor
painting
[Debug] max_similar_objs_list: [[('desklamp', 0, 23, 0.7352255582809448, 'desklamp', array([7.8579335, 1.0537732, 4.852462 ], dtype=float32))], [('sofa', 0, 72, 0.6756638288497925, 'sofa', array([8.081959  , 0.36126214, 6.2046223 ], dtype=float32))], [('floor', 0, 36, 1.0, 'floor', array([4.253, 0.   , 4.253], dtype=float32))], [('painting', 180, 54, 0.7150622606277466, 'painting', array([5.373575  , 1.9167911 , 0.02087049], dtype=float32))]]
[Debug] empty_position: [3]
 {
    "Place": 0,
    "Angle": 0,
    "Objects": [
        "table",
        "tv",
        "chair",
        "lamp"
    ]
}{
    "Place": 0,
    "Angle": 180,
    "Objects": [
        "box",
        "doorway"
    ]
}{
    "Place": 0,
    "Angle": 270,
    "Objects": [
        "table"
    ]
} {
    "Place": 1,
    "Angle": 0,
    "Objects": [
        "floor",
        "wall",
        "sofa",
        "desklamp"
    ]
}{
    "Place": 1,
    "Angle": 90,
    "Objects": [
        "building",
        "window"
    ]
}{
    "Place": 1,
    "Angle": 180,
    "Objects": [
        "doorway",
        "wall",
        "painting"
    ]
}{
    "Place": 1,
    "Angle": 270,
    "Objects": [
        "table"
    ]
}
[Debug] allowed planner objects: []
[Debug] allowed planner objects by place: {0: []}
[Debug] no allowed planner objects and no deterministic fallback; stopping episode
[Timing] episode elapsed=40.867s sr=0 spl=0.0000 final_length=2.1213
[Timing] val_auto episode total elapsed=40.867s goal=countertop sr=0 spl=0.0000 completed_eval_episodes=10/10
