[EfficientNav] running file: /home/min/test/EfficientNav/efficientnav.py
[EfficientNav] units module: /home/min/test/EfficientNav/units.py
[EfficientNav] planner model: /home/min/test/models/InternVL3-1B
[EfficientNav] H2O cache: enabled=False budget=2048 recent=256 heavy=256 protected_prefix=0
FlashAttention2 is not installed.
[AI2-THOR WARNING] There has been an update to ProcTHOR-10K that must be used with AI2-THOR version 5.0+. To use the new version of ProcTHOR-10K, please update AI2-THOR to version 5.0+ by running:
    pip install --upgrade ai2thor
Alternatively, to downgrade to the old version of ProcTHOR-10K, run:
   prior.load_dataset("procthor-10k", revision="ab3cacd0fc17754d4c080a3fd50b18395fae8647")
Loading train:   0%|          | 0/10000 [00:00<?, ?it/s]Loading train:   8%|▊         | 753/10000 [00:00<00:01, 7526.54it/s]Loading train:  15%|█▌        | 1544/10000 [00:00<00:01, 7751.71it/s]Loading train:  24%|██▍       | 2388/10000 [00:00<00:00, 8060.08it/s]Loading train:  32%|███▏      | 3206/10000 [00:00<00:00, 8106.69it/s]Loading train:  40%|████      | 4017/10000 [00:00<00:00, 7905.80it/s]Loading train:  48%|████▊     | 4809/10000 [00:00<00:00, 7758.67it/s]Loading train:  56%|█████▌    | 5586/10000 [00:00<00:00, 7570.21it/s]Loading train:  63%|██████▎   | 6345/10000 [00:00<00:00, 7522.27it/s]Loading train:  71%|███████   | 7098/10000 [00:00<00:00, 7506.74it/s]Loading train:  79%|███████▉  | 7875/10000 [00:01<00:00, 7586.03it/s]Loading train:  87%|████████▋ | 8687/10000 [00:01<00:00, 7746.53it/s]Loading train:  95%|█████████▍| 9489/10000 [00:01<00:00, 7828.08it/s]Loading train: 100%|██████████| 10000/10000 [00:01<00:00, 7750.98it/s]
Loading val:   0%|          | 0/1000 [00:00<?, ?it/s]Loading val:  82%|████████▏ | 822/1000 [00:00<00:00, 8211.92it/s]Loading val: 100%|██████████| 1000/1000 [00:00<00:00, 8133.67it/s]
Loading test:   0%|          | 0/1000 [00:00<?, ?it/s]Loading test:  78%|███████▊  | 783/1000 [00:00<00:00, 7815.10it/s]Loading test: 100%|██████████| 1000/1000 [00:00<00:00, 7807.25it/s]
Setting `pad_token_id` to `eos_token_id`:151645 for open-end generation.
Setting `pad_token_id` to `eos_token_id`:151645 for open-end generation.
Setting `pad_token_id` to `eos_token_id`:151645 for open-end generation.
Setting `pad_token_id` to `eos_token_id`:151645 for open-end generation.
Setting `pad_token_id` to `eos_token_id`:151645 for open-end generation.
Setting `pad_token_id` to `eos_token_id`:151645 for open-end generation.
Setting `pad_token_id` to `eos_token_id`:151645 for open-end generation.
Setting `pad_token_id` to `eos_token_id`:151645 for open-end generation.
[Debug] selectable goal names count=35 sample=['apple', 'bowl', 'cellphone', 'chair', 'countertop', 'creditcard', 'cup', 'diningtable', 'doorway', 'egg']
[Debug] requested EFFICIENTNAV_TARGET_OBJECT='sink' not found in current house; skipping house
[Debug] skipping house because no target object could be selected
[Debug] selectable goal names count=64 sample=['apple', 'baseballbat', 'basketball', 'bed', 'book', 'bowl', 'box', 'bread', 'butterknife', 'candle']
[Debug] using requested target object=sink
[Debug] reachable_positions=3342 candidate_objects_for_sink=3
[Debug] starting independent environment episode=1/1
[Debug] experiment setup: seed=7 goal_instance_index=random start_index=random start_rotation=270.0 start_point=(10.250, 0.901, 9.750)
[Timing] pathfinder goal-distance elapsed=6.861s found=True
real_distance:8.071067811865477
[Debug] observation rotation: angle=0 pause=0.25s
[Debug] observation rotation: angle=90 pause=0.25s
[Debug] observation rotation: angle=180 pause=0.25s
[Debug] observation rotation: angle=270 pause=0.25s
[Debug] calling detection service: position_id=big+0+0 angle=0 prompt='sink .'
[Debug] received detection service result: position_id=big+0+0 angle=0
[Debug] calling detection service: position_id=big+0+0 angle=90 prompt='sink . table . doorway . floor .'
[Debug] received detection service result: position_id=big+0+0 angle=90
[Debug] calling detection service: position_id=big+0+0 angle=180 prompt='sink . doorway . ceiling .'
[Debug] received detection service result: position_id=big+0+0 angle=180
[Debug] calling detection service: position_id=big+0+0 angle=270 prompt='sink . black object . vertical object .'
[Debug] received detection service result: position_id=big+0+0 angle=270
[Debug] box_info_list_sum: [[{'label': 'sink', 'box': [0, 612, 311, 1023]}], [{'label': 'table', 'box': [732, 580, 860, 680]}, {'label': 'floor', 'box': [370, 643, 1023, 1023]}, {'label': 'doorway', 'box': [442, 433, 589, 759]}], [{'label': 'doorway', 'box': [316, 424, 469, 806]}, {'label': 'ceiling', 'box': [0, 0, 1001, 203]}], [{'label': 'black object', 'box': [229, 752, 750, 1021]}, {'label': 'vertical object', 'box': [397, 84, 532, 1020]}]]
[Debug] dropped verified goal candidate: label=sink angle=0 box=[0, 612, 311, 1023] overlaps=wall#213:1.000
wall
floor
doorway
doorway
wall
tv
[Debug] max_similar_objs_list: [[('wall', 0, 213, 0.5330983996391296, 'wall', array([5.0929995, 1.8875161, 5.093    ], dtype=float32))], [('floor', 90, 97, 0.6794582009315491, 'floor', array([8.1485   , 0.       , 5.0930004], dtype=float32))], [('doorway', 90, 58, 1.0, 'doorway', array([14.478235 ,  1.0376704,  9.763346 ], dtype=float32))], [('doorway', 180, 57, 1.0, 'doorway', array([11.081314 ,  1.0459483,  6.5430164], dtype=float32))], [('wall', 180, 214, 0.6041585206985474, 'wall', array([4.074499 , 1.8875161, 5.0929995], dtype=float32))], [('tv', 270, 180, 0.5620273351669312, 'tv', array([9.025491 , 1.2942309, 9.712589 ], dtype=float32))]]
[Debug] empty_position: []
 {
    "Place": 0,
    "Angle": 0,
    "Objects": [
        "background",
        "shadow"
    ]
}{
    "Place": 0,
    "Angle": 90,
    "Objects": [
        "doorway",
        "ceiling"
    ]
}{
    "Place": 0,
    "Angle": 180,
    "Objects": [
        "doorway",
        "wall"
    ]
}{
    "Place": 0,
    "Angle": 270,
    "Objects": [
        "tv"
    ]
}
[Debug] allowed planner objects: ['doorway', 'tv']
[Debug] allowed planner objects by place: {0: ['doorway', 'tv']}
The above is a description of different places in different angles in the environment.Your can get to any place described in the json data. Your goal is to find the sink. Based on the above json data, please choose one specific object to travel to as your target. If your goal is already in the description, please choose it as the target. You must choose an object only from this allowed list: doorway, tv. Do not output any object name that is not in the allowed list. Valid choosable objects by place are: Place 0: doorway, tv. The Objects field must contain exactly one object from the chosen place list.Note that you can travel to door or door frame to other spaces if there are no clear evidence to choose the target.  Return exactly one JSON object by referring to the following template.
            {"Place": x, "Angle": x, "Objects": ["xxxx"] }
            If your goal is already in the description, please choose it as the target. You should not output any explanation, markdown, prose, examples, or extra text before or after the JSON. Note that your should choose only one object in one angle of one place in the json data as the target.
{"Place": "tv", "Angle": 0, "Objects": ["tv"]}
[Timing] planning mode=kv elapsed=1.468s
{"Place": 0, "Angle": 0, "Objects": ["tv"]}
[Debug] planner selected: place=0, angle=0, objects=['tv']
last_key:[]
[Debug] allowed_targets_by_place[0] candidates: [('doorway', 90, 58, 1.0, 'doorway', array([14.478235 ,  1.0376704,  9.763346 ], dtype=float32)), ('doorway', 180, 57, 1.0, 'doorway', array([11.081314 ,  1.0459483,  6.5430164], dtype=float32)), ('tv', 270, 180, 0.5620273351669312, 'tv', array([9.025491 , 1.2942309, 9.712589 ], dtype=float32))]
[Debug] resolved target tuple: ('tv', 270, 180, 0.5620273351669312, 'tv', array([9.025491 , 1.2942309, 9.712589 ], dtype=float32)) from representative place 0
[Debug] resolved source place: 0 for representative place 0
0
final_goal:sink,sub_goal:tv,place:0,trajectory: tv in Place 0.
sub_target_id:180
target:tv
final_goal:sink
final_length:0
[Timing] pathfinder to-subgoal elapsed=0.977s found=True
[Debug] sub-goal visible on screen: label=tv ratio=0.080317 bbox=154x645
[Debug] observation rotation: angle=0 pause=0.25s
[Debug] observation rotation: angle=90 pause=0.25s
[Debug] observation rotation: angle=180 pause=0.25s
[Debug] observation rotation: angle=270 pause=0.25s
[Debug] calling detection service: position_id=big+1+1 angle=0 prompt='sink . building . wall .'
[Debug] received detection service result: position_id=big+1+1 angle=0
[Debug] calling detection service: position_id=big+1+1 angle=90 prompt='sink . table . doorway . floor .'
[Debug] received detection service result: position_id=big+1+1 angle=90
[Debug] calling detection service: position_id=big+1+1 angle=180 prompt='sink . doorway . floor .'
[Debug] received detection service result: position_id=big+1+1 angle=180
[Debug] calling detection service: position_id=big+1+1 angle=270 prompt='sink . tv . light source .'
[Debug] received detection service result: position_id=big+1+1 angle=270
[Debug] box_info_list_sum: [[], [{'label': 'floor', 'box': [127, 620, 1023, 1023]}, {'label': 'table', 'box': [635, 569, 728, 645]}, {'label': 'doorway', 'box': [376, 455, 485, 691]}], [{'label': 'doorway', 'box': [76, 392, 233, 920]}, {'label': 'floor', 'box': [0, 788, 787, 1023]}], [{'label': 'tv', 'box': [929, 257, 1024, 1023]}, {'label': 'light source', 'box': [516, 640, 779, 1023]}]]
[Debug] max_similar_objs_list: []
[Debug] empty_position: [2, 3]
 {
    "Place": 0,
    "Angle": 0,
    "Objects": [
        "background",
        "shadow"
    ]
}{
    "Place": 0,
    "Angle": 90,
    "Objects": [
        "doorway",
        "ceiling"
    ]
}{
    "Place": 0,
    "Angle": 180,
    "Objects": [
        "doorway",
        "wall"
    ]
} {
    "Place": 1,
    "Angle": 0,
    "Objects": [
        "wall",
        "building"
    ]
}{
    "Place": 1,
    "Angle": 270,
    "Objects": [
        "light source"
    ]
}
[Debug] allowed planner objects: ['doorway']
[Debug] allowed planner objects by place: {0: ['doorway']}
[Debug] bypassing planner because only one target is allowed: {"Place": 0, "Angle": 90, "Objects": ["doorway"]}
{"Place": 0, "Angle": 90, "Objects": ["doorway"]}
[Debug] planner selected: place=0, angle=90, objects=['doorway']
last_key:['Place 0']
[Debug] allowed_targets_by_place[0] candidates: [('doorway', 90, 58, 1.0, 'doorway', array([14.478235 ,  1.0376704,  9.763346 ], dtype=float32)), ('doorway', 180, 57, 1.0, 'doorway', array([11.081314 ,  1.0459483,  6.5430164], dtype=float32))]
Setting `pad_token_id` to `eos_token_id`:151645 for open-end generation.
Setting `pad_token_id` to `eos_token_id`:151645 for open-end generation.
Setting `pad_token_id` to `eos_token_id`:151645 for open-end generation.
Setting `pad_token_id` to `eos_token_id`:151645 for open-end generation.
[Debug] resolved target tuple: ('doorway', 90, 58, 1.0, 'doorway', array([14.478235 ,  1.0376704,  9.763346 ], dtype=float32)) from representative place 0
[Debug] resolved source place: 0 for representative place 0
0
final_goal:sink,sub_goal:doorway,place:0,trajectory: tv in Place 0.doorway in Place 0.
sub_target_id:58
target:doorway
final_goal:sink
final_length:1.9142136573791504
[Timing] pathfinder to-subgoal elapsed=4.239s found=True
[Debug] sub-goal visible on screen: label=doorway ratio=0.039315 bbox=91x474
[Debug] calling detection service: position_id=goal-visible-2-1-29 angle=45 prompt='sink .'
[Debug] received detection service result: position_id=goal-visible-2-1-29 angle=45
[Debug] semantic goal candidate rejected by RGB detector: label=sink ratio=0.010349 semantic_bbox=112x185
[Debug] calling detection service: position_id=goal-visible-2-1-30 angle=45 prompt='sink .'
[Debug] received detection service result: position_id=goal-visible-2-1-30 angle=45
[Debug] semantic goal candidate rejected by RGB detector: label=sink ratio=0.012374 semantic_bbox=121x202
[Debug] calling detection service: position_id=goal-visible-2-1-31 angle=45 prompt='sink .'
[Debug] received detection service result: position_id=goal-visible-2-1-31 angle=45
[Debug] semantic goal candidate rejected by RGB detector: label=sink ratio=0.013419 semantic_bbox=126x211
Agent is within 1m of the target. Stopping.
[Debug] observation rotation: angle=0 pause=0.25s
[Debug] observation rotation: angle=90 pause=0.25s
[Debug] observation rotation: angle=180 pause=0.25s
[Debug] observation rotation: angle=270 pause=0.25s
[Debug] calling detection service: position_id=big+2+2 angle=0 prompt='sink . bathroom sink . table .'
[Debug] received detection service result: position_id=big+2+2 angle=0
[Debug] calling detection service: position_id=big+2+2 angle=90 prompt='sink . doorway . wall .'
[Debug] received detection service result: position_id=big+2+2 angle=90
[Debug] calling detection service: position_id=big+2+2 angle=180 prompt='sink . table . chair .'
[Debug] received detection service result: position_id=big+2+2 angle=180
[Debug] calling detection service: position_id=big+2+2 angle=270 prompt='sink . doorway . ceiling .'
[Debug] received detection service result: position_id=big+2+2 angle=270
[Debug] box_info_list_sum: [[{'label': 'table', 'box': [359, 572, 512, 650]}, {'label': 'bathroom sink', 'box': [772, 587, 956, 874]}], [{'label': 'doorway', 'box': [177, 298, 620, 1021]}], [{'label': 'table', 'box': [53, 651, 373, 871]}, {'label': 'chair', 'box': [105, 618, 320, 927]}], [{'label': 'doorway', 'box': [24, 444, 165, 738]}, {'label': 'ceiling', 'box': [0, 0, 1022, 328]}]]
floor
sink
chair
wall
[Debug] max_similar_objs_list: [[('floor', 0, 102, 0.6794582009315491, 'floor', array([8.1485, 0.    , 9.167 ], dtype=float32))], [('sink', 0, 164, 0.8100252747535706, 'sink', array([15.910654 ,  0.4880426, 11.919998 ], dtype=float32))], [('chair', 180, 33, 0.7113682627677917, 'chair', array([15.677233  ,  0.43747374,  7.344473  ], dtype=float32))], [('wall', 270, 230, 0.6041585206985474, 'wall', array([8.1485   , 1.8875163, 5.093    ], dtype=float32))]]
[Debug] empty_position: [2]
 {
    "Place": 0,
    "Angle": 0,
    "Objects": [
        "background",
        "shadow"
    ]
}{
    "Place": 0,
    "Angle": 180,
    "Objects": [
        "doorway",
        "wall"
    ]
} {
    "Place": 1,
    "Angle": 0,
    "Objects": [
        "wall",
        "building"
    ]
}{
    "Place": 1,
    "Angle": 270,
    "Objects": [
        "light source"
    ]
} {
    "Place": 2,
    "Angle": 0,
    "Objects": [
        "sink",
        "floor"
    ]
}{
    "Place": 2,
    "Angle": 180,
    "Objects": [
        "chair",
        "chair"
    ]
}
[Debug] allowed planner objects: ['sink', 'chair']
[Debug] allowed planner objects by place: {0: [], 2: ['sink', 'chair']}
[Debug] bypassing planner because goal is already observed: {"Place": 2, "Angle": 0, "Objects": ["sink"]}
{"Place": 2, "Angle": 0, "Objects": ["sink"]}
[Debug] planner selected: place=2, angle=0, objects=['sink']
last_key:['Place 0', 'Place 0']
[Debug] allowed_targets_by_place[2] candidates: [('sink', 0, 164, 0.8100252747535706, 'sink', array([15.910654 ,  0.4880426, 11.919998 ], dtype=float32)), ('chair', 180, 33, 0.7113682627677917, 'chair', array([15.677233  ,  0.43747374,  7.344473  ], dtype=float32))]
[Debug] resolved target tuple: ('sink', 0, 164, 0.8100252747535706, 'sink', array([15.910654 ,  0.4880426, 11.919998 ], dtype=float32)) from representative place 2
[Debug] resolved source place: 2 for representative place 2
2
final_goal:sink,sub_goal:sink,place:2,trajectory: tv in Place 0.doorway in Place 0.sink in Place 2.
sub_target_id:164
target:sink
final_goal:sink
final_length:7.46751594543457
[Timing] pathfinder to-subgoal elapsed=3.136s found=True
[Debug] sub-goal visible on screen: label=sink ratio=0.027146 bbox=165x281
[Debug] calling detection service: position_id=goal-visible-3-2-2 angle=0 prompt='sink .'
[Debug] received detection service result: position_id=goal-visible-3-2-2 angle=0
[Debug] semantic goal candidate rejected by RGB detector: label=sink ratio=0.027146 semantic_bbox=165x281
[Debug] calling detection service: position_id=goal-visible-3-2-3 angle=45 prompt='sink .'
[Debug] received detection service result: position_id=goal-visible-3-2-3 angle=45
[Debug] semantic goal candidate rejected by RGB detector: label=sink ratio=0.015007 semantic_bbox=128x228
[Debug] calling detection service: position_id=goal-visible-3-2-4 angle=45 prompt='sink .'
[Debug] received detection service result: position_id=goal-visible-3-2-4 angle=45
[Debug] final goal visible on screen: label=sink ratio=0.018661 semantic_bbox=142x256 rgb_bbox=144x70
[Debug] saved final goal bbox: tmp/navigation_images/final_goal_visible_step_4.png
[Debug] final goal detected; approaching GT coordinates before stopping
[Timing] pathfinder final-approach elapsed=1.191s found=True
[Debug] close enough to final goal coordinates: label=sink distance=1.458
[Timing] episode elapsed=85.631s sr=1 spl=0.8838 final_length=9.1317
[Timing] val_auto episode total elapsed=85.631s goal=sink sr=1 spl=0.8838 completed_eval_episodes=1/10
[Debug] episode success: final_goal=sink sr=1 spl=0.8838 final_length=9.1317
[Debug] selectable goal names count=41 sample=['apple', 'basketball', 'bed', 'book', 'bowl', 'box', 'butterknife', 'candle', 'cd', 'chair']
[Debug] requested EFFICIENTNAV_TARGET_OBJECT='sink' not found in current house; skipping house
[Debug] skipping house because no target object could be selected
[Debug] selectable goal names count=29 sample=['alarmclock', 'baseballbat', 'bed', 'book', 'bowl', 'box', 'cellphone', 'chair', 'desk', 'dogbed']
[Debug] requested EFFICIENTNAV_TARGET_OBJECT='sink' not found in current house; skipping house
[Debug] skipping house because no target object could be selected
[Debug] selectable goal names count=25 sample=['apple', 'bed', 'bottle', 'bowl', 'bread', 'cellphone', 'countertop', 'doorway', 'floor', 'microwave']
[Debug] requested EFFICIENTNAV_TARGET_OBJECT='sink' not found in current house; skipping house
[Debug] skipping house because no target object could be selected
[Debug] selectable goal names count=36 sample=['apple', 'bottle', 'bowl', 'butterknife', 'candle', 'cart', 'countertop', 'creditcard', 'desklamp', 'diningtable']
[Debug] requested EFFICIENTNAV_TARGET_OBJECT='sink' not found in current house; skipping house
[Debug] skipping house because no target object could be selected
[Debug] selectable goal names count=35 sample=['basketball', 'bed', 'bowl', 'cellphone', 'chair', 'creditcard', 'diningtable', 'dishsponge', 'doorway', 'drawer']
[Debug] using requested target object=sink
[Debug] reachable_positions=723 candidate_objects_for_sink=1
[Debug] starting independent environment episode=1/1
[Debug] experiment setup: seed=7 goal_instance_index=random start_index=random start_rotation=270.0 start_point=(2.750, 0.901, 5.750)
[Timing] pathfinder goal-distance elapsed=0.778s found=True
real_distance:3.5355339059327386
[Debug] observation rotation: angle=0 pause=0.25s
[Debug] observation rotation: angle=90 pause=0.25s
Setting `pad_token_id` to `eos_token_id`:151645 for open-end generation.
Setting `pad_token_id` to `eos_token_id`:151645 for open-end generation.
Setting `pad_token_id` to `eos_token_id`:151645 for open-end generation.
Setting `pad_token_id` to `eos_token_id`:151645 for open-end generation.
Setting `pad_token_id` to `eos_token_id`:151645 for open-end generation.
Setting `pad_token_id` to `eos_token_id`:151645 for open-end generation.
Setting `pad_token_id` to `eos_token_id`:151645 for open-end generation.
Setting `pad_token_id` to `eos_token_id`:151645 for open-end generation.
[Debug] observation rotation: angle=180 pause=0.25s
[Debug] observation rotation: angle=270 pause=0.25s
[Debug] calling detection service: position_id=big+0+0 angle=0 prompt='sink . doorway . marble tiles . wall .'
[Debug] received detection service result: position_id=big+0+0 angle=0
[Debug] calling detection service: position_id=big+0+0 angle=90 prompt='sink . desk . tv . laptop .'
[Debug] received detection service result: position_id=big+0+0 angle=90
[Debug] calling detection service: position_id=big+0+0 angle=180 prompt='sink . toilet . broom .'
[Debug] received detection service result: position_id=big+0+0 angle=180
[Debug] calling detection service: position_id=big+0+0 angle=270 prompt='sink . trash bin . wall .'
[Debug] received detection service result: position_id=big+0+0 angle=270
[Debug] box_info_list_sum: [[{'label': 'sink', 'box': [0, 628, 52, 694]}, {'label': 'marble tiles', 'box': [1, 824, 697, 1022]}, {'label': 'wall', 'box': [1, 169, 626, 825]}], [{'label': 'laptop', 'box': [529, 581, 580, 621]}, {'label': 'tv', 'box': [684, 511, 742, 579]}, {'label': 'desk', 'box': [205, 595, 742, 758]}], [{'label': 'toilet', 'box': [709, 555, 791, 678]}, {'label': 'broom', 'box': [544, 605, 556, 656]}], [{'label': 'trash bin', 'box': [493, 708, 577, 846]}, {'label': 'wall', 'box': [1, 188, 1022, 806]}, {'label': 'sink', 'box': [855, 620, 1023, 694]}]]
[Debug] preserving goal candidate: label=sink angle=0 obj_id=44 visible_ratio=0.002519 bbox=51x63 box_match=0.7695 detection_bbox=52x66
sink
floor
wall
tv
floor
toilet
wall
garbagecan
wall
[Debug] preserving goal candidate: label=sink angle=270 obj_id=44 visible_ratio=0.019156 bbox=168x241 box_match=0.7815 detection_bbox=168x74
[Debug] max_similar_objs_list: [[('sink', 0, 44, 1.0, 'sink', array([0.3461714, 0.4927994, 7.871542 ], dtype=float32))], [('floor', 0, 22, 0.5696637630462646, 'floor', array([1.663, 0.   , 4.157], dtype=float32))], [('wall', 0, 55, 1.0, 'wall', array([1.663    , 1.6391135, 4.157    ], dtype=float32))], [('tv', 90, 48, 1.0, 'tv', array([8.27535 , 1.212923, 3.333195], dtype=float32))], [('floor', 90, 23, 0.6499540209770203, 'floor', array([4.157, 0.   , 4.157], dtype=float32))], [('toilet', 180, 50, 1.0, 'toilet', array([0.28974205, 0.51895654, 0.5114336 ], dtype=float32))], [('wall', 180, 66, 0.5597692131996155, 'wall', array([1.663    , 1.6391135, 0.       ], dtype=float32))], [('garbagecan', 270, 25, 0.6123936772346497, 'garbagecan', array([0.21869408, 0.26314768, 5.85911   ], dtype=float32))], [('wall', 270, 60, 1.0, 'wall', array([0.       , 1.6391134, 4.1569996], dtype=float32))]]
[Debug] empty_position: []
 {
    "Place": 0,
    "Angle": 0,
    "Objects": [
        "floor",
        "doorway",
        "wall"
    ]
}{
    "Place": 0,
    "Angle": 90,
    "Objects": [
        "chair",
        "floor",
        "tv",
        "laptop"
    ]
}{
    "Place": 0,
    "Angle": 180,
    "Objects": [
        "toilet",
        "wall"
    ]
}{
    "Place": 0,
    "Angle": 270,
    "Objects": [
        "garbagecan",
        "wall"
    ]
}
[Debug] resolver candidates place=0: exact=3 relaxed_or_synthesized=1
[Debug] allowed planner objects: ['sink', 'toilet', 'tv', 'garbagecan']
[Debug] allowed planner objects by place: {0: ['sink', 'toilet', 'tv', 'garbagecan']}
[Debug] bypassing planner because goal is already observed: {"Place": 0, "Angle": 0, "Objects": ["sink"]}
{"Place": 0, "Angle": 0, "Objects": ["sink"]}
[Debug] planner selected: place=0, angle=0, objects=['sink']
last_key:[]
[Debug] allowed_targets_by_place[0] candidates: [('sink', 0, 44, 1.0, 'sink', array([0.3461714, 0.4927994, 7.871542 ], dtype=float32)), ('toilet', 180, 50, 1.0, 'toilet', array([0.28974205, 0.51895654, 0.5114336 ], dtype=float32)), ('tv', 90, 48, 1.0, 'tv', array([8.27535 , 1.212923, 3.333195], dtype=float32)), ('garbagecan', 270, 25, 0.6123936772346497, 'garbagecan', array([0.21869408, 0.26314768, 5.85911   ], dtype=float32))]
[Debug] resolved target tuple: ('sink', 0, 44, 1.0, 'sink', array([0.3461714, 0.4927994, 7.871542 ], dtype=float32)) from representative place 0
[Debug] resolved source place: 0 for representative place 0
0
final_goal:sink,sub_goal:sink,place:0,trajectory: sink in Place 0.
sub_target_id:44
target:sink
final_goal:sink
final_length:0
[Timing] pathfinder to-subgoal elapsed=0.740s found=True
[Debug] sub-goal visible on screen: label=sink ratio=0.009266 bbox=124x178
[Debug] calling detection service: position_id=goal-visible-1-0-5 angle=314 prompt='sink .'
[Debug] received detection service result: position_id=goal-visible-1-0-5 angle=314
[Debug] semantic goal candidate rejected by RGB detector: label=sink ratio=0.011056 semantic_bbox=135x195
[Debug] calling detection service: position_id=goal-visible-1-0-6 angle=315 prompt='sink .'
[Debug] received detection service result: position_id=goal-visible-1-0-6 angle=315
[Debug] semantic goal candidate rejected by RGB detector: label=sink ratio=0.011912 semantic_bbox=139x203
[Debug] calling detection service: position_id=goal-visible-1-0-7 angle=314 prompt='sink .'
[Debug] received detection service result: position_id=goal-visible-1-0-7 angle=314
[Debug] final goal visible on screen: label=sink ratio=0.014566 semantic_bbox=154x225 rgb_bbox=157x72
[Debug] saved final goal bbox: tmp/navigation_images/final_goal_visible_step_7.png
[Debug] final goal detected; approaching GT coordinates before stopping
[Timing] pathfinder final-approach elapsed=0.436s found=True
[Debug] close enough to final goal coordinates: label=sink distance=1.350
[Timing] episode elapsed=25.667s sr=1 spl=1.0000 final_length=2.4749
[Timing] val_auto episode total elapsed=25.667s goal=sink sr=1 spl=1.0000 completed_eval_episodes=2/10
[Debug] episode success: final_goal=sink sr=1 spl=1.0000 final_length=2.4749
[Debug] selectable goal names count=28 sample=['cart', 'cellphone', 'chair', 'coffeemachine', 'countertop', 'creditcard', 'desklamp', 'diningtable', 'dogbed', 'doorway']
[Debug] requested EFFICIENTNAV_TARGET_OBJECT='sink' not found in current house; skipping house
[Debug] skipping house because no target object could be selected
[Debug] selectable goal names count=16 sample=['book', 'candle', 'cellphone', 'diningtable', 'doorway', 'floor', 'floorlamp', 'painting', 'pillow', 'plant']
[Debug] requested EFFICIENTNAV_TARGET_OBJECT='sink' not found in current house; skipping house
[Debug] skipping house because no target object could be selected
[Debug] selectable goal names count=21 sample=['baseballbat', 'basketball', 'bed', 'book', 'box', 'cellphone', 'chair', 'desklamp', 'diningtable', 'doorway']
[Debug] requested EFFICIENTNAV_TARGET_OBJECT='sink' not found in current house; skipping house
[Debug] skipping house because no target object could be selected
[Debug] selectable goal names count=40 sample=['apple', 'baseballbat', 'bed', 'book', 'box', 'cd', 'chair', 'countertop', 'creditcard', 'desk']
[Debug] requested EFFICIENTNAV_TARGET_OBJECT='sink' not found in current house; skipping house
[Debug] skipping house because no target object could be selected
[Debug] selectable goal names count=43 sample=['baseballbat', 'bed', 'book', 'boots', 'bowl', 'box', 'chair', 'countertop', 'desk', 'desklamp']
[Debug] using requested target object=sink
[Debug] reachable_positions=347 candidate_objects_for_sink=1
[Debug] starting independent environment episode=1/1
[Debug] experiment setup: seed=7 goal_instance_index=random start_index=random start_rotation=270.0 start_point=(1.250, 0.901, 2.000)
[Timing] pathfinder goal-distance elapsed=0.342s found=True
real_distance:8.38908729652601
[Debug] observation rotation: angle=0 pause=0.25s
[Debug] observation rotation: angle=90 pause=0.25s
[Debug] observation rotation: angle=180 pause=0.25s
[Debug] observation rotation: angle=270 pause=0.25s
[Debug] calling detection service: position_id=big+0+0 angle=0 prompt='sink . table . lamp . sofa .'
[Debug] received detection service result: position_id=big+0+0 angle=0
[Debug] calling detection service: position_id=big+0+0 angle=90 prompt='sink . bowl . table . apple .'
[Debug] received detection service result: position_id=big+0+0 angle=90
Setting `pad_token_id` to `eos_token_id`:151645 for open-end generation.
Setting `pad_token_id` to `eos_token_id`:151645 for open-end generation.
Setting `pad_token_id` to `eos_token_id`:151645 for open-end generation.
Setting `pad_token_id` to `eos_token_id`:151645 for open-end generation.
[Debug] calling detection service: position_id=big+0+0 angle=180 prompt='sink . counter . doorway . toaster .'
[Debug] received detection service result: position_id=big+0+0 angle=180
[Debug] calling detection service: position_id=big+0+0 angle=270 prompt='sink . cave . wall .'
[Debug] received detection service result: position_id=big+0+0 angle=270
[Debug] box_info_list_sum: [[{'label': 'sofa', 'box': [593, 629, 974, 842]}, {'label': 'lamp', 'box': [931, 455, 1023, 811]}, {'label': 'table', 'box': [251, 658, 476, 849]}], [{'label': 'table', 'box': [416, 657, 926, 1022]}, {'label': 'apple', 'box': [678, 699, 715, 731]}], [{'label': 'doorway', 'box': [293, 373, 570, 930]}, {'label': 'counter', 'box': [620, 735, 1023, 1023]}], [{'label': 'wall', 'box': [1, 0, 1022, 830]}]]
sofa
floorlamp
floor
floor
diningtable
doorway
countertop
wall
[Debug] max_similar_objs_list: [[('sofa', 0, 75, 1.0, 'sofa', array([2.5741389, 0.4475542, 4.7152805], dtype=float32))], [('floorlamp', 0, 32, 0.7215485572814941, 'floorlamp', array([3.8608205 , 0.93425405, 4.837762  ], dtype=float32))], [('floor', 0, 30, 0.6794582009315491, 'floor', array([2.54, 0.  , 2.54], dtype=float32))], [('floor', 90, 28, 0.6794582009315491, 'floor', array([2.54  , 0.    , 1.6935], dtype=float32))], [('diningtable', 90, 15, 0.4127134680747986, 'diningtable', array([3.1220288, 0.3906947, 1.6924254], dtype=float32))], [('doorway', 180, 19, 1.0, 'doorway', array([1.5510572, 1.0500227, 0.       ], dtype=float32))], [('countertop', 180, 12, 0.8331171870231628, 'countertop', array([0.48542398, 0.4709986 , 1.7771144 ], dtype=float32))], [('wall', 270, 84, 1.0, 'wall', array([0.       , 2.0083504, 1.6935   ], dtype=float32))]]
[Debug] empty_position: []
 {
    "Place": 0,
    "Angle": 0,
    "Objects": [
        "floorlamp",
        "sofa",
        "floor lamp",
        "floor"
    ]
}{
    "Place": 0,
    "Angle": 90,
    "Objects": [
        "chair",
        "diningtable",
        "bowl",
        "floor"
    ]
}{
    "Place": 0,
    "Angle": 180,
    "Objects": [
        "doorway",
        "toaster",
        "countertop"
    ]
}{
    "Place": 0,
    "Angle": 270,
    "Objects": [
        "wall",
        "cave"
    ]
}
[Debug] allowed planner objects: ['doorway', 'countertop', 'sofa', 'diningtable', 'floorlamp']
[Debug] allowed planner objects by place: {0: ['doorway', 'sofa', 'countertop', 'floorlamp', 'diningtable']}
The above is a description of different places in different angles in the environment.Your can get to any place described in the json data. Your goal is to find the sink. Based on the above json data, please choose one specific object to travel to as your target. If your goal is already in the description, please choose it as the target. You must choose an object only from this allowed list: doorway, countertop, sofa, diningtable, floorlamp. Do not output any object name that is not in the allowed list. Valid choosable objects by place are: Place 0: doorway, sofa, countertop, floorlamp, diningtable. The Objects field must contain exactly one object from the chosen place list.Note that you can travel to door or door frame to other spaces if there are no clear evidence to choose the target.  Return exactly one JSON object by referring to the following template.
            {"Place": x, "Angle": x, "Objects": ["xxxx"] }
            If your goal is already in the description, please choose it as the target. You should not output any explanation, markdown, prose, examples, or extra text before or after the JSON. Note that your should choose only one object in one angle of one place in the json data as the target.
{"Place": "diningtable", "Angle": 90, "Objects": ["diningtable"]}
[Timing] planning mode=kv elapsed=1.616s
{"Place": 0, "Angle": 90, "Objects": ["diningtable"]}
[Debug] planner selected: place=0, angle=90, objects=['diningtable']
last_key:[]
[Debug] allowed_targets_by_place[0] candidates: [('doorway', 180, 19, 1.0, 'doorway', array([1.5510572, 1.0500227, 0.       ], dtype=float32)), ('sofa', 0, 75, 1.0, 'sofa', array([2.5741389, 0.4475542, 4.7152805], dtype=float32)), ('countertop', 180, 12, 0.8331171870231628, 'countertop', array([0.48542398, 0.4709986 , 1.7771144 ], dtype=float32)), ('floorlamp', 0, 32, 0.7215485572814941, 'floorlamp', array([3.8608205 , 0.93425405, 4.837762  ], dtype=float32)), ('diningtable', 90, 15, 0.4127134680747986, 'diningtable', array([3.1220288, 0.3906947, 1.6924254], dtype=float32))]
[Debug] resolved target tuple: ('diningtable', 90, 15, 0.4127134680747986, 'diningtable', array([3.1220288, 0.3906947, 1.6924254], dtype=float32)) from representative place 0
[Debug] resolved source place: 0 for representative place 0
0
final_goal:sink,sub_goal:diningtable,place:0,trajectory: diningtable in Place 0.
sub_target_id:15
target:diningtable
final_goal:sink
final_length:0
[Timing] pathfinder to-subgoal elapsed=0.195s found=True
[Debug] sub-goal visible on screen: label=diningtable ratio=0.066733 bbox=500x310
[Debug] observation rotation: angle=0 pause=0.25s
[Debug] observation rotation: angle=90 pause=0.25s
[Debug] observation rotation: angle=180 pause=0.25s
[Debug] observation rotation: angle=270 pause=0.25s
[Debug] calling detection service: position_id=big+1+1 angle=0 prompt='sink . box . lamp . sofa .'
[Debug] received detection service result: position_id=big+1+1 angle=0
[Debug] calling detection service: position_id=big+1+1 angle=90 prompt='sink . doorway . window .'
[Debug] received detection service result: position_id=big+1+1 angle=90
[Debug] calling detection service: position_id=big+1+1 angle=180 prompt='sink . table . shelf .'
[Debug] received detection service result: position_id=big+1+1 angle=180
[Debug] calling detection service: position_id=big+1+1 angle=270 prompt='sink . counter . laptop . apple .'
[Debug] received detection service result: position_id=big+1+1 angle=270
[Debug] box_info_list_sum: [[{'label': 'lamp', 'box': [542, 441, 642, 880]}, {'label': 'sofa', 'box': [35, 653, 493, 929]}, {'label': 'box', 'box': [633, 780, 766, 898]}], [{'label': 'window', 'box': [204, 273, 505, 809]}, {'label': 'doorway', 'box': [0, 335, 179, 1022]}], [{'label': 'shelf', 'box': [163, 711, 757, 863]}, {'label': 'table', 'box': [187, 822, 1022, 1023]}], [{'label': 'apple', 'box': [531, 587, 556, 616]}, {'label': 'counter', 'box': [122, 603, 610, 823]}]]
box
window
doorway
wall
[Debug] max_similar_objs_list: [[('box', 0, 10, 1.0, 'box', array([4.3102436 , 0.12692167, 4.7781076 ], dtype=float32))], [('window', 90, 112, 1.0, 'window', array([5.08     , 1.4987931, 2.94943  ], dtype=float32))], [('doorway', 90, 20, 1.0, 'doorway', array([5.5172925, 1.0534256, 4.079417 ], dtype=float32))], [('wall', 180, 103, 0.6527454257011414, 'wall', array([2.5400000e+00, 2.0083501e+00, 2.8421709e-14], dtype=float32))]]
[Debug] empty_position: []
 {
    "Place": 0,
    "Angle": 0,
    "Objects": [
        "floorlamp",
        "sofa",
        "floor lamp",
        "floor"
    ]
}{
    "Place": 0,
    "Angle": 180,
    "Objects": [
        "doorway",
        "toaster",
        "countertop"
    ]
}{
    "Place": 0,
    "Angle": 270,
    "Objects": [
        "wall",
        "cave"
    ]
} {
    "Place": 1,
    "Angle": 0,
    "Objects": [
        "box"
    ]
}{
    "Place": 1,
    "Angle": 90,
    "Objects": [
        "window",
        "doorway"
    ]
}{
    "Place": 1,
    "Angle": 270,
    "Objects": [
        "lamp",
        "laptop"
    ]
}
[Debug] allowed planner objects: ['doorway', 'window', 'box']
[Debug] allowed planner objects by place: {0: [], 1: ['doorway', 'window', 'box']}
Setting `pad_token_id` to `eos_token_id`:151645 for open-end generation.
Setting `pad_token_id` to `eos_token_id`:151645 for open-end generation.
Setting `pad_token_id` to `eos_token_id`:151645 for open-end generation.
Setting `pad_token_id` to `eos_token_id`:151645 for open-end generation.
The above is a description of different places in different angles in the environment.Your can get to any place described in the json data. Your goal is to find the sink. Based on the above json data, please choose one specific object to travel to as your target. If your goal is already in the description, please choose it as the target. You must choose an object only from this allowed list: doorway, window, box. Do not output any object name that is not in the allowed list. Valid choosable objects by place are: Place 1: doorway, window, box. The Objects field must contain exactly one object from the chosen place list.Note that you can travel to door or door frame to other spaces if there are no clear evidence to choose the target.  Return exactly one JSON object by referring to the following template.
            {"Place": x, "Angle": x, "Objects": ["xxxx"] }
            If your goal is already in the description, please choose it as the target. You should not output any explanation, markdown, prose, examples, or extra text before or after the JSON. Note that your should choose only one object in one angle of one place in the json data as the target.
{"Place": 1, "Angle": 270, "Objects": ["lamp", "laptop"]}
[Timing] planning mode=kv elapsed=1.675s
{"Place": 1, "Angle": 270, "Objects": ["doorway"]}
[Debug] planner selected: place=1, angle=270, objects=['doorway']
last_key:['Place 0']
[Debug] allowed_targets_by_place[1] candidates: [('doorway', 90, 20, 1.0, 'doorway', array([5.5172925, 1.0534256, 4.079417 ], dtype=float32)), ('window', 90, 112, 1.0, 'window', array([5.08     , 1.4987931, 2.94943  ], dtype=float32)), ('box', 0, 10, 1.0, 'box', array([4.3102436 , 0.12692167, 4.7781076 ], dtype=float32))]
[Debug] resolved target tuple: ('doorway', 90, 20, 1.0, 'doorway', array([5.5172925, 1.0534256, 4.079417 ], dtype=float32)) from representative place 1
[Debug] resolved source place: 1 for representative place 1
1
final_goal:sink,sub_goal:doorway,place:1,trajectory: diningtable in Place 0.doorway in Place 1.
sub_target_id:20
target:doorway
final_goal:sink
final_length:3.431980848312378
[Timing] pathfinder to-subgoal elapsed=0.165s found=True
[Debug] sub-goal visible on screen: label=doorway ratio=0.081824 bbox=209x685
Agent is within 1m of the target. Stopping.
[Debug] observation rotation: angle=0 pause=0.25s
[Debug] observation rotation: angle=90 pause=0.25s
[Debug] observation rotation: angle=180 pause=0.25s
[Debug] observation rotation: angle=270 pause=0.25s
[Debug] calling detection service: position_id=big+2+2 angle=0 prompt='sink . wooden panel . archway .'
[Debug] received detection service result: position_id=big+2+2 angle=0
[Debug] calling detection service: position_id=big+2+2 angle=90 prompt='sink . toilet . trash bin .'
[Debug] received detection service result: position_id=big+2+2 angle=90
[Debug] calling detection service: position_id=big+2+2 angle=180 prompt='sink . table . painting .'
[Debug] received detection service result: position_id=big+2+2 angle=180
[Debug] calling detection service: position_id=big+2+2 angle=270 prompt='sink . desk . table . lamp .'
[Debug] received detection service result: position_id=big+2+2 angle=270
[Debug] box_info_list_sum: [[{'label': 'wooden panel', 'box': [300, 8, 1022, 1023]}], [{'label': 'trash bin', 'box': [547, 777, 702, 1017]}, {'label': 'toilet', 'box': [474, 574, 572, 692]}, {'label': 'sink', 'box': [355, 579, 457, 620]}], [{'label': 'table', 'box': [774, 652, 1023, 942]}, {'label': 'painting', 'box': [0, 276, 504, 863]}], [{'label': 'lamp', 'box': [567, 382, 925, 1022]}]]
garbagecan
toilet
[Debug] preserving goal candidate: label=sink angle=90 obj_id=73 visible_ratio=0.006783 bbox=102x151 box_match=0.8812 detection_bbox=102x41
sink
painting
[Debug] max_similar_objs_list: [[('garbagecan', 90, 33, 0.6123936772346497, 'garbagecan', array([6.99573   , 0.25510356, 3.6557827 ], dtype=float32))], [('toilet', 90, 79, 1.0, 'toilet', array([9.865147 , 0.4727595, 3.843205 ], dtype=float32))], [('sink', 90, 73, 1.0, 'sink', array([9.072091  , 0.50974405, 4.7412558 ], dtype=float32))], [('painting', 180, 43, 1.0, 'painting', array([5.705678 , 1.5095274, 3.4041097], dtype=float32))]]
[Debug] empty_position: []
 {
    "Place": 0,
    "Angle": 0,
    "Objects": [
        "floorlamp",
        "sofa",
        "floor lamp",
        "floor"
    ]
}{
    "Place": 0,
    "Angle": 180,
    "Objects": [
        "doorway",
        "toaster",
        "countertop"
    ]
}{
    "Place": 0,
    "Angle": 270,
    "Objects": [
        "wall",
        "cave"
    ]
} {
    "Place": 1,
    "Angle": 0,
    "Objects": [
        "box"
    ]
}{
    "Place": 1,
    "Angle": 270,
    "Objects": [
        "lamp",
        "laptop"
    ]
} {
    "Place": 2,
    "Angle": 0,
    "Objects": [
        "archway"
    ]
}{
    "Place": 2,
    "Angle": 90,
    "Objects": [
        "toilet",
        "garbagecan",
        "sink"
    ]
}{
    "Place": 2,
    "Angle": 180,
    "Objects": [
        "painting"
    ]
}{
    "Place": 2,
    "Angle": 270,
    "Objects": [
        "chair",
        "desk",
        "table"
    ]
}
[Debug] resolver candidates place=1: exact=1 relaxed_or_synthesized=1
[Debug] allowed planner objects: ['sink', 'toilet', 'painting', 'garbagecan']
[Debug] allowed planner objects by place: {0: [], 1: [], 2: ['sink', 'toilet', 'painting', 'garbagecan']}
[Debug] bypassing planner because goal is already observed: {"Place": 2, "Angle": 90, "Objects": ["sink"]}
{"Place": 2, "Angle": 90, "Objects": ["sink"]}
[Debug] planner selected: place=2, angle=90, objects=['sink']
last_key:['Place 0', 'Place 1']
[Debug] allowed_targets_by_place[2] candidates: [('sink', 90, 73, 1.0, 'sink', array([9.072091  , 0.50974405, 4.7412558 ], dtype=float32)), ('toilet', 90, 79, 1.0, 'toilet', array([9.865147 , 0.4727595, 3.843205 ], dtype=float32)), ('painting', 180, 43, 1.0, 'painting', array([5.705678 , 1.5095274, 3.4041097], dtype=float32)), ('garbagecan', 90, 33, 0.6123936772346497, 'garbagecan', array([6.99573   , 0.25510356, 3.6557827 ], dtype=float32))]
[Debug] resolved target tuple: ('sink', 90, 73, 1.0, 'sink', array([9.072091  , 0.50974405, 4.7412558 ], dtype=float32)) from representative place 2
[Debug] resolved source place: 2 for representative place 2
2
final_goal:sink,sub_goal:sink,place:2,trajectory: diningtable in Place 0.doorway in Place 1.sink in Place 2.
sub_target_id:73
target:sink
final_goal:sink
final_length:5.803300857543945
[Timing] pathfinder to-subgoal elapsed=0.280s found=True
[Debug] sub-goal visible on screen: label=sink ratio=0.007909 bbox=111x163
[Debug] calling detection service: position_id=goal-visible-3-2-3 angle=90 prompt='sink .'
[Debug] received detection service result: position_id=goal-visible-3-2-3 angle=90
[Debug] semantic goal candidate rejected by RGB detector: label=sink ratio=0.011212 semantic_bbox=133x193
[Debug] calling detection service: position_id=goal-visible-3-2-4 angle=90 prompt='sink .'
[Debug] received detection service result: position_id=goal-visible-3-2-4 angle=90
[Debug] final goal visible on screen: label=sink ratio=0.013651 semantic_bbox=148x211 rgb_bbox=148x64
[Debug] saved final goal bbox: tmp/navigation_images/final_goal_visible_step_4.png
[Debug] final goal detected; approaching GT coordinates before stopping
[Timing] pathfinder final-approach elapsed=0.153s found=True
[Debug] close enough to final goal coordinates: label=sink distance=1.464
[Timing] episode elapsed=65.067s sr=1 spl=1.0000 final_length=8.1569
[Timing] val_auto episode total elapsed=65.067s goal=sink sr=1 spl=1.0000 completed_eval_episodes=3/10
[Debug] episode success: final_goal=sink sr=1 spl=1.0000 final_length=8.1569
[Debug] selectable goal names count=31 sample=['apple', 'butterknife', 'cellphone', 'chair', 'countertop', 'cup', 'diningtable', 'doorway', 'egg', 'floor']
[Debug] requested EFFICIENTNAV_TARGET_OBJECT='sink' not found in current house; skipping house
[Debug] skipping house because no target object could be selected
[Debug] selectable goal names count=54 sample=['alarmclock', 'apple', 'baseballbat', 'basketball', 'bed', 'book', 'bowl', 'box', 'bread', 'butterknife']
Setting `pad_token_id` to `eos_token_id`:151645 for open-end generation.
Setting `pad_token_id` to `eos_token_id`:151645 for open-end generation.
Setting `pad_token_id` to `eos_token_id`:151645 for open-end generation.
Setting `pad_token_id` to `eos_token_id`:151645 for open-end generation.
Setting `pad_token_id` to `eos_token_id`:151645 for open-end generation.
Setting `pad_token_id` to `eos_token_id`:151645 for open-end generation.
Setting `pad_token_id` to `eos_token_id`:151645 for open-end generation.
Setting `pad_token_id` to `eos_token_id`:151645 for open-end generation.
[Debug] requested EFFICIENTNAV_TARGET_OBJECT='sink' not found in current house; skipping house
[Debug] skipping house because no target object could be selected
[Debug] selectable goal names count=40 sample=['book', 'boots', 'bottle', 'bowl', 'box', 'bread', 'butterknife', 'cart', 'chair', 'countertop']
[Debug] requested EFFICIENTNAV_TARGET_OBJECT='sink' not found in current house; skipping house
[Debug] skipping house because no target object could be selected
[Debug] selectable goal names count=11 sample=['dishsponge', 'doorway', 'faucet', 'floor', 'garbagecan', 'plunger', 'sink', 'sinkbasin', 'toilet', 'toiletpaper']
[Debug] using requested target object=sink
[Debug] reachable_positions=480 candidate_objects_for_sink=1
[Debug] starting independent environment episode=1/1
[Debug] experiment setup: seed=7 goal_instance_index=random start_index=random start_rotation=270.0 start_point=(2.000, 0.901, 4.000)
[Timing] pathfinder goal-distance elapsed=0.344s found=True
real_distance:2.017766952966369
[Debug] observation rotation: angle=0 pause=0.25s
[Debug] observation rotation: angle=90 pause=0.25s
[Debug] observation rotation: angle=180 pause=0.25s
[Debug] observation rotation: angle=270 pause=0.25s
[Debug] calling detection service: position_id=big+0+0 angle=0 prompt='sink . toilet . wall .'
[Debug] received detection service result: position_id=big+0+0 angle=0
[Debug] calling detection service: position_id=big+0+0 angle=90 prompt='sink . doorway . wall .'
[Debug] received detection service result: position_id=big+0+0 angle=90
[Debug] calling detection service: position_id=big+0+0 angle=180 prompt='sink . faucet .'
[Debug] received detection service result: position_id=big+0+0 angle=180
[Debug] calling detection service: position_id=big+0+0 angle=270 prompt='sink . wall .'
[Debug] received detection service result: position_id=big+0+0 angle=270
[Debug] box_info_list_sum: [[{'label': 'toilet', 'box': [138, 593, 341, 806]}], [{'label': 'doorway', 'box': [317, 430, 478, 752]}], [{'label': 'faucet', 'box': [891, 575, 955, 649]}, {'label': 'sink', 'box': [804, 641, 1023, 754]}], [{'label': 'wall', 'box': [0, 0, 1023, 918]}, {'label': 'sink', 'box': [0, 654, 94, 757]}]]
toilet
doorway
faucet
[Debug] preserving goal candidate: label=sink angle=180 obj_id=8 visible_ratio=0.035595 bbox=218x340 box_match=0.7706 detection_bbox=219x113
sink
wall
[Debug] preserving goal candidate: label=sink angle=270 obj_id=8 visible_ratio=0.006670 bbox=93x98 box_match=0.7224 detection_bbox=94x103
[Debug] max_similar_objs_list: [[('toilet', 0, 10, 1.0, 'toilet', array([0.51143354, 0.51895666, 6.952258  ], dtype=float32))], [('doorway', 90, 2, 1.0, 'doorway', array([5.432    , 1.050023 , 4.7519894], dtype=float32))], [('faucet', 180, 3, 1.0, 'faucet', array([0.39197996, 1.1663888 , 1.9718978 ], dtype=float32))], [('sink', 180, 8, 1.0, 'sink', array([0.39198   , 0.50974405, 2.1497443 ], dtype=float32))], [('wall', 270, 12, 1.0, 'wall', array([0.       , 1.5526922, 3.6210003], dtype=float32))]]
[Debug] empty_position: []
 {
    "Place": 0,
    "Angle": 0,
    "Objects": [
        "toilet",
        "wall"
    ]
}{
    "Place": 0,
    "Angle": 90,
    "Objects": [
        "doorway",
        "wall"
    ]
}{
    "Place": 0,
    "Angle": 180,
    "Objects": [
        "sink",
        "faucet"
    ]
}
[Debug] allowed planner objects: ['sink', 'doorway', 'faucet', 'toilet']
[Debug] allowed planner objects by place: {0: ['sink', 'doorway', 'faucet', 'toilet']}
[Debug] bypassing planner because goal is already observed: {"Place": 0, "Angle": 180, "Objects": ["sink"]}
{"Place": 0, "Angle": 180, "Objects": ["sink"]}
[Debug] planner selected: place=0, angle=180, objects=['sink']
last_key:[]
[Debug] allowed_targets_by_place[0] candidates: [('sink', 180, 8, 1.0, 'sink', array([0.39198   , 0.50974405, 2.1497443 ], dtype=float32)), ('doorway', 90, 2, 1.0, 'doorway', array([5.432    , 1.050023 , 4.7519894], dtype=float32)), ('faucet', 180, 3, 1.0, 'faucet', array([0.39197996, 1.1663888 , 1.9718978 ], dtype=float32)), ('toilet', 0, 10, 1.0, 'toilet', array([0.51143354, 0.51895666, 6.952258  ], dtype=float32))]
[Debug] resolved target tuple: ('sink', 180, 8, 1.0, 'sink', array([0.39198   , 0.50974405, 2.1497443 ], dtype=float32)) from representative place 0
[Debug] resolved source place: 0 for representative place 0
0
final_goal:sink,sub_goal:sink,place:0,trajectory: sink in Place 0.
sub_target_id:8
target:sink
final_goal:sink
final_length:0
[Timing] pathfinder to-subgoal elapsed=0.346s found=True
[Debug] sub-goal visible on screen: label=sink ratio=0.024405 bbox=212x286
[Debug] calling detection service: position_id=goal-visible-1-0-1 angle=225 prompt='sink .'
[Debug] received detection service result: position_id=goal-visible-1-0-1 angle=225
[Debug] final goal visible on screen: label=sink ratio=0.024405 semantic_bbox=212x286 rgb_bbox=214x104
[Debug] saved final goal bbox: tmp/navigation_images/final_goal_visible_step_1.png
[Debug] final goal detected; approaching GT coordinates before stopping
[Timing] pathfinder final-approach elapsed=0.233s found=True
[Debug] close enough to final goal coordinates: label=sink distance=1.412
[Timing] episode elapsed=15.556s sr=1 spl=1.0000 final_length=0.9350
[Timing] val_auto episode total elapsed=15.556s goal=sink sr=1 spl=1.0000 completed_eval_episodes=4/10
[Debug] episode success: final_goal=sink sr=1 spl=1.0000 final_length=0.9350
[Debug] selectable goal names count=30 sample=['apple', 'book', 'bottle', 'bread', 'chair', 'countertop', 'creditcard', 'cup', 'diningtable', 'dishsponge']
[Debug] requested EFFICIENTNAV_TARGET_OBJECT='sink' not found in current house; skipping house
[Debug] skipping house because no target object could be selected
[Debug] selectable goal names count=66 sample=['alarmclock', 'apple', 'basketball', 'bed', 'book', 'bowl', 'box', 'bread', 'butterknife', 'cart']
[Debug] using requested target object=sink
[Debug] reachable_positions=1866 candidate_objects_for_sink=2
[Debug] starting independent environment episode=1/1
[Debug] experiment setup: seed=7 goal_instance_index=random start_index=random start_rotation=270.0 start_point=(11.500, 0.901, 4.750)
[Timing] pathfinder goal-distance elapsed=2.670s found=True
real_distance:5.8461940777125605
[Debug] observation rotation: angle=0 pause=0.25s
[Debug] observation rotation: angle=90 pause=0.25s
[Debug] observation rotation: angle=180 pause=0.25s
[Debug] observation rotation: angle=270 pause=0.25s
[Debug] calling detection service: position_id=big+0+0 angle=0 prompt='sink . doorway . ceiling . wall .'
[Debug] received detection service result: position_id=big+0+0 angle=0
[Debug] calling detection service: position_id=big+0+0 angle=90 prompt='sink . dresser . bed . potted plant .'
[Debug] received detection service result: position_id=big+0+0 angle=90
[Debug] calling detection service: position_id=big+0+0 angle=180 prompt='sink . window . tree .'
[Debug] received detection service result: position_id=big+0+0 angle=180
[Debug] calling detection service: position_id=big+0+0 angle=270 prompt='sink . doorway . basketball .'
[Debug] received detection service result: position_id=big+0+0 angle=270
[Debug] box_info_list_sum: [[{'label': 'ceiling', 'box': [343, 0, 1022, 106]}], [{'label': 'dresser', 'box': [193, 571, 395, 828]}, {'label': 'potted plant', 'box': [243, 463, 320, 578]}, {'label': 'bed', 'box': [415, 675, 1023, 1023]}], [{'label': 'window', 'box': [244, 175, 833, 938]}], [{'label': 'basketball', 'box': [865, 794, 929, 856]}, {'label': 'doorway', 'box': [863, 444, 1000, 738]}]]
dresser
plant
bed
window
basketball
doorway
Setting `pad_token_id` to `eos_token_id`:151645 for open-end generation.
Setting `pad_token_id` to `eos_token_id`:151645 for open-end generation.
Setting `pad_token_id` to `eos_token_id`:151645 for open-end generation.
Setting `pad_token_id` to `eos_token_id`:151645 for open-end generation.
[Debug] max_similar_objs_list: [[('dresser', 90, 69, 1.0, 'dresser', array([14.253271  ,  0.61419606,  5.882782  ], dtype=float32))], [('plant', 90, 97, 0.7787491083145142, 'plant', array([14.261866 ,  1.5220935,  5.982865 ], dtype=float32))], [('bed', 90, 10, 1.0, 'bed', array([13.51161   ,  0.32426813,  4.329874  ], dtype=float32))], [('window', 180, 278, 1.0, 'window', array([11.450363 ,  1.4993188,  3.619    ], dtype=float32))], [('basketball', 270, 6, 1.0, 'basketball', array([9.122098  , 0.11968711, 6.5354424 ], dtype=float32))], [('doorway', 270, 50, 1.0, 'doorway', array([8.814249 , 1.0524565, 7.6607213], dtype=float32))]]
[Debug] empty_position: []
 {
    "Place": 0,
    "Angle": 0,
    "Objects": [
        "doorway",
        "wall",
        "ceiling"
    ]
}{
    "Place": 0,
    "Angle": 90,
    "Objects": [
        "teddy bear",
        "bed",
        "plant",
        "dresser"
    ]
}{
    "Place": 0,
    "Angle": 180,
    "Objects": [
        "tree",
        "window"
    ]
}{
    "Place": 0,
    "Angle": 270,
    "Objects": [
        "basketball",
        "doorway"
    ]
}
[Debug] allowed planner objects: ['doorway', 'window', 'dresser', 'plant', 'bed', 'basketball']
[Debug] allowed planner objects by place: {0: ['doorway', 'window', 'dresser', 'bed', 'basketball', 'plant']}
The above is a description of different places in different angles in the environment.Your can get to any place described in the json data. Your goal is to find the sink. Based on the above json data, please choose one specific object to travel to as your target. If your goal is already in the description, please choose it as the target. You must choose an object only from this allowed list: doorway, window, dresser, plant, bed, basketball. Do not output any object name that is not in the allowed list. Valid choosable objects by place are: Place 0: doorway, window, dresser, bed, basketball, plant. The Objects field must contain exactly one object from the chosen place list.Note that you can travel to door or door frame to other spaces if there are no clear evidence to choose the target.  Return exactly one JSON object by referring to the following template.
            {"Place": x, "Angle": x, "Objects": ["xxxx"] }
            If your goal is already in the description, please choose it as the target. You should not output any explanation, markdown, prose, examples, or extra text before or after the JSON. Note that your should choose only one object in one angle of one place in the json data as the target.
{"Place": "bed", "Angle": 0, "Objects": ["bed"]}
[Timing] planning mode=kv elapsed=1.617s
{"Place": 0, "Angle": 0, "Objects": ["bed"]}
[Debug] planner selected: place=0, angle=0, objects=['bed']
last_key:[]
[Debug] allowed_targets_by_place[0] candidates: [('doorway', 270, 50, 1.0, 'doorway', array([8.814249 , 1.0524565, 7.6607213], dtype=float32)), ('window', 180, 278, 1.0, 'window', array([11.450363 ,  1.4993188,  3.619    ], dtype=float32)), ('dresser', 90, 69, 1.0, 'dresser', array([14.253271  ,  0.61419606,  5.882782  ], dtype=float32)), ('bed', 90, 10, 1.0, 'bed', array([13.51161   ,  0.32426813,  4.329874  ], dtype=float32)), ('basketball', 270, 6, 1.0, 'basketball', array([9.122098  , 0.11968711, 6.5354424 ], dtype=float32)), ('plant', 90, 97, 0.7787491083145142, 'plant', array([14.261866 ,  1.5220935,  5.982865 ], dtype=float32))]
[Debug] resolved target tuple: ('bed', 90, 10, 1.0, 'bed', array([13.51161   ,  0.32426813,  4.329874  ], dtype=float32)) from representative place 0
[Debug] resolved source place: 0 for representative place 0
0
final_goal:sink,sub_goal:bed,place:0,trajectory: bed in Place 0.
sub_target_id:10
target:bed
final_goal:sink
final_length:0
[Timing] pathfinder to-subgoal elapsed=1.072s found=True
[Debug] sub-goal visible on screen: label=bed ratio=0.010547 bbox=77x274
[Debug] observation rotation: angle=0 pause=0.25s
[Debug] observation rotation: angle=90 pause=0.25s
[Debug] observation rotation: angle=180 pause=0.25s
[Debug] observation rotation: angle=270 pause=0.25s
[Debug] calling detection service: position_id=big+1+1 angle=0 prompt='sink . tv . plant .'
[Debug] received detection service result: position_id=big+1+1 angle=0
[Debug] calling detection service: position_id=big+1+1 angle=90 prompt='sink . cabinet . plant .'
[Debug] received detection service result: position_id=big+1+1 angle=90
[Debug] calling detection service: position_id=big+1+1 angle=180 prompt='sink . bowl . bed . bear .'
[Debug] received detection service result: position_id=big+1+1 angle=180
[Debug] calling detection service: position_id=big+1+1 angle=270 prompt='sink . doorway . window .'
[Debug] received detection service result: position_id=big+1+1 angle=270
[Debug] box_info_list_sum: [[{'label': 'plant', 'box': [877, 375, 1023, 766]}, {'label': 'tv', 'box': [409, 481, 773, 663]}], [{'label': 'plant', 'box': [0, 349, 179, 766]}, {'label': 'cabinet', 'box': [0, 698, 415, 1023]}], [{'label': 'bear', 'box': [519, 754, 663, 1023]}], [{'label': 'window', 'box': [0, 280, 207, 796]}, {'label': 'doorway', 'box': [400, 411, 783, 822]}]]
tv
teddybear
doorway
[Debug] max_similar_objs_list: [[('tv', 0, 184, 1.0, 'tv', array([13.786259 ,  1.3598171,  7.147625 ], dtype=float32))], [('teddybear', 180, 181, 0.8105418086051941, 'teddybear', array([13.324614 ,  0.7895727,  4.1530056], dtype=float32))], [('doorway', 270, 48, 1.0, 'doorway', array([10.433346 ,  1.0376706,  5.645851 ], dtype=float32))]]
[Debug] empty_position: [1]
 {
    "Place": 0,
    "Angle": 0,
    "Objects": [
        "doorway",
        "wall",
        "ceiling"
    ]
}{
    "Place": 0,
    "Angle": 180,
    "Objects": [
        "tree",
        "window"
    ]
}{
    "Place": 0,
    "Angle": 270,
    "Objects": [
        "basketball",
        "doorway"
    ]
} {
    "Place": 1,
    "Angle": 0,
    "Objects": [
        "tv"
    ]
}{
    "Place": 1,
    "Angle": 90,
    "Objects": [
        "cabinet"
    ]
}{
    "Place": 1,
    "Angle": 180,
    "Objects": [
        "bowl",
        "basketball",
        "bed",
        "teddybear"
    ]
}{
    "Place": 1,
    "Angle": 270,
    "Objects": [
        "doorway"
    ]
}
[Debug] resolver candidates place=0: exact=3 relaxed_or_synthesized=2
[Debug] allowed planner objects: ['doorway']
[Debug] allowed planner objects by place: {0: ['doorway']}
[Debug] bypassing planner because only one target is allowed: {"Place": 0, "Angle": 270, "Objects": ["doorway"]}
{"Place": 0, "Angle": 270, "Objects": ["doorway"]}
[Debug] planner selected: place=0, angle=270, objects=['doorway']
last_key:['Place 0']
[Debug] allowed_targets_by_place[0] candidates: [('doorway', 270, 50, 1.0, 'doorway', array([8.814249 , 1.0524565, 7.6607213], dtype=float32)), ('doorway', 270, 48, 1.0, 'doorway', array([10.433346 ,  1.0376706,  5.645851 ], dtype=float32)), ('window', 180, 278, 1.0, 'window', array([11.450363 ,  1.4993188,  3.619    ], dtype=float32)), ('tv', 0, 184, 1.0, 'tv', array([13.786259 ,  1.3598171,  7.147625 ], dtype=float32)), ('basketball', 270, 6, 1.0, 'basketball', array([9.122098  , 0.11968711, 6.5354424 ], dtype=float32)), ('teddybear', 180, 181, 0.8105418086051941, 'teddybear', array([13.324614 ,  0.7895727,  4.1530056], dtype=float32)), ('dresser', 90, 69, 1.0, 'dresser', array([14.253271  ,  0.61419606,  5.882782  ], dtype=float32)), ('plant', 90, 97, 0.7787491083145142, 'plant', array([14.261866 ,  1.5220935,  5.982865 ], dtype=float32))]
[Debug] resolved target tuple: ('doorway', 270, 50, 1.0, 'doorway', array([8.814249 , 1.0524565, 7.6607213], dtype=float32)) from representative place 0
[Debug] resolved source place: 0 for representative place 0
0
final_goal:sink,sub_goal:doorway,place:0,trajectory: bed in Place 0.doorway in Place 0.
sub_target_id:50
target:doorway
final_goal:sink
final_length:2.8284270763397217
[Timing] pathfinder to-subgoal elapsed=1.726s found=True
[Debug] sub-goal visible on screen: label=doorway ratio=0.024856 bbox=149x292
Agent is within 1m of the target. Stopping.
[Debug] observation rotation: angle=0 pause=0.25s
[Debug] observation rotation: angle=90 pause=0.25s
[Debug] observation rotation: angle=180 pause=0.25s
Setting `pad_token_id` to `eos_token_id`:151645 for open-end generation.
Setting `pad_token_id` to `eos_token_id`:151645 for open-end generation.
Setting `pad_token_id` to `eos_token_id`:151645 for open-end generation.
Setting `pad_token_id` to `eos_token_id`:151645 for open-end generation.
Setting `pad_token_id` to `eos_token_id`:151645 for open-end generation.
Setting `pad_token_id` to `eos_token_id`:151645 for open-end generation.
Setting `pad_token_id` to `eos_token_id`:151645 for open-end generation.
Setting `pad_token_id` to `eos_token_id`:151645 for open-end generation.
[Debug] observation rotation: angle=270 pause=0.25s
[Debug] calling detection service: position_id=big+2+2 angle=0 prompt='sink . rock . fire .'
[Debug] received detection service result: position_id=big+2+2 angle=0
[Debug] calling detection service: position_id=big+2+2 angle=90 prompt='sink . doorway . mirror .'
[Debug] received detection service result: position_id=big+2+2 angle=90
[Debug] calling detection service: position_id=big+2+2 angle=180 prompt='sink . box . dresser . window .'
[Debug] received detection service result: position_id=big+2+2 angle=180
[Debug] calling detection service: position_id=big+2+2 angle=270 prompt='sink . doorway . wall .'
[Debug] received detection service result: position_id=big+2+2 angle=270
[Debug] box_info_list_sum: [[{'label': 'rock', 'box': [797, 437, 1023, 626]}], [], [{'label': 'dresser', 'box': [787, 664, 1023, 1022]}, {'label': 'window', 'box': [338, 462, 745, 576]}, {'label': 'box', 'box': [690, 684, 764, 742]}], [{'label': 'doorway', 'box': [383, 294, 825, 1021]}]]
painting
dresser
window
box
[Debug] max_similar_objs_list: [[('painting', 0, 122, 0.6272103190422058, 'painting', array([10.24517  ,  1.5127478,  9.025129 ], dtype=float32))], [('dresser', 180, 71, 1.0, 'dresser', array([7.455586  , 0.41011748, 5.4915514 ], dtype=float32))], [('window', 180, 273, 1.0, 'window', array([9.696945, 1.5     , 3.619   ], dtype=float32))], [('box', 180, 20, 1.0, 'box', array([7.490234  , 0.13906023, 3.8793082 ], dtype=float32))]]
[Debug] empty_position: []
 {
    "Place": 0,
    "Angle": 0,
    "Objects": [
        "doorway",
        "wall",
        "ceiling"
    ]
}{
    "Place": 0,
    "Angle": 180,
    "Objects": [
        "tree",
        "window"
    ]
} {
    "Place": 1,
    "Angle": 0,
    "Objects": [
        "tv"
    ]
}{
    "Place": 1,
    "Angle": 90,
    "Objects": [
        "cabinet"
    ]
}{
    "Place": 1,
    "Angle": 180,
    "Objects": [
        "bowl",
        "basketball",
        "bed",
        "teddybear"
    ]
}{
    "Place": 1,
    "Angle": 270,
    "Objects": [
        "doorway"
    ]
} {
    "Place": 2,
    "Angle": 0,
    "Objects": [
        "painting",
        "fire"
    ]
}{
    "Place": 2,
    "Angle": 90,
    "Objects": [
        "mirror",
        "doorway"
    ]
}{
    "Place": 2,
    "Angle": 180,
    "Objects": [
        "bed",
        "window",
        "dresser",
        "box"
    ]
}
[Debug] resolver candidates place=0: exact=1 relaxed_or_synthesized=3
[Debug] allowed planner objects: ['window', 'box', 'dresser', 'painting']
[Debug] allowed planner objects by place: {0: [], 2: ['window', 'box', 'dresser', 'painting']}
The above is a description of different places in different angles in the environment.Your can get to any place described in the json data. Your goal is to find the sink. Based on the above json data, please choose one specific object to travel to as your target. If your goal is already in the description, please choose it as the target. You must choose an object only from this allowed list: window, box, dresser, painting. Do not output any object name that is not in the allowed list. Valid choosable objects by place are: Place 2: window, box, dresser, painting. The Objects field must contain exactly one object from the chosen place list.Note that you can travel to door or door frame to other spaces if there are no clear evidence to choose the target.  Return exactly one JSON object by referring to the following template.
            {"Place": x, "Angle": x, "Objects": ["xxxx"] }
            If your goal is already in the description, please choose it as the target. You should not output any explanation, markdown, prose, examples, or extra text before or after the JSON. Note that your should choose only one object in one angle of one place in the json data as the target.
{"Place": 2, "Angle": 0, "Objects": ["painting"]}
[Timing] planning mode=kv elapsed=1.523s
{"Place": 2, "Angle": 0, "Objects": ["painting"]}
[Debug] planner selected: place=2, angle=0, objects=['painting']
last_key:['Place 0', 'Place 0']
[Debug] allowed_targets_by_place[2] candidates: [('window', 180, 273, 1.0, 'window', array([9.696945, 1.5     , 3.619   ], dtype=float32)), ('box', 180, 20, 1.0, 'box', array([7.490234  , 0.13906023, 3.8793082 ], dtype=float32)), ('dresser', 180, 71, 1.0, 'dresser', array([7.455586  , 0.41011748, 5.4915514 ], dtype=float32)), ('painting', 0, 122, 0.6272103190422058, 'painting', array([10.24517  ,  1.5127478,  9.025129 ], dtype=float32))]
[Debug] resolved target tuple: ('painting', 0, 122, 0.6272103190422058, 'painting', array([10.24517  ,  1.5127478,  9.025129 ], dtype=float32)) from representative place 2
[Debug] resolved source place: 2 for representative place 2
2
final_goal:sink,sub_goal:painting,place:2,trajectory: bed in Place 0.doorway in Place 0.painting in Place 2.
sub_target_id:122
target:painting
final_goal:sink
final_length:6.760407447814941
[Timing] pathfinder to-subgoal elapsed=11.750s found=True
[Debug] calling detection service: position_id=goal-visible-3-2-20 angle=180 prompt='sink .'
[Debug] received detection service result: position_id=goal-visible-3-2-20 angle=180
[Debug] semantic goal candidate rejected by RGB detector: label=sink ratio=0.023024 semantic_bbox=133x190
[Debug] observation rotation: angle=0 pause=0.25s
[Debug] observation rotation: angle=90 pause=0.25s
[Debug] observation rotation: angle=180 pause=0.25s
[Debug] observation rotation: angle=270 pause=0.25s
[Debug] get_observation skip angle=180 reason=depth
[Debug] calling detection service: position_id=big+3+3 angle=0 prompt='sink . table . bed . lamp .'
[Debug] received detection service result: position_id=big+3+3 angle=0
[Debug] calling detection service: position_id=big+3+3 angle=90 prompt='sink . shelf . lamp .'
[Debug] received detection service result: position_id=big+3+3 angle=90
[Debug] calling detection service: position_id=big+3+3 angle=270 prompt='sink . table . floor . wall .'
[Debug] received detection service result: position_id=big+3+3 angle=270
[Debug] box_info_list_sum: [[{'label': 'bed', 'box': [147, 565, 420, 702]}, {'label': 'table', 'box': [0, 732, 455, 1023]}, {'label': 'lamp', 'box': [211, 609, 378, 809]}], [{'label': 'lamp', 'box': [431, 408, 569, 1023]}, {'label': 'shelf', 'box': [237, 521, 376, 728]}], [{'label': 'table', 'box': [617, 552, 697, 608]}, {'label': 'wall', 'box': [0, 1, 489, 1022]}]]
sofa
floor
desklamp
floorlamp
wall
floor
wall
[Debug] max_similar_objs_list: [[('sofa', 0, 171, 0.6829032301902771, 'sofa', array([ 8.153305 ,  0.4819131, 14.736753 ], dtype=float32))], [('floor', 0, 85, 0.6794582009315491, 'floor', array([6.3325, 0.    , 9.0465], dtype=float32))], [('desklamp', 0, 38, 0.7352255582809448, 'desklamp', array([ 9.60644  ,  1.0078826, 10.796755 ], dtype=float32))], [('floorlamp', 90, 86, 0.7215485572814941, 'floorlamp', array([11.909455 ,  0.9343503,  9.286764 ], dtype=float32))], [('wall', 90, 220, 0.6527454257011414, 'wall', array([7.2369986, 1.775805 , 7.236999 ], dtype=float32))], [('floor', 270, 83, 0.6794582009315491, 'floor', array([3.6185, 0.    , 6.3325], dtype=float32))], [('wall', 270, 227, 1.0, 'wall', array([5.428   , 1.775805, 4.523   ], dtype=float32))]]
[Debug] empty_position: []
Setting `pad_token_id` to `eos_token_id`:151645 for open-end generation.
Setting `pad_token_id` to `eos_token_id`:151645 for open-end generation.
Setting `pad_token_id` to `eos_token_id`:151645 for open-end generation.
Setting `pad_token_id` to `eos_token_id`:151645 for open-end generation.
 {
    "Place": 0,
    "Angle": 0,
    "Objects": [
        "doorway",
        "wall",
        "ceiling"
    ]
}{
    "Place": 0,
    "Angle": 180,
    "Objects": [
        "tree",
        "window"
    ]
} {
    "Place": 1,
    "Angle": 0,
    "Objects": [
        "tv"
    ]
}{
    "Place": 1,
    "Angle": 90,
    "Objects": [
        "cabinet"
    ]
}{
    "Place": 1,
    "Angle": 180,
    "Objects": [
        "bowl",
        "basketball",
        "bed",
        "teddybear"
    ]
}{
    "Place": 1,
    "Angle": 270,
    "Objects": [
        "doorway"
    ]
} {
    "Place": 2,
    "Angle": 90,
    "Objects": [
        "mirror",
        "doorway"
    ]
}{
    "Place": 2,
    "Angle": 180,
    "Objects": [
        "bed",
        "window",
        "dresser",
        "box"
    ]
} {
    "Place": 3,
    "Angle": 0,
    "Objects": [
        "desklamp",
        "chair",
        "sofa",
        "floor"
    ]
}{
    "Place": 3,
    "Angle": 90,
    "Objects": [
        "floorlamp",
        "wall"
    ]
}
[Debug] resolver candidates place=0: exact=1 relaxed_or_synthesized=3
[Debug] allowed planner objects: ['desklamp', 'sofa', 'floorlamp']
[Debug] allowed planner objects by place: {0: [], 2: [], 3: ['desklamp', 'floorlamp', 'sofa']}
The above is a description of different places in different angles in the environment.Your can get to any place described in the json data. Your goal is to find the sink. Based on the above json data, please choose one specific object to travel to as your target. If your goal is already in the description, please choose it as the target. You must choose an object only from this allowed list: desklamp, sofa, floorlamp. Do not output any object name that is not in the allowed list. Valid choosable objects by place are: Place 3: desklamp, floorlamp, sofa. The Objects field must contain exactly one object from the chosen place list.Note that you can travel to door or door frame to other spaces if there are no clear evidence to choose the target.  Return exactly one JSON object by referring to the following template.
            {"Place": x, "Angle": x, "Objects": ["xxxx"] }
            If your goal is already in the description, please choose it as the target. You should not output any explanation, markdown, prose, examples, or extra text before or after the JSON. Note that your should choose only one object in one angle of one place in the json data as the target.
{"Place": 3, "Angle": 90, "Objects": ["floorlamp"]}
[Timing] planning mode=kv elapsed=1.526s
{"Place": 3, "Angle": 90, "Objects": ["floorlamp"]}
[Debug] planner selected: place=3, angle=90, objects=['floorlamp']
last_key:['Place 0', 'Place 0', 'Place 2']
[Debug] allowed_targets_by_place[3] candidates: [('desklamp', 0, 38, 0.7352255582809448, 'desklamp', array([ 9.60644  ,  1.0078826, 10.796755 ], dtype=float32)), ('floorlamp', 90, 86, 0.7215485572814941, 'floorlamp', array([11.909455 ,  0.9343503,  9.286764 ], dtype=float32)), ('sofa', 0, 171, 0.6829032301902771, 'sofa', array([ 8.153305 ,  0.4819131, 14.736753 ], dtype=float32))]
[Debug] resolved target tuple: ('floorlamp', 90, 86, 0.7215485572814941, 'floorlamp', array([11.909455 ,  0.9343503,  9.286764 ], dtype=float32)) from representative place 3
[Debug] resolved source place: 3 for representative place 3
3
final_goal:sink,sub_goal:floorlamp,place:3,trajectory: bed in Place 0.doorway in Place 0.painting in Place 2.floorlamp in Place 3.
sub_target_id:86
target:floorlamp
final_goal:sink
final_length:28.513458251953125
[Timing] pathfinder to-subgoal elapsed=0.231s found=True
[Debug] sub-goal visible on screen: label=floorlamp ratio=0.010245 bbox=52x234
[Debug] observation rotation: angle=0 pause=0.25s
[Debug] observation rotation: angle=90 pause=0.25s
[Debug] observation rotation: angle=180 pause=0.25s
[Debug] observation rotation: angle=270 pause=0.25s
[Debug] calling detection service: position_id=big+4+4 angle=0 prompt='sink . tv . window . chair .'
[Debug] received detection service result: position_id=big+4+4 angle=0
[Debug] calling detection service: position_id=big+4+4 angle=90 prompt='sink . refrigerator . lamp .'
[Debug] received detection service result: position_id=big+4+4 angle=90
[Debug] calling detection service: position_id=big+4+4 angle=180 prompt='sink . marble floor . light fixture .'
[Debug] received detection service result: position_id=big+4+4 angle=180
[Debug] calling detection service: position_id=big+4+4 angle=270 prompt='sink . table . lamp . chair .'
[Debug] received detection service result: position_id=big+4+4 angle=270
[Debug] box_info_list_sum: [[{'label': 'tv', 'box': [640, 408, 819, 534]}, {'label': 'window', 'box': [444, 460, 633, 577]}, {'label': 'chair', 'box': [0, 716, 118, 1010]}], [{'label': 'refrigerator', 'box': [442, 455, 625, 921]}, {'label': 'lamp', 'box': [504, 0, 1023, 1023]}], [{'label': 'light fixture', 'box': [0, 0, 164, 891]}, {'label': 'marble floor', 'box': [0, 0, 1024, 1024]}], [{'label': 'lamp', 'box': [789, 589, 946, 750]}, {'label': 'table', 'box': [578, 548, 1023, 1023]}, {'label': 'chair', 'box': [454, 678, 1023, 1023]}]]
tv
window
chair
fridge
chair
[Debug] max_similar_objs_list: [[('tv', 0, 183, 1.0, 'tv', array([13.585677 ,  1.9531353, 14.412932 ], dtype=float32))], [('window', 0, 271, 1.0, 'window', array([11.749325 ,  1.4999999, 14.474    ], dtype=float32))], [('chair', 0, 30, 1.0, 'chair', array([ 9.69256   ,  0.38131312, 11.304748  ], dtype=float32))], [('fridge', 90, 89, 0.9570007920265198, 'fridge', array([13.946604 ,  0.9009697,  9.43228  ], dtype=float32))], [('chair', 270, 26, 0.7113682627677917, 'chair', array([10.138605  ,  0.38131306, 10.45759   ], dtype=float32))]]
[Debug] empty_position: [2]
 {
    "Place": 0,
    "Angle": 0,
    "Objects": [
        "doorway",
        "wall",
        "ceiling"
    ]
}{
    "Place": 0,
    "Angle": 180,
    "Objects": [
        "tree",
        "window"
    ]
} {
    "Place": 1,
    "Angle": 0,
    "Objects": [
        "tv"
    ]
}{
    "Place": 1,
    "Angle": 90,
    "Objects": [
        "cabinet"
    ]
}{
    "Place": 1,
    "Angle": 180,
    "Objects": [
        "bowl",
        "basketball",
        "bed",
        "teddybear"
    ]
}{
    "Place": 1,
    "Angle": 270,
    "Objects": [
        "doorway"
    ]
} {
    "Place": 2,
    "Angle": 90,
    "Objects": [
        "mirror",
        "doorway"
    ]
}{
    "Place": 2,
    "Angle": 180,
    "Objects": [
        "bed",
        "window",
        "dresser",
        "box"
    ]
} {
    "Place": 3,
    "Angle": 0,
    "Objects": [
        "desklamp",
        "chair",
        "sofa",
        "floor"
    ]
} {
    "Place": 4,
    "Angle": 0,
    "Objects": [
        "chair",
        "sofa",
        "window",
        "tv"
    ]
}{
    "Place": 4,
    "Angle": 90,
    "Objects": [
        "fridge"
    ]
}{
    "Place": 4,
    "Angle": 180,
    "Objects": [
        "marble floor"
    ]
}{
    "Place": 4,
    "Angle": 270,
    "Objects": [
        "rug"
    ]
}
[Debug] resolver candidates place=0: exact=1 relaxed_or_synthesized=3
[Debug] resolver candidates place=4: exact=4 relaxed_or_synthesized=1
[Debug] allowed planner objects: ['window', 'tv', 'fridge', 'chair']
[Debug] allowed planner objects by place: {0: [], 2: [], 3: [], 4: ['window', 'tv', 'chair', 'fridge']}
Setting `pad_token_id` to `eos_token_id`:151645 for open-end generation.
Setting `pad_token_id` to `eos_token_id`:151645 for open-end generation.
Setting `pad_token_id` to `eos_token_id`:151645 for open-end generation.
Setting `pad_token_id` to `eos_token_id`:151645 for open-end generation.
The above is a description of different places in different angles in the environment.Your can get to any place described in the json data. Your goal is to find the sink. Based on the above json data, please choose one specific object to travel to as your target. If your goal is already in the description, please choose it as the target. You must choose an object only from this allowed list: window, tv, fridge, chair. Do not output any object name that is not in the allowed list. Valid choosable objects by place are: Place 4: window, tv, chair, fridge. The Objects field must contain exactly one object from the chosen place list.Note that you can travel to door or door frame to other spaces if there are no clear evidence to choose the target.  Return exactly one JSON object by referring to the following template.
            {"Place": x, "Angle": x, "Objects": ["xxxx"] }
            If your goal is already in the description, please choose it as the target. You should not output any explanation, markdown, prose, examples, or extra text before or after the JSON. Note that your should choose only one object in one angle of one place in the json data as the target.
{"Place": 4, "Angle": 0, "Objects": ["chair"]}
[Timing] planning mode=kv elapsed=1.540s
{"Place": 4, "Angle": 0, "Objects": ["chair"]}
[Debug] planner selected: place=4, angle=0, objects=['chair']
last_key:['Place 0', 'Place 0', 'Place 2', 'Place 3']
[Debug] allowed_targets_by_place[4] candidates: [('window', 0, 271, 1.0, 'window', array([11.749325 ,  1.4999999, 14.474    ], dtype=float32)), ('tv', 0, 183, 1.0, 'tv', array([13.585677 ,  1.9531353, 14.412932 ], dtype=float32)), ('chair', 0, 30, 1.0, 'chair', array([ 9.69256   ,  0.38131312, 11.304748  ], dtype=float32)), ('fridge', 90, 89, 0.9570007920265198, 'fridge', array([13.946604 ,  0.9009697,  9.43228  ], dtype=float32)), ('chair', 270, 26, 0.7113682627677917, 'chair', array([10.138605  ,  0.38131306, 10.45759   ], dtype=float32))]
[Debug] resolved target tuple: ('chair', 0, 30, 1.0, 'chair', array([ 9.69256   ,  0.38131312, 11.304748  ], dtype=float32)) from representative place 4
[Debug] resolved source place: 4 for representative place 4
4
final_goal:sink,sub_goal:chair,place:4,trajectory: bed in Place 0.doorway in Place 0.painting in Place 2.floorlamp in Place 3.chair in Place 4.
sub_target_id:30
target:chair
final_goal:sink
final_length:30.281225204467773
[Timing] pathfinder to-subgoal elapsed=1.210s found=True
[Debug] sub-goal visible on screen: label=chair ratio=0.007034 bbox=157x246
[Debug] observation rotation: angle=0 pause=0.25s
[Debug] observation rotation: angle=90 pause=0.25s
[Debug] observation rotation: angle=180 pause=0.25s
[Debug] observation rotation: angle=270 pause=0.25s
[Debug] calling detection service: position_id=big+5+5 angle=0 prompt='sink . doorway . tv . window .'
[Debug] received detection service result: position_id=big+5+5 angle=0
[Debug] calling detection service: position_id=big+5+5 angle=90 prompt='sink . tv . refrigerator .'
[Debug] received detection service result: position_id=big+5+5 angle=90
[Debug] calling detection service: position_id=big+5+5 angle=180 prompt='sink . table . lamp .'
[Debug] received detection service result: position_id=big+5+5 angle=180
[Debug] calling detection service: position_id=big+5+5 angle=270 prompt='sink . bed . trolley . sofa .'
[Debug] received detection service result: position_id=big+5+5 angle=270
[Debug] box_info_list_sum: [[{'label': 'window', 'box': [726, 411, 1023, 641]}, {'label': 'doorway', 'box': [598, 448, 648, 703]}, {'label': 'tv', 'box': [367, 543, 452, 608]}], [{'label': 'tv', 'box': [48, 343, 225, 549]}, {'label': 'refrigerator', 'box': [732, 481, 882, 728]}], [{'label': 'lamp', 'box': [0, 445, 727, 1022]}, {'label': 'table', 'box': [336, 722, 761, 1022]}], [{'label': 'trolley', 'box': [481, 544, 554, 722]}, {'label': 'sofa', 'box': [325, 543, 428, 621]}]]
doorway
tv
cart
sofa
[Debug] max_similar_objs_list: [[('doorway', 0, 45, 1.0, 'doorway', array([10.856    ,  1.0479665, 16.933704 ], dtype=float32))], [('tv', 0, 186, 1.0, 'tv', array([ 8.557593 ,  0.8094244, 17.809912 ], dtype=float32))], [('cart', 270, 23, 0.7373306155204773, 'cart', array([ 5.542415 ,  0.6413501, 11.795643 ], dtype=float32))], [('sofa', 270, 170, 1.0, 'sofa', array([1.2262903 , 0.53121847, 9.610531  ], dtype=float32))]]
[Debug] empty_position: [1, 2]
 {
    "Place": 0,
    "Angle": 0,
    "Objects": [
        "doorway",
        "wall",
        "ceiling"
    ]
}{
    "Place": 0,
    "Angle": 180,
    "Objects": [
        "tree",
        "window"
    ]
} {
    "Place": 1,
    "Angle": 0,
    "Objects": [
        "tv"
    ]
}{
    "Place": 1,
    "Angle": 90,
    "Objects": [
        "cabinet"
    ]
}{
    "Place": 1,
    "Angle": 180,
    "Objects": [
        "bowl",
        "basketball",
        "bed",
        "teddybear"
    ]
}{
    "Place": 1,
    "Angle": 270,
    "Objects": [
        "doorway"
    ]
} {
    "Place": 2,
    "Angle": 90,
    "Objects": [
        "mirror",
        "doorway"
    ]
}{
    "Place": 2,
    "Angle": 180,
    "Objects": [
        "bed",
        "window",
        "dresser",
        "box"
    ]
} {
    "Place": 3,
    "Angle": 0,
    "Objects": [
        "desklamp",
        "chair",
        "sofa",
        "floor"
    ]
} {
    "Place": 4,
    "Angle": 90,
    "Objects": [
        "fridge"
    ]
}{
    "Place": 4,
    "Angle": 180,
    "Objects": [
        "marble floor"
    ]
}{
    "Place": 4,
    "Angle": 270,
    "Objects": [
        "rug"
    ]
} {
    "Place": 5,
    "Angle": 0,
    "Objects": [
        "sofa",
        "doorway",
        "tv"
    ]
}{
    "Place": 5,
    "Angle": 90,
    "Objects": [
        "refrigerator"
    ]
}{
    "Place": 5,
    "Angle": 180,
    "Objects": [
        "table"
    ]
}{
    "Place": 5,
    "Angle": 270,
    "Objects": [
        "cart",
        "sofa",
        "bed"
    ]
}
[Debug] resolver candidates place=0: exact=1 relaxed_or_synthesized=3
[Debug] resolver candidates place=4: exact=1 relaxed_or_synthesized=3
[Debug] allowed planner objects: ['doorway', 'tv', 'cart', 'sofa']
[Debug] allowed planner objects by place: {0: [], 2: [], 3: [], 4: [], 5: ['doorway', 'tv', 'sofa', 'cart']}
The above is a description of different places in different angles in the environment.Your can get to any place described in the json data. Your goal is to find the sink. Based on the above json data, please choose one specific object to travel to as your target. If your goal is already in the description, please choose it as the target. You must choose an object only from this allowed list: doorway, tv, cart, sofa. Do not output any object name that is not in the allowed list. Valid choosable objects by place are: Place 5: doorway, tv, sofa, cart. The Objects field must contain exactly one object from the chosen place list.Note that you can travel to door or door frame to other spaces if there are no clear evidence to choose the target.  Return exactly one JSON object by referring to the following template.
            {"Place": x, "Angle": x, "Objects": ["xxxx"] }
            If your goal is already in the description, please choose it as the target. You should not output any explanation, markdown, prose, examples, or extra text before or after the JSON. Note that your should choose only one object in one angle of one place in the json data as the target.
{"Place": 5, "Angle": 0, "Objects": ["sofa"]}
[Timing] planning mode=kv elapsed=1.551s
{"Place": 5, "Angle": 0, "Objects": ["sofa"]}
[Debug] planner selected: place=5, angle=0, objects=['sofa']
last_key:['Place 0', 'Place 0', 'Place 2', 'Place 3', 'Place 4']
[Debug] allowed_targets_by_place[5] candidates: [('doorway', 0, 45, 1.0, 'doorway', array([10.856    ,  1.0479665, 16.933704 ], dtype=float32)), ('tv', 0, 186, 1.0, 'tv', array([ 8.557593 ,  0.8094244, 17.809912 ], dtype=float32)), ('sofa', 270, 170, 1.0, 'sofa', array([1.2262903 , 0.53121847, 9.610531  ], dtype=float32)), ('cart', 270, 23, 0.7373306155204773, 'cart', array([ 5.542415 ,  0.6413501, 11.795643 ], dtype=float32))]
Setting `pad_token_id` to `eos_token_id`:151645 for open-end generation.
Setting `pad_token_id` to `eos_token_id`:151645 for open-end generation.
Setting `pad_token_id` to `eos_token_id`:151645 for open-end generation.
Setting `pad_token_id` to `eos_token_id`:151645 for open-end generation.
Setting `pad_token_id` to `eos_token_id`:151645 for open-end generation.
Setting `pad_token_id` to `eos_token_id`:151645 for open-end generation.
Setting `pad_token_id` to `eos_token_id`:151645 for open-end generation.
Setting `pad_token_id` to `eos_token_id`:151645 for open-end generation.
[Debug] resolved target tuple: ('sofa', 270, 170, 1.0, 'sofa', array([1.2262903 , 0.53121847, 9.610531  ], dtype=float32)) from representative place 5
[Debug] resolved source place: 5 for representative place 5
5
final_goal:sink,sub_goal:sofa,place:5,trajectory: bed in Place 0.doorway in Place 0.painting in Place 2.floorlamp in Place 3.chair in Place 4.sofa in Place 5.
sub_target_id:170
target:sofa
final_goal:sink
final_length:33.756099700927734
[Timing] pathfinder to-subgoal elapsed=7.985s found=True
[Debug] sub-goal visible on screen: label=sofa ratio=0.006301 bbox=105x82
[Debug] observation rotation: angle=0 pause=0.25s
[Debug] observation rotation: angle=90 pause=0.25s
[Debug] observation rotation: angle=180 pause=0.25s
[Debug] observation rotation: angle=270 pause=0.25s
[Debug] calling detection service: position_id=big+6+6 angle=0 prompt='sink . crack .'
[Debug] received detection service result: position_id=big+6+6 angle=0
[Debug] calling detection service: position_id=big+6+6 angle=90 prompt='sink . doorway . wall .'
[Debug] received detection service result: position_id=big+6+6 angle=90
[Debug] calling detection service: position_id=big+6+6 angle=180 prompt='sink . doorway . window . bed .'
[Debug] received detection service result: position_id=big+6+6 angle=180
[Debug] calling detection service: position_id=big+6+6 angle=270 prompt='sink . tv . wall .'
[Debug] received detection service result: position_id=big+6+6 angle=270
[Debug] box_info_list_sum: [[], [{'label': 'doorway', 'box': [426, 347, 708, 1007]}, {'label': 'wall', 'box': [1, 0, 477, 1022]}], [{'label': 'bed', 'box': [310, 533, 717, 775]}, {'label': 'window', 'box': [155, 454, 282, 584]}, {'label': 'doorway', 'box': [61, 461, 166, 680]}], [{'label': 'wall', 'box': [630, 1, 1023, 1022]}, {'label': 'tv', 'box': [0, 495, 677, 942]}]]
doorway
wall
bed
window
doorway
tv
[Debug] max_similar_objs_list: [[('doorway', 90, 46, 1.0, 'doorway', array([3.8426533, 1.0462728, 8.623344 ], dtype=float32))], [('wall', 90, 260, 1.0, 'wall', array([2.7140005, 1.775805 , 4.523    ], dtype=float32))], [('bed', 180, 8, 1.0, 'bed', array([1.2307636, 0.6772912, 4.6796055], dtype=float32))], [('window', 180, 274, 1.0, 'window', array([4.178829, 1.499283, 3.619   ], dtype=float32))], [('doorway', 180, 52, 1.0, 'doorway', array([5.0042787, 1.0524567, 4.8618717], dtype=float32))], [('tv', 270, 182, 1.0, 'tv', array([0.3267582, 1.1777064, 8.394324 ], dtype=float32))]]
[Debug] empty_position: []
 {
    "Place": 0,
    "Angle": 0,
    "Objects": [
        "doorway",
        "wall",
        "ceiling"
    ]
}{
    "Place": 0,
    "Angle": 180,
    "Objects": [
        "tree",
        "window"
    ]
} {
    "Place": 1,
    "Angle": 0,
    "Objects": [
        "tv"
    ]
}{
    "Place": 1,
    "Angle": 90,
    "Objects": [
        "cabinet"
    ]
}{
    "Place": 1,
    "Angle": 180,
    "Objects": [
        "bowl",
        "basketball",
        "bed",
        "teddybear"
    ]
}{
    "Place": 1,
    "Angle": 270,
    "Objects": [
        "doorway"
    ]
} {
    "Place": 2,
    "Angle": 90,
    "Objects": [
        "mirror",
        "doorway"
    ]
}{
    "Place": 2,
    "Angle": 180,
    "Objects": [
        "bed",
        "window",
        "dresser",
        "box"
    ]
} {
    "Place": 3,
    "Angle": 0,
    "Objects": [
        "desklamp",
        "chair",
        "sofa",
        "floor"
    ]
} {
    "Place": 4,
    "Angle": 90,
    "Objects": [
        "fridge"
    ]
}{
    "Place": 4,
    "Angle": 180,
    "Objects": [
        "marble floor"
    ]
}{
    "Place": 4,
    "Angle": 270,
    "Objects": [
        "rug"
    ]
} {
    "Place": 5,
    "Angle": 0,
    "Objects": [
        "sofa",
        "doorway",
        "tv"
    ]
}{
    "Place": 5,
    "Angle": 90,
    "Objects": [
        "refrigerator"
    ]
}{
    "Place": 5,
    "Angle": 180,
    "Objects": [
        "table"
    ]
} {
    "Place": 6,
    "Angle": 0,
    "Objects": [
        "crack"
    ]
}{
    "Place": 6,
    "Angle": 90,
    "Objects": [
        "doorway",
        "wall"
    ]
}{
    "Place": 6,
    "Angle": 180,
    "Objects": [
        "window",
        "floor",
        "bed",
        "doorway"
    ]
}{
    "Place": 6,
    "Angle": 270,
    "Objects": [
        "tv"
    ]
}
[Debug] resolver candidates place=0: exact=1 relaxed_or_synthesized=3
[Debug] resolver candidates place=4: exact=1 relaxed_or_synthesized=3
[Debug] resolver candidates place=5: exact=2 relaxed_or_synthesized=1
[Debug] allowed planner objects: ['doorway']
[Debug] allowed planner objects by place: {0: ['doorway'], 2: ['doorway'], 3: [], 4: [], 5: ['doorway']}
[Debug] bypassing planner because only one target is allowed: {"Place": 0, "Angle": 270, "Objects": ["doorway"]}
{"Place": 0, "Angle": 270, "Objects": ["doorway"]}
[Debug] planner selected: place=0, angle=270, objects=['doorway']
last_key:['Place 0', 'Place 0', 'Place 2', 'Place 3', 'Place 4', 'Place 5']
[Debug] allowed_targets_by_place[0] candidates: [('doorway', 270, 48, 1.0, 'doorway', array([10.433346 ,  1.0376706,  5.645851 ], dtype=float32)), ('window', 180, 278, 1.0, 'window', array([11.450363 ,  1.4993188,  3.619    ], dtype=float32)), ('tv', 0, 184, 1.0, 'tv', array([13.786259 ,  1.3598171,  7.147625 ], dtype=float32)), ('teddybear', 180, 181, 0.8105418086051941, 'teddybear', array([13.324614 ,  0.7895727,  4.1530056], dtype=float32)), ('dresser', 90, 69, 1.0, 'dresser', array([14.253271  ,  0.61419606,  5.882782  ], dtype=float32)), ('basketball', 270, 6, 1.0, 'basketball', array([9.122098  , 0.11968711, 6.5354424 ], dtype=float32)), ('plant', 90, 97, 0.7787491083145142, 'plant', array([14.261866 ,  1.5220935,  5.982865 ], dtype=float32))]
[Debug] resolved target tuple: ('doorway', 270, 48, 1.0, 'doorway', array([10.433346 ,  1.0376706,  5.645851 ], dtype=float32)) from representative place 0
[Debug] resolved source place: 1 for representative place 0
0
final_goal:sink,sub_goal:doorway,place:0,trajectory: bed in Place 0.doorway in Place 0.painting in Place 2.floorlamp in Place 3.chair in Place 4.sofa in Place 5.
sub_target_id:48
target:doorway
final_goal:sink
final_length:44.534271240234375
[Timing] pathfinder to-subgoal elapsed=0.928s found=True
[Debug] sub-goal visible on screen: label=doorway ratio=0.036320 bbox=337x471
Agent is within 1m of the target. Stopping.
[Debug] observation rotation: angle=0 pause=0.25s
[Debug] observation rotation: angle=90 pause=0.25s
[Debug] observation rotation: angle=180 pause=0.25s
[Debug] observation rotation: angle=270 pause=0.25s
[Debug] calling detection service: position_id=big+7+7 angle=0 prompt='sink . doorway . wall .'
[Debug] received detection service result: position_id=big+7+7 angle=0
[Debug] calling detection service: position_id=big+7+7 angle=90 prompt='sink . dresser . tv . plant .'
[Debug] received detection service result: position_id=big+7+7 angle=90
[Debug] calling detection service: position_id=big+7+7 angle=180 prompt='sink . doorway . window .'
[Debug] received detection service result: position_id=big+7+7 angle=180
[Debug] calling detection service: position_id=big+7+7 angle=270 prompt='sink . doorway . bed . nightstand .'
[Debug] received detection service result: position_id=big+7+7 angle=270
[Debug] box_info_list_sum: [[], [{'label': 'plant', 'box': [465, 476, 514, 560]}, {'label': 'tv', 'box': [247, 490, 345, 618]}, {'label': 'dresser', 'box': [435, 556, 570, 743]}], [{'label': 'window', 'box': [159, 341, 1022, 717]}, {'label': 'doorway', 'box': [348, 288, 823, 1021]}], [{'label': 'nightstand', 'box': [365, 625, 541, 788]}, {'label': 'bed', 'box': [0, 600, 178, 810]}, {'label': 'doorway', 'box': [779, 423, 965, 815]}]]
wall
bed
[Debug] max_similar_objs_list: [[('wall', 90, 235, 0.5858284831047058, 'wall', array([7.2369976, 1.775805 , 3.6185   ], dtype=float32))], [('bed', 270, 9, 1.0, 'bed', array([6.664797  , 0.44970202, 2.9055238 ], dtype=float32))]]
[Debug] empty_position: [2]
Setting `pad_token_id` to `eos_token_id`:151645 for open-end generation.
Setting `pad_token_id` to `eos_token_id`:151645 for open-end generation.
Setting `pad_token_id` to `eos_token_id`:151645 for open-end generation.
Setting `pad_token_id` to `eos_token_id`:151645 for open-end generation.
 {
    "Place": 0,
    "Angle": 0,
    "Objects": [
        "doorway",
        "wall",
        "ceiling"
    ]
}{
    "Place": 0,
    "Angle": 180,
    "Objects": [
        "tree",
        "window"
    ]
} {
    "Place": 1,
    "Angle": 0,
    "Objects": [
        "tv"
    ]
}{
    "Place": 1,
    "Angle": 90,
    "Objects": [
        "cabinet"
    ]
}{
    "Place": 1,
    "Angle": 180,
    "Objects": [
        "bowl",
        "basketball",
        "bed",
        "teddybear"
    ]
} {
    "Place": 7,
    "Angle": 0,
    "Objects": [
        "doorway",
        "wall"
    ]
}{
    "Place": 7,
    "Angle": 90,
    "Objects": [
        "bed",
        "wall"
    ]
}{
    "Place": 7,
    "Angle": 180,
    "Objects": [
        "doorway"
    ]
}{
    "Place": 7,
    "Angle": 270,
    "Objects": [
        "bed"
    ]
} {
    "Place": 2,
    "Angle": 90,
    "Objects": [
        "mirror",
        "doorway"
    ]
}{
    "Place": 2,
    "Angle": 180,
    "Objects": [
        "bed",
        "window",
        "dresser",
        "box"
    ]
} {
    "Place": 3,
    "Angle": 0,
    "Objects": [
        "desklamp",
        "chair",
        "sofa",
        "floor"
    ]
} {
    "Place": 4,
    "Angle": 90,
    "Objects": [
        "fridge"
    ]
}{
    "Place": 4,
    "Angle": 180,
    "Objects": [
        "marble floor"
    ]
}{
    "Place": 4,
    "Angle": 270,
    "Objects": [
        "rug"
    ]
} {
    "Place": 5,
    "Angle": 0,
    "Objects": [
        "sofa",
        "doorway",
        "tv"
    ]
}{
    "Place": 5,
    "Angle": 90,
    "Objects": [
        "refrigerator"
    ]
}{
    "Place": 5,
    "Angle": 180,
    "Objects": [
        "table"
    ]
} {
    "Place": 6,
    "Angle": 0,
    "Objects": [
        "crack"
    ]
}{
    "Place": 6,
    "Angle": 90,
    "Objects": [
        "doorway",
        "wall"
    ]
}{
    "Place": 6,
    "Angle": 180,
    "Objects": [
        "window",
        "floor",
        "bed",
        "doorway"
    ]
}{
    "Place": 6,
    "Angle": 270,
    "Objects": [
        "tv"
    ]
}
[Debug] resolver candidates place=0: exact=1 relaxed_or_synthesized=3
[Debug] resolver candidates place=4: exact=1 relaxed_or_synthesized=3
[Debug] resolver candidates place=5: exact=2 relaxed_or_synthesized=1
[Debug] allowed planner objects: ['doorway']
[Debug] allowed planner objects by place: {0: [], 2: ['doorway'], 3: [], 4: [], 5: ['doorway']}
[Debug] bypassing planner because only one target is allowed: {"Place": 2, "Angle": 90, "Objects": ["doorway"]}
{"Place": 2, "Angle": 90, "Objects": ["doorway"]}
[Debug] planner selected: place=2, angle=90, objects=['doorway']
last_key:['Place 0', 'Place 0', 'Place 2', 'Place 3', 'Place 4', 'Place 5', 'Place 1']
[Debug] allowed_targets_by_place[2] candidates: [('doorway', 90, 46, 1.0, 'doorway', array([3.8426533, 1.0462728, 8.623344 ], dtype=float32)), ('doorway', 180, 52, 1.0, 'doorway', array([5.0042787, 1.0524567, 4.8618717], dtype=float32)), ('window', 180, 273, 1.0, 'window', array([9.696945, 1.5     , 3.619   ], dtype=float32)), ('window', 180, 274, 1.0, 'window', array([4.178829, 1.499283, 3.619   ], dtype=float32)), ('box', 180, 20, 1.0, 'box', array([7.490234  , 0.13906023, 3.8793082 ], dtype=float32)), ('dresser', 180, 71, 1.0, 'dresser', array([7.455586  , 0.41011748, 5.4915514 ], dtype=float32)), ('tv', 270, 182, 1.0, 'tv', array([0.3267582, 1.1777064, 8.394324 ], dtype=float32)), ('bed', 180, 8, 1.0, 'bed', array([1.2307636, 0.6772912, 4.6796055], dtype=float32))]
[Debug] resolved target tuple: ('doorway', 90, 46, 1.0, 'doorway', array([3.8426533, 1.0462728, 8.623344 ], dtype=float32)) from representative place 2
[Debug] resolved source place: 6 for representative place 2
2
final_goal:sink,sub_goal:doorway,place:2,trajectory: bed in Place 0.doorway in Place 0.painting in Place 2.floorlamp in Place 3.chair in Place 4.sofa in Place 5.
sub_target_id:46
target:doorway
final_goal:sink
final_length:47.844932556152344
[Timing] pathfinder to-subgoal elapsed=0.919s found=True
[Debug] sub-goal visible on screen: label=doorway ratio=0.160449 bbox=237x736
Agent is within 1m of the target. Stopping.
[Debug] observation rotation: angle=0 pause=0.25s
[Debug] observation rotation: angle=90 pause=0.25s
[Debug] observation rotation: angle=180 pause=0.25s
[Debug] observation rotation: angle=270 pause=0.25s
[Debug] calling detection service: position_id=big+8+8 angle=0 prompt='sink . table . shelf .'
[Debug] received detection service result: position_id=big+8+8 angle=0
[Debug] calling detection service: position_id=big+8+8 angle=90 prompt='sink . desk . doorway .'
[Debug] received detection service result: position_id=big+8+8 angle=90
[Debug] calling detection service: position_id=big+8+8 angle=180 prompt='sink . picture . dresser . window .'
[Debug] received detection service result: position_id=big+8+8 angle=180
[Debug] calling detection service: position_id=big+8+8 angle=270 prompt='sink . doorway . bed .'
[Debug] received detection service result: position_id=big+8+8 angle=270
[Debug] box_info_list_sum: [[{'label': 'table', 'box': [0, 618, 258, 784]}, {'label': 'shelf', 'box': [727, 554, 874, 770]}], [{'label': 'desk', 'box': [735, 688, 1023, 1023]}, {'label': 'doorway', 'box': [198, 286, 661, 1021]}, {'label': 'sink', 'box': [918, 698, 1023, 763]}], [{'label': 'dresser', 'box': [0, 639, 269, 1023]}], [{'label': 'doorway', 'box': [299, 187, 959, 1021]}]]
wall
dresser
[Debug] dropped verified goal candidate: label=sink angle=90 box=[918, 698, 1023, 763] overlaps=laptop#104:0.540, dresser#70:0.448, mug#105:0.012
[Debug] max_similar_objs_list: [[('wall', 0, 217, 0.6527454257011414, 'wall', array([3.6184998, 1.7758048, 6.3325   ], dtype=float32))], [('dresser', 90, 70, 0.7508470416069031, 'dresser', array([5.1059704 , 0.48488715, 6.856122  ], dtype=float32))]]
[Debug] empty_position: []
 {
    "Place": 0,
    "Angle": 0,
    "Objects": [
        "doorway",
        "wall",
        "ceiling"
    ]
}{
    "Place": 0,
    "Angle": 180,
    "Objects": [
        "tree",
        "window"
    ]
} {
    "Place": 1,
    "Angle": 0,
    "Objects": [
        "tv"
    ]
}{
    "Place": 1,
    "Angle": 90,
    "Objects": [
        "cabinet"
    ]
}{
    "Place": 1,
    "Angle": 180,
    "Objects": [
        "bowl",
        "basketball",
        "bed",
        "teddybear"
    ]
} {
    "Place": 7,
    "Angle": 0,
    "Objects": [
        "doorway",
        "wall"
    ]
}{
    "Place": 7,
    "Angle": 90,
    "Objects": [
        "bed",
        "wall"
    ]
}{
    "Place": 7,
    "Angle": 180,
    "Objects": [
        "doorway"
    ]
}{
    "Place": 7,
    "Angle": 270,
    "Objects": [
        "bed"
    ]
} {
    "Place": 2,
    "Angle": 90,
    "Objects": [
        "mirror",
        "doorway"
    ]
}{
    "Place": 2,
    "Angle": 180,
    "Objects": [
        "bed",
        "window",
        "dresser",
        "box"
    ]
} {
    "Place": 3,
    "Angle": 0,
    "Objects": [
        "desklamp",
        "chair",
        "sofa",
        "floor"
    ]
} {
    "Place": 4,
    "Angle": 90,
    "Objects": [
        "fridge"
    ]
}{
    "Place": 4,
    "Angle": 180,
    "Objects": [
        "marble floor"
    ]
}{
    "Place": 4,
    "Angle": 270,
    "Objects": [
        "rug"
    ]
} {
    "Place": 5,
    "Angle": 0,
    "Objects": [
        "sofa",
        "doorway",
        "tv"
    ]
}{
    "Place": 5,
    "Angle": 90,
    "Objects": [
        "refrigerator"
    ]
}{
    "Place": 5,
    "Angle": 180,
    "Objects": [
        "table"
    ]
} {
    "Place": 6,
    "Angle": 0,
    "Objects": [
        "crack"
    ]
}{
    "Place": 6,
    "Angle": 180,
    "Objects": [
        "window",
        "floor",
        "bed",
        "doorway"
    ]
}{
    "Place": 6,
    "Angle": 270,
    "Objects": [
        "tv"
    ]
} {
    "Place": 8,
    "Angle": 90,
    "Objects": [
        "dresser"
    ]
}{
    "Place": 8,
    "Angle": 180,
    "Objects": [
        "window",
        "bed",
        "picture"
    ]
}{
    "Place": 8,
    "Angle": 270,
    "Objects": [
        "bed"
    ]
}
[Debug] resolver candidates place=0: exact=1 relaxed_or_synthesized=3
[Debug] resolver candidates place=4: exact=1 relaxed_or_synthesized=3
Setting `pad_token_id` to `eos_token_id`:151645 for open-end generation.
Setting `pad_token_id` to `eos_token_id`:151645 for open-end generation.
Setting `pad_token_id` to `eos_token_id`:151645 for open-end generation.
Setting `pad_token_id` to `eos_token_id`:151645 for open-end generation.
[Debug] resolver candidates place=5: exact=2 relaxed_or_synthesized=1
[Debug] allowed planner objects: ['dresser']
[Debug] allowed planner objects by place: {0: [], 2: [], 3: [], 4: [], 5: [], 8: ['dresser']}
[Debug] bypassing planner because only one target is allowed: {"Place": 0, "Angle": 90, "Objects": ["dresser"]}
{"Place": 0, "Angle": 90, "Objects": ["dresser"]}
[Debug] planner selected: place=0, angle=90, objects=['dresser']
last_key:['Place 0', 'Place 0', 'Place 2', 'Place 3', 'Place 4', 'Place 5', 'Place 1', 'Place 6']
[Debug] allowed_targets_by_place[0] candidates: [('window', 180, 278, 1.0, 'window', array([11.450363 ,  1.4993188,  3.619    ], dtype=float32)), ('tv', 0, 184, 1.0, 'tv', array([13.786259 ,  1.3598171,  7.147625 ], dtype=float32)), ('bed', 270, 9, 1.0, 'bed', array([6.664797  , 0.44970202, 2.9055238 ], dtype=float32)), ('teddybear', 180, 181, 0.8105418086051941, 'teddybear', array([13.324614 ,  0.7895727,  4.1530056], dtype=float32)), ('dresser', 90, 69, 1.0, 'dresser', array([14.253271  ,  0.61419606,  5.882782  ], dtype=float32)), ('basketball', 270, 6, 1.0, 'basketball', array([9.122098  , 0.11968711, 6.5354424 ], dtype=float32)), ('plant', 90, 97, 0.7787491083145142, 'plant', array([14.261866 ,  1.5220935,  5.982865 ], dtype=float32))]
[Debug] resolved target tuple: ('dresser', 90, 69, 1.0, 'dresser', array([14.253271  ,  0.61419606,  5.882782  ], dtype=float32)) from representative place 0
[Debug] resolved source place: 0 for representative place 0
0
final_goal:sink,sub_goal:dresser,place:0,trajectory: bed in Place 0.doorway in Place 0.painting in Place 2.floorlamp in Place 3.chair in Place 4.sofa in Place 5.dresser in Place 0.
sub_target_id:69
target:dresser
final_goal:sink
final_length:51.17335891723633
[Timing] pathfinder to-subgoal elapsed=1.249s found=True
[Debug] sub-goal visible on screen: label=dresser ratio=0.018352 bbox=224x330
[Debug] observation rotation: angle=0 pause=0.25s
[Debug] observation rotation: angle=90 pause=0.25s
[Debug] observation rotation: angle=180 pause=0.25s
[Debug] observation rotation: angle=270 pause=0.25s
[Debug] calling detection service: position_id=big+9+9 angle=0 prompt='sink . doorway . tv .'
[Debug] received detection service result: position_id=big+9+9 angle=0
[Debug] calling detection service: position_id=big+9+9 angle=90 prompt='sink . pot . book .'
[Debug] received detection service result: position_id=big+9+9 angle=90
[Debug] calling detection service: position_id=big+9+9 angle=180 prompt='sink . laptop . bed . basketball .'
[Debug] received detection service result: position_id=big+9+9 angle=180
[Debug] calling detection service: position_id=big+9+9 angle=270 prompt='sink . doorway . window .'
[Debug] received detection service result: position_id=big+9+9 angle=270
[Debug] box_info_list_sum: [[], [{'label': 'book', 'box': [104, 779, 392, 972]}], [{'label': 'laptop', 'box': [614, 747, 785, 961]}, {'label': 'basketball', 'box': [485, 693, 542, 755]}, {'label': 'bed', 'box': [231, 718, 1023, 1023]}], [{'label': 'window', 'box': [0, 353, 99, 699]}, {'label': 'doorway', 'box': [274, 420, 623, 795]}]]
book
laptop
basketball
[Debug] max_similar_objs_list: [[('book', 90, 14, 1.0, 'book', array([14.249769 ,  1.2385907,  6.2263546], dtype=float32))], [('laptop', 180, 101, 1.0, 'laptop', array([13.287224 ,  0.7156192,  4.654652 ], dtype=float32))], [('basketball', 180, 7, 1.0, 'basketball', array([13.740382  ,  0.67966807,  3.8414516 ], dtype=float32))]]
[Debug] empty_position: [3]
 {
    "Place": 0,
    "Angle": 0,
    "Objects": [
        "doorway",
        "wall",
        "ceiling"
    ]
}{
    "Place": 0,
    "Angle": 180,
    "Objects": [
        "tree",
        "window"
    ]
} {
    "Place": 1,
    "Angle": 0,
    "Objects": [
        "tv"
    ]
}{
    "Place": 1,
    "Angle": 90,
    "Objects": [
        "cabinet"
    ]
}{
    "Place": 1,
    "Angle": 180,
    "Objects": [
        "bowl",
        "basketball",
        "bed",
        "teddybear"
    ]
} {
    "Place": 7,
    "Angle": 0,
    "Objects": [
        "doorway",
        "wall"
    ]
}{
    "Place": 7,
    "Angle": 90,
    "Objects": [
        "bed",
        "wall"
    ]
}{
    "Place": 7,
    "Angle": 180,
    "Objects": [
        "doorway"
    ]
}{
    "Place": 7,
    "Angle": 270,
    "Objects": [
        "bed"
    ]
} {
    "Place": 2,
    "Angle": 90,
    "Objects": [
        "mirror",
        "doorway"
    ]
}{
    "Place": 2,
    "Angle": 180,
    "Objects": [
        "bed",
        "window",
        "dresser",
        "box"
    ]
} {
    "Place": 3,
    "Angle": 0,
    "Objects": [
        "desklamp",
        "chair",
        "sofa",
        "floor"
    ]
} {
    "Place": 4,
    "Angle": 90,
    "Objects": [
        "fridge"
    ]
}{
    "Place": 4,
    "Angle": 180,
    "Objects": [
        "marble floor"
    ]
}{
    "Place": 4,
    "Angle": 270,
    "Objects": [
        "rug"
    ]
} {
    "Place": 5,
    "Angle": 0,
    "Objects": [
        "sofa",
        "doorway",
        "tv"
    ]
}{
    "Place": 5,
    "Angle": 90,
    "Objects": [
        "refrigerator"
    ]
}{
    "Place": 5,
    "Angle": 180,
    "Objects": [
        "table"
    ]
} {
    "Place": 6,
    "Angle": 0,
    "Objects": [
        "crack"
    ]
}{
    "Place": 6,
    "Angle": 180,
    "Objects": [
        "window",
        "floor",
        "bed",
        "doorway"
    ]
}{
    "Place": 6,
    "Angle": 270,
    "Objects": [
        "tv"
    ]
} {
    "Place": 8,
    "Angle": 90,
    "Objects": [
        "dresser"
    ]
}{
    "Place": 8,
    "Angle": 180,
    "Objects": [
        "window",
        "bed",
        "picture"
    ]
}{
    "Place": 8,
    "Angle": 270,
    "Objects": [
        "bed"
    ]
} {
    "Place": 9,
    "Angle": 0,
    "Objects": [
        "doorway",
        "tv"
    ]
}{
    "Place": 9,
    "Angle": 90,
    "Objects": [
        "pot",
        "book"
    ]
}{
    "Place": 9,
    "Angle": 180,
    "Objects": [
        "basketball",
        "teddy bear",
        "laptop"
    ]
}{
    "Place": 9,
    "Angle": 270,
    "Objects": [
        "doorway"
    ]
}
[Debug] resolver candidates place=0: exact=1 relaxed_or_synthesized=2
[Debug] resolver candidates place=4: exact=1 relaxed_or_synthesized=3
[Debug] resolver candidates place=5: exact=2 relaxed_or_synthesized=1
[Debug] allowed planner objects: ['dresser']
[Debug] allowed planner objects by place: {0: [], 2: [], 3: [], 4: [], 5: [], 8: ['dresser']}
[Debug] bypassing planner because only one target is allowed: {"Place": 2, "Angle": 180, "Objects": ["dresser"]}
{"Place": 2, "Angle": 180, "Objects": ["dresser"]}
[Debug] planner selected: place=2, angle=180, objects=['dresser']
last_key:['Place 0', 'Place 0', 'Place 2', 'Place 3', 'Place 4', 'Place 5', 'Place 1', 'Place 6', 'Place 0']
[Debug] allowed_targets_by_place[2] candidates: [('doorway', 180, 52, 1.0, 'doorway', array([5.0042787, 1.0524567, 4.8618717], dtype=float32)), ('window', 180, 273, 1.0, 'window', array([9.696945, 1.5     , 3.619   ], dtype=float32)), ('window', 180, 274, 1.0, 'window', array([4.178829, 1.499283, 3.619   ], dtype=float32)), ('box', 180, 20, 1.0, 'box', array([7.490234  , 0.13906023, 3.8793082 ], dtype=float32)), ('dresser', 180, 71, 1.0, 'dresser', array([7.455586  , 0.41011748, 5.4915514 ], dtype=float32)), ('tv', 270, 182, 1.0, 'tv', array([0.3267582, 1.1777064, 8.394324 ], dtype=float32)), ('bed', 180, 8, 1.0, 'bed', array([1.2307636, 0.6772912, 4.6796055], dtype=float32))]
[Debug] resolved target tuple: ('dresser', 180, 71, 1.0, 'dresser', array([7.455586  , 0.41011748, 5.4915514 ], dtype=float32)) from representative place 2
[Debug] resolved source place: 2 for representative place 2
2
final_goal:sink,sub_goal:dresser,place:2,trajectory: bed in Place 0.doorway in Place 0.painting in Place 2.floorlamp in Place 3.chair in Place 4.sofa in Place 5.dresser in Place 0.
sub_target_id:71
target:dresser
final_goal:sink
final_length:53.941123962402344
[Timing] pathfinder to-subgoal elapsed=0.844s found=True
[Debug] sub-goal visible on screen: label=dresser ratio=0.011640 bbox=205x340
[Debug] observation rotation: angle=0 pause=0.25s
[Debug] observation rotation: angle=90 pause=0.25s
Setting `pad_token_id` to `eos_token_id`:151645 for open-end generation.
Setting `pad_token_id` to `eos_token_id`:151645 for open-end generation.
Setting `pad_token_id` to `eos_token_id`:151645 for open-end generation.
Setting `pad_token_id` to `eos_token_id`:151645 for open-end generation.
Setting `pad_token_id` to `eos_token_id`:151645 for open-end generation.
Setting `pad_token_id` to `eos_token_id`:151645 for open-end generation.
Setting `pad_token_id` to `eos_token_id`:151645 for open-end generation.
Setting `pad_token_id` to `eos_token_id`:151645 for open-end generation.
[Debug] observation rotation: angle=180 pause=0.25s
[Debug] observation rotation: angle=270 pause=0.25s
[Debug] calling detection service: position_id=big+10+10 angle=0 prompt='sink . wooden door . wall .'
[Debug] received detection service result: position_id=big+10+10 angle=0
[Debug] calling detection service: position_id=big+10+10 angle=90 prompt='sink . picture . window . plant .'
[Debug] received detection service result: position_id=big+10+10 angle=90
[Debug] calling detection service: position_id=big+10+10 angle=180 prompt='sink . box . window . bed .'
[Debug] received detection service result: position_id=big+10+10 angle=180
[Debug] calling detection service: position_id=big+10+10 angle=270 prompt='sink . floor . wall .'
[Debug] received detection service result: position_id=big+10+10 angle=270
[Debug] box_info_list_sum: [[{'label': 'wooden door', 'box': [837, 381, 1022, 975]}], [{'label': 'picture', 'box': [52, 402, 205, 573]}, {'label': 'plant', 'box': [457, 491, 891, 829]}], [{'label': 'bed', 'box': [507, 641, 721, 933]}, {'label': 'window', 'box': [0, 410, 721, 658]}, {'label': 'box', 'box': [594, 877, 761, 1023]}], [{'label': 'wall', 'box': [1, 1, 1022, 1022]}]]
painting
floor
wall
[Debug] max_similar_objs_list: [[('painting', 90, 121, 0.7150622606277466, 'painting', array([10.394078 ,  1.6614711,  7.2161293], dtype=float32))], [('floor', 90, 77, 0.6538755893707275, 'floor', array([7.237 , 0.    , 3.6185], dtype=float32))], [('wall', 270, 209, 1.0, 'wall', array([3.6184993, 1.775805 , 3.6184998], dtype=float32))]]
[Debug] empty_position: [2]
 {
    "Place": 0,
    "Angle": 0,
    "Objects": [
        "doorway",
        "wall",
        "ceiling"
    ]
}{
    "Place": 0,
    "Angle": 180,
    "Objects": [
        "tree",
        "window"
    ]
} {
    "Place": 1,
    "Angle": 0,
    "Objects": [
        "tv"
    ]
}{
    "Place": 1,
    "Angle": 90,
    "Objects": [
        "cabinet"
    ]
}{
    "Place": 1,
    "Angle": 180,
    "Objects": [
        "bowl",
        "basketball",
        "bed",
        "teddybear"
    ]
} {
    "Place": 7,
    "Angle": 0,
    "Objects": [
        "doorway",
        "wall"
    ]
}{
    "Place": 7,
    "Angle": 90,
    "Objects": [
        "bed",
        "wall"
    ]
}{
    "Place": 7,
    "Angle": 180,
    "Objects": [
        "doorway"
    ]
}{
    "Place": 7,
    "Angle": 270,
    "Objects": [
        "bed"
    ]
} {
    "Place": 2,
    "Angle": 90,
    "Objects": [
        "mirror",
        "doorway"
    ]
} {
    "Place": 3,
    "Angle": 0,
    "Objects": [
        "desklamp",
        "chair",
        "sofa",
        "floor"
    ]
} {
    "Place": 4,
    "Angle": 90,
    "Objects": [
        "fridge"
    ]
}{
    "Place": 4,
    "Angle": 180,
    "Objects": [
        "marble floor"
    ]
}{
    "Place": 4,
    "Angle": 270,
    "Objects": [
        "rug"
    ]
} {
    "Place": 5,
    "Angle": 0,
    "Objects": [
        "sofa",
        "doorway",
        "tv"
    ]
}{
    "Place": 5,
    "Angle": 90,
    "Objects": [
        "refrigerator"
    ]
}{
    "Place": 5,
    "Angle": 180,
    "Objects": [
        "table"
    ]
} {
    "Place": 6,
    "Angle": 0,
    "Objects": [
        "crack"
    ]
}{
    "Place": 6,
    "Angle": 180,
    "Objects": [
        "window",
        "floor",
        "bed",
        "doorway"
    ]
}{
    "Place": 6,
    "Angle": 270,
    "Objects": [
        "tv"
    ]
} {
    "Place": 8,
    "Angle": 90,
    "Objects": [
        "dresser"
    ]
}{
    "Place": 8,
    "Angle": 180,
    "Objects": [
        "window",
        "bed",
        "picture"
    ]
}{
    "Place": 8,
    "Angle": 270,
    "Objects": [
        "bed"
    ]
} {
    "Place": 10,
    "Angle": 90,
    "Objects": [
        "window",
        "bed",
        "painting",
        "floor"
    ]
}{
    "Place": 10,
    "Angle": 180,
    "Objects": [
        "box"
    ]
} {
    "Place": 9,
    "Angle": 0,
    "Objects": [
        "doorway",
        "tv"
    ]
}{
    "Place": 9,
    "Angle": 90,
    "Objects": [
        "pot",
        "book"
    ]
}{
    "Place": 9,
    "Angle": 180,
    "Objects": [
        "basketball",
        "teddy bear",
        "laptop"
    ]
}{
    "Place": 9,
    "Angle": 270,
    "Objects": [
        "doorway"
    ]
}
[Debug] resolver candidates place=0: exact=1 relaxed_or_synthesized=2
[Debug] resolver candidates place=2: exact=0 relaxed_or_synthesized=2
[Debug] resolver candidates place=4: exact=1 relaxed_or_synthesized=3
[Debug] resolver candidates place=5: exact=2 relaxed_or_synthesized=1
[Debug] allowed planner objects: ['dresser', 'painting']
[Debug] allowed planner objects by place: {0: [], 2: [], 3: [], 4: [], 5: [], 8: ['dresser', 'painting']}
The above is a description of different places in different angles in the environment.Your can get to any place described in the json data. Your goal is to find the sink. Based on the above json data, please choose one specific object to travel to as your target. If your goal is already in the description, please choose it as the target. You must choose an object only from this allowed list: dresser, painting. Do not output any object name that is not in the allowed list. Valid choosable objects by place are: Place 8: dresser, painting. The Objects field must contain exactly one object from the chosen place list.Note that you can travel to door or door frame to other spaces if there are no clear evidence to choose the target.  Return exactly one JSON object by referring to the following template.
            {"Place": x, "Angle": x, "Objects": ["xxxx"] }
            If your goal is already in the description, please choose it as the target. You should not output any explanation, markdown, prose, examples, or extra text before or after the JSON. Note that your should choose only one object in one angle of one place in the json data as the target.
{"Place": "dresser", "Angle": 90, "Objects": ["window", "bed", "picture"]}
[Timing] planning mode=kv elapsed=1.680s
{"Place": 8, "Angle": 90, "Objects": ["dresser"]}
[Debug] planner selected: place=8, angle=90, objects=['dresser']
last_key:['Place 0', 'Place 0', 'Place 2', 'Place 3', 'Place 4', 'Place 5', 'Place 1', 'Place 6', 'Place 0', 'Place 2']
[Debug] allowed_targets_by_place[8] candidates: [('dresser', 90, 70, 0.7508470416069031, 'dresser', array([5.1059704 , 0.48488715, 6.856122  ], dtype=float32)), ('painting', 90, 121, 0.7150622606277466, 'painting', array([10.394078 ,  1.6614711,  7.2161293], dtype=float32))]
[Debug] resolved target tuple: ('dresser', 90, 70, 0.7508470416069031, 'dresser', array([5.1059704 , 0.48488715, 6.856122  ], dtype=float32)) from representative place 8
[Debug] resolved source place: 8 for representative place 8
8
final_goal:sink,sub_goal:dresser,place:8,trajectory: bed in Place 0.doorway in Place 0.painting in Place 2.floorlamp in Place 3.chair in Place 4.sofa in Place 5.dresser in Place 0.
sub_target_id:70
target:dresser
final_goal:sink
final_length:56.35533905029297
[Timing] pathfinder to-subgoal elapsed=0.812s found=True
[Debug] sub-goal visible on screen: label=dresser ratio=0.055560 bbox=469x382
[Debug] observation rotation: angle=0 pause=0.25s
[Debug] observation rotation: angle=90 pause=0.25s
[Debug] observation rotation: angle=180 pause=0.25s
[Debug] observation rotation: angle=270 pause=0.25s
[Debug] calling detection service: position_id=big+11+11 angle=0 prompt='sink . table . doorway . picture .'
[Debug] received detection service result: position_id=big+11+11 angle=0
[Debug] calling detection service: position_id=big+11+11 angle=90 prompt='sink . cup . mountain view . picture frame .'
[Debug] received detection service result: position_id=big+11+11 angle=90
[Debug] calling detection service: position_id=big+11+11 angle=180 prompt='sink . doorway . window .'
[Debug] received detection service result: position_id=big+11+11 angle=180
[Debug] calling detection service: position_id=big+11+11 angle=270 prompt='sink . tv . bed . remote .'
[Debug] received detection service result: position_id=big+11+11 angle=270
/home/min/test/EfficientNav/efficientnav.py:2118: RuntimeWarning: More than 20 figures have been opened. Figures created through the pyplot interface (`matplotlib.pyplot.figure`) are retained until explicitly closed and may consume too much memory. (To control this warning, see the rcParam `figure.max_open_warning`). Consider using `matplotlib.pyplot.close()`.
  fig, axes = plt.subplots(ceil(360 / 90 / images_per_row), images_per_row, figsize=(15, 15))
Setting `pad_token_id` to `eos_token_id`:151645 for open-end generation.
Setting `pad_token_id` to `eos_token_id`:151645 for open-end generation.
Setting `pad_token_id` to `eos_token_id`:151645 for open-end generation.
Setting `pad_token_id` to `eos_token_id`:151645 for open-end generation.
[Debug] box_info_list_sum: [[{'label': 'table', 'box': [165, 586, 259, 685]}, {'label': 'picture', 'box': [169, 455, 546, 536]}], [{'label': 'cup', 'box': [408, 835, 465, 946]}, {'label': 'picture frame', 'box': [232, 149, 726, 468]}], [{'label': 'window', 'box': [506, 417, 673, 629]}, {'label': 'doorway', 'box': [24, 262, 511, 1020]}], [{'label': 'bed', 'box': [0, 536, 392, 902]}, {'label': 'tv', 'box': [638, 507, 797, 615]}]]
painting
mug
painting
[Debug] max_similar_objs_list: [[('painting', 0, 114, 0.7150622606277466, 'painting', array([ 1.0363373,  1.8933729, 12.646286 ], dtype=float32))], [('mug', 90, 105, 0.8248000144958496, 'mug', array([5.229267 , 1.0221543, 6.859839 ], dtype=float32))], [('painting', 90, 116, 0.5644656419754028, 'painting', array([5.4071293, 1.9326954, 6.8061395], dtype=float32))]]
[Debug] empty_position: [2]
 {
    "Place": 0,
    "Angle": 0,
    "Objects": [
        "doorway",
        "wall",
        "ceiling"
    ]
}{
    "Place": 0,
    "Angle": 180,
    "Objects": [
        "tree",
        "window"
    ]
} {
    "Place": 1,
    "Angle": 0,
    "Objects": [
        "tv"
    ]
}{
    "Place": 1,
    "Angle": 90,
    "Objects": [
        "cabinet"
    ]
}{
    "Place": 1,
    "Angle": 180,
    "Objects": [
        "bowl",
        "basketball",
        "bed",
        "teddybear"
    ]
} {
    "Place": 7,
    "Angle": 0,
    "Objects": [
        "doorway",
        "wall"
    ]
}{
    "Place": 7,
    "Angle": 90,
    "Objects": [
        "bed",
        "wall"
    ]
}{
    "Place": 7,
    "Angle": 180,
    "Objects": [
        "doorway"
    ]
}{
    "Place": 7,
    "Angle": 270,
    "Objects": [
        "bed"
    ]
} {
    "Place": 2,
    "Angle": 90,
    "Objects": [
        "mirror",
        "doorway"
    ]
} {
    "Place": 3,
    "Angle": 0,
    "Objects": [
        "desklamp",
        "chair",
        "sofa",
        "floor"
    ]
} {
    "Place": 4,
    "Angle": 90,
    "Objects": [
        "fridge"
    ]
}{
    "Place": 4,
    "Angle": 180,
    "Objects": [
        "marble floor"
    ]
}{
    "Place": 4,
    "Angle": 270,
    "Objects": [
        "rug"
    ]
} {
    "Place": 5,
    "Angle": 0,
    "Objects": [
        "sofa",
        "doorway",
        "tv"
    ]
}{
    "Place": 5,
    "Angle": 90,
    "Objects": [
        "refrigerator"
    ]
}{
    "Place": 5,
    "Angle": 180,
    "Objects": [
        "table"
    ]
} {
    "Place": 6,
    "Angle": 0,
    "Objects": [
        "crack"
    ]
}{
    "Place": 6,
    "Angle": 180,
    "Objects": [
        "window",
        "floor",
        "bed",
        "doorway"
    ]
}{
    "Place": 6,
    "Angle": 270,
    "Objects": [
        "tv"
    ]
} {
    "Place": 8,
    "Angle": 180,
    "Objects": [
        "window",
        "bed",
        "picture"
    ]
}{
    "Place": 8,
    "Angle": 270,
    "Objects": [
        "bed"
    ]
} {
    "Place": 11,
    "Angle": 0,
    "Objects": [
        "doorway",
        "painting"
    ]
}{
    "Place": 11,
    "Angle": 90,
    "Objects": [
        "golden statue",
        "mug",
        "painting",
        "mountain view"
    ]
}{
    "Place": 11,
    "Angle": 180,
    "Objects": [
        "doorway"
    ]
}{
    "Place": 11,
    "Angle": 270,
    "Objects": [
        "remote control",
        "remote"
    ]
} {
    "Place": 10,
    "Angle": 90,
    "Objects": [
        "window",
        "bed",
        "painting",
        "floor"
    ]
}{
    "Place": 10,
    "Angle": 180,
    "Objects": [
        "box"
    ]
} {
    "Place": 9,
    "Angle": 0,
    "Objects": [
        "doorway",
        "tv"
    ]
}{
    "Place": 9,
    "Angle": 90,
    "Objects": [
        "pot",
        "book"
    ]
}{
    "Place": 9,
    "Angle": 180,
    "Objects": [
        "basketball",
        "teddy bear",
        "laptop"
    ]
}{
    "Place": 9,
    "Angle": 270,
    "Objects": [
        "doorway"
    ]
}
[Debug] resolver candidates place=0: exact=1 relaxed_or_synthesized=2
[Debug] resolver candidates place=2: exact=0 relaxed_or_synthesized=2
[Debug] resolver candidates place=4: exact=1 relaxed_or_synthesized=3
[Debug] resolver candidates place=5: exact=2 relaxed_or_synthesized=1
[Debug] allowed planner objects: ['mug', 'painting']
[Debug] allowed planner objects by place: {0: [], 2: [], 3: [], 4: [], 5: [], 8: [], 11: ['mug', 'painting']}
The above is a description of different places in different angles in the environment.Your can get to any place described in the json data. Your goal is to find the sink. Based on the above json data, please choose one specific object to travel to as your target. If your goal is already in the description, please choose it as the target. You must choose an object only from this allowed list: mug, painting. Do not output any object name that is not in the allowed list. Valid choosable objects by place are: Place 11: mug, painting. The Objects field must contain exactly one object from the chosen place list.Note that you can travel to door or door frame to other spaces if there are no clear evidence to choose the target.  Return exactly one JSON object by referring to the following template.
            {"Place": x, "Angle": x, "Objects": ["xxxx"] }
            If your goal is already in the description, please choose it as the target. You should not output any explanation, markdown, prose, examples, or extra text before or after the JSON. Note that your should choose only one object in one angle of one place in the json data as the target.
{"Place": "11", "Angle": "180", "Objects": ["painting"]}
[Timing] planning mode=kv elapsed=1.633s
{"Place": 11, "Angle": 180, "Objects": ["painting"]}
[Debug] planner selected: place=11, angle=180, objects=['painting']
last_key:['Place 0', 'Place 0', 'Place 2', 'Place 3', 'Place 4', 'Place 5', 'Place 1', 'Place 6', 'Place 0', 'Place 2', 'Place 8']
[Debug] allowed_targets_by_place[11] candidates: [('mug', 90, 105, 0.8248000144958496, 'mug', array([5.229267 , 1.0221543, 6.859839 ], dtype=float32)), ('painting', 0, 114, 0.7150622606277466, 'painting', array([ 1.0363373,  1.8933729, 12.646286 ], dtype=float32)), ('painting', 90, 116, 0.5644656419754028, 'painting', array([5.4071293, 1.9326954, 6.8061395], dtype=float32))]
[Debug] resolved target tuple: ('painting', 0, 114, 0.7150622606277466, 'painting', array([ 1.0363373,  1.8933729, 12.646286 ], dtype=float32)) from representative place 11
[Debug] resolved source place: 11 for representative place 11
11
final_goal:sink,sub_goal:painting,place:11,trajectory: bed in Place 0.doorway in Place 0.painting in Place 2.floorlamp in Place 3.chair in Place 4.sofa in Place 5.dresser in Place 0.
sub_target_id:114
target:painting
final_goal:sink
final_length:58.430850982666016
[Timing] pathfinder to-subgoal elapsed=8.812s found=True
[Debug] sub-goal visible on screen: label=painting ratio=0.003220 bbox=65x55
[Debug] observation rotation: angle=0 pause=0.25s
[Debug] observation rotation: angle=90 pause=0.25s
[Debug] observation rotation: angle=180 pause=0.25s
[Debug] observation rotation: angle=270 pause=0.25s
[Debug] calling detection service: position_id=big+12+12 angle=0 prompt='sink . book . sofa . remote control .'
[Debug] received detection service result: position_id=big+12+12 angle=0
[Debug] calling detection service: position_id=big+12+12 angle=90 prompt='sink . doorway . lamp . sofa .'
[Debug] received detection service result: position_id=big+12+12 angle=90
[Debug] calling detection service: position_id=big+12+12 angle=180 prompt='sink . clouds . wall .'
[Debug] received detection service result: position_id=big+12+12 angle=180
[Debug] calling detection service: position_id=big+12+12 angle=270 prompt='sink . box . window . statue .'
[Debug] received detection service result: position_id=big+12+12 angle=270
[Debug] box_info_list_sum: [[{'label': 'sofa', 'box': [283, 585, 933, 907]}, {'label': 'book', 'box': [697, 703, 805, 749]}, {'label': 'remote control', 'box': [631, 741, 686, 756]}], [{'label': 'lamp', 'box': [162, 484, 219, 659]}, {'label': 'doorway', 'box': [379, 385, 590, 870]}, {'label': 'sofa', 'box': [20, 567, 178, 660]}], [], [{'label': 'statue', 'box': [315, 707, 408, 1022]}, {'label': 'sink', 'box': [770, 871, 988, 1007]}]]Setting `pad_token_id` to `eos_token_id`:151645 for open-end generation.
Setting `pad_token_id` to `eos_token_id`:151645 for open-end generation.
Setting `pad_token_id` to `eos_token_id`:151645 for open-end generation.
Setting `pad_token_id` to `eos_token_id`:151645 for open-end generation.

sofa
laptop
floorlamp
doorway
chair
statue
[Debug] dropped verified goal candidate: label=sink angle=270 box=[770, 871, 988, 1007] overlaps=bowl#17:0.628, wall#228:0.200, diningtable#40:0.161, cellphone#25:0.011
bowl
[Debug] max_similar_objs_list: [[('sofa', 0, 169, 1.0, 'sofa', array([ 1.3841084,  0.5854043, 15.653365 ], dtype=float32))], [('laptop', 0, 100, 0.6392437815666199, 'laptop', array([ 2.1133103,  0.5718113, 15.390911 ], dtype=float32))], [('floorlamp', 90, 87, 0.7215485572814941, 'floorlamp', array([ 6.772998  ,  0.92870396, 16.610914  ], dtype=float32))], [('doorway', 90, 51, 1.0, 'doorway', array([ 4.2218037,  1.0651137, 13.092493 ], dtype=float32))], [('chair', 90, 4, 0.6756638288497925, 'chair', array([ 6.722503  ,  0.46114203, 17.567999  ], dtype=float32))], [('statue', 270, 177, 1.0, 'statue', array([ 0.36127257,  1.121511  , 12.807315  ], dtype=float32))], [('bowl', 270, 17, 0.678112268447876, 'bowl', array([ 0.2854457 ,  0.97195137, 13.493528  ], dtype=float32))]]
[Debug] empty_position: []
 {
    "Place": 0,
    "Angle": 0,
    "Objects": [
        "doorway",
        "wall",
        "ceiling"
    ]
}{
    "Place": 0,
    "Angle": 180,
    "Objects": [
        "tree",
        "window"
    ]
} {
    "Place": 1,
    "Angle": 0,
    "Objects": [
        "tv"
    ]
}{
    "Place": 1,
    "Angle": 90,
    "Objects": [
        "cabinet"
    ]
}{
    "Place": 1,
    "Angle": 180,
    "Objects": [
        "bowl",
        "basketball",
        "bed",
        "teddybear"
    ]
} {
    "Place": 7,
    "Angle": 0,
    "Objects": [
        "doorway",
        "wall"
    ]
}{
    "Place": 7,
    "Angle": 90,
    "Objects": [
        "bed",
        "wall"
    ]
}{
    "Place": 7,
    "Angle": 180,
    "Objects": [
        "doorway"
    ]
}{
    "Place": 7,
    "Angle": 270,
    "Objects": [
        "bed"
    ]
} {
    "Place": 2,
    "Angle": 90,
    "Objects": [
        "mirror",
        "doorway"
    ]
} {
    "Place": 3,
    "Angle": 0,
    "Objects": [
        "desklamp",
        "chair",
        "sofa",
        "floor"
    ]
} {
    "Place": 4,
    "Angle": 90,
    "Objects": [
        "fridge"
    ]
}{
    "Place": 4,
    "Angle": 180,
    "Objects": [
        "marble floor"
    ]
}{
    "Place": 4,
    "Angle": 270,
    "Objects": [
        "rug"
    ]
} {
    "Place": 5,
    "Angle": 0,
    "Objects": [
        "sofa",
        "doorway",
        "tv"
    ]
}{
    "Place": 5,
    "Angle": 90,
    "Objects": [
        "refrigerator"
    ]
}{
    "Place": 5,
    "Angle": 180,
    "Objects": [
        "table"
    ]
} {
    "Place": 6,
    "Angle": 0,
    "Objects": [
        "crack"
    ]
}{
    "Place": 6,
    "Angle": 180,
    "Objects": [
        "window",
        "floor",
        "bed",
        "doorway"
    ]
}{
    "Place": 6,
    "Angle": 270,
    "Objects": [
        "tv"
    ]
} {
    "Place": 8,
    "Angle": 180,
    "Objects": [
        "window",
        "bed",
        "picture"
    ]
}{
    "Place": 8,
    "Angle": 270,
    "Objects": [
        "bed"
    ]
} {
    "Place": 11,
    "Angle": 90,
    "Objects": [
        "golden statue",
        "mug",
        "painting",
        "mountain view"
    ]
}{
    "Place": 11,
    "Angle": 180,
    "Objects": [
        "doorway"
    ]
}{
    "Place": 11,
    "Angle": 270,
    "Objects": [
        "remote control",
        "remote"
    ]
} {
    "Place": 12,
    "Angle": 0,
    "Objects": [
        "laptop",
        "sofa"
    ]
}{
    "Place": 12,
    "Angle": 90,
    "Objects": [
        "floorlamp",
        "chair",
        "picture frame",
        "doorway"
    ]
}{
    "Place": 12,
    "Angle": 180,
    "Objects": [
        "wall",
        "clouds"
    ]
}{
    "Place": 12,
    "Angle": 270,
    "Objects": [
        "lamp",
        "window",
        "statue",
        "box"
    ]
} {
    "Place": 10,
    "Angle": 90,
    "Objects": [
        "window",
        "bed",
        "painting",
        "floor"
    ]
}{
    "Place": 10,
    "Angle": 180,
    "Objects": [
        "box"
    ]
} {
    "Place": 9,
    "Angle": 0,
    "Objects": [
        "doorway",
        "tv"
    ]
}{
    "Place": 9,
    "Angle": 90,
    "Objects": [
        "pot",
        "book"
    ]
}{
    "Place": 9,
    "Angle": 180,
    "Objects": [
        "basketball",
        "teddy bear",
        "laptop"
    ]
}{
    "Place": 9,
    "Angle": 270,
    "Objects": [
        "doorway"
    ]
}
[Debug] resolver candidates place=0: exact=1 relaxed_or_synthesized=2
[Debug] resolver candidates place=2: exact=0 relaxed_or_synthesized=2
[Debug] resolver candidates place=4: exact=1 relaxed_or_synthesized=3
[Debug] resolver candidates place=5: exact=2 relaxed_or_synthesized=1
[Debug] allowed planner objects: ['doorway', 'statue', 'laptop', 'chair', 'sofa', 'floorlamp']
[Debug] allowed planner objects by place: {0: [], 2: [], 3: [], 4: [], 5: [], 8: [], 11: [], 12: ['doorway', 'statue', 'sofa', 'floorlamp', 'chair', 'laptop']}
The above is a description of different places in different angles in the environment.Your can get to any place described in the json data. Your goal is to find the sink. Based on the above json data, please choose one specific object to travel to as your target. If your goal is already in the description, please choose it as the target. You must choose an object only from this allowed list: doorway, statue, laptop, chair, sofa, floorlamp. Do not output any object name that is not in the allowed list. Valid choosable objects by place are: Place 12: doorway, statue, sofa, floorlamp, chair, laptop. The Objects field must contain exactly one object from the chosen place list.Note that you can travel to door or door frame to other spaces if there are no clear evidence to choose the target.  Return exactly one JSON object by referring to the following template.
            {"Place": x, "Angle": x, "Objects": ["xxxx"] }
            If your goal is already in the description, please choose it as the target. You should not output any explanation, markdown, prose, examples, or extra text before or after the JSON. Note that your should choose only one object in one angle of one place in the json data as the target.
{"Place": 12, "Angle": 0, "Objects": ["floorlamp"]}
[Timing] planning mode=kv elapsed=1.609s
{"Place": 12, "Angle": 0, "Objects": ["floorlamp"]}
[Debug] planner selected: place=12, angle=0, objects=['floorlamp']
last_key:['Place 0', 'Place 0', 'Place 2', 'Place 3', 'Place 4', 'Place 5', 'Place 1', 'Place 6', 'Place 0', 'Place 2', 'Place 8', 'Place 11']
[Debug] allowed_targets_by_place[12] candidates: [('doorway', 90, 51, 1.0, 'doorway', array([ 4.2218037,  1.0651137, 13.092493 ], dtype=float32)), ('statue', 270, 177, 1.0, 'statue', array([ 0.36127257,  1.121511  , 12.807315  ], dtype=float32)), ('sofa', 0, 169, 1.0, 'sofa', array([ 1.3841084,  0.5854043, 15.653365 ], dtype=float32)), ('floorlamp', 90, 87, 0.7215485572814941, 'floorlamp', array([ 6.772998  ,  0.92870396, 16.610914  ], dtype=float32)), ('chair', 90, 4, 0.6756638288497925, 'chair', array([ 6.722503  ,  0.46114203, 17.567999  ], dtype=float32)), ('laptop', 0, 100, 0.6392437815666199, 'laptop', array([ 2.1133103,  0.5718113, 15.390911 ], dtype=float32))]
[Debug] resolved target tuple: ('floorlamp', 90, 87, 0.7215485572814941, 'floorlamp', array([ 6.772998  ,  0.92870396, 16.610914  ], dtype=float32)) from representative place 12
[Debug] resolved source place: 12 for representative place 12
12
final_goal:sink,sub_goal:floorlamp,place:12,trajectory: bed in Place 0.doorway in Place 0.painting in Place 2.floorlamp in Place 3.chair in Place 4.sofa in Place 5.dresser in Place 0.
sub_target_id:87
target:floorlamp
final_goal:sink
final_length:68.86283111572266
[Timing] pathfinder to-subgoal elapsed=2.966s found=True
[Debug] sub-goal visible on screen: label=floorlamp ratio=0.002561 bbox=44x152
[Debug] observation rotation: angle=0 pause=0.25s
[Debug] observation rotation: angle=90 pause=0.25s
[Debug] observation rotation: angle=180 pause=0.25s
[Debug] observation rotation: angle=270 pause=0.25s
[Debug] calling detection service: position_id=big+13+13 angle=0 prompt='sink . window . sofa .'
Setting `pad_token_id` to `eos_token_id`:151645 for open-end generation.
Setting `pad_token_id` to `eos_token_id`:151645 for open-end generation.
Setting `pad_token_id` to `eos_token_id`:151645 for open-end generation.
Setting `pad_token_id` to `eos_token_id`:151645 for open-end generation.
[Debug] received detection service result: position_id=big+13+13 angle=0
[Debug] calling detection service: position_id=big+13+13 angle=90 prompt='sink . lamp . chair .'
[Debug] received detection service result: position_id=big+13+13 angle=90
[Debug] calling detection service: position_id=big+13+13 angle=180 prompt='sink . doorway . sofa .'
[Debug] received detection service result: position_id=big+13+13 angle=180
[Debug] calling detection service: position_id=big+13+13 angle=270 prompt='sink . table . tv . window .'
[Debug] received detection service result: position_id=big+13+13 angle=270
[Debug] box_info_list_sum: [[{'label': 'window', 'box': [0, 385, 192, 693]}, {'label': 'sofa', 'box': [499, 753, 1022, 1022]}], [{'label': 'lamp', 'box': [34, 83, 673, 1018]}], [{'label': 'sofa', 'box': [778, 548, 898, 639]}], [{'label': 'tv', 'box': [96, 411, 188, 490]}, {'label': 'table', 'box': [159, 561, 276, 656]}, {'label': 'window', 'box': [473, 368, 644, 680]}]]
window
tv
floor
window
[Debug] max_similar_objs_list: [[('window', 0, 275, 1.0, 'window', array([ 4.776143 ,  1.4992814, 18.092999 ], dtype=float32))], [('tv', 270, 185, 1.0, 'tv', array([ 0.9187845,  2.114401 , 12.708454 ], dtype=float32))], [('floor', 270, 84, 0.6794582009315491, 'floor', array([3.6185, 0.    , 9.0465], dtype=float32))], [('window', 270, 276, 1.0, 'window', array([ 3.619    ,  1.4987931, 16.727701 ], dtype=float32))]]
[Debug] empty_position: []
 {
    "Place": 0,
    "Angle": 0,
    "Objects": [
        "doorway",
        "wall",
        "ceiling"
    ]
}{
    "Place": 0,
    "Angle": 180,
    "Objects": [
        "tree",
        "window"
    ]
} {
    "Place": 1,
    "Angle": 0,
    "Objects": [
        "tv"
    ]
}{
    "Place": 1,
    "Angle": 90,
    "Objects": [
        "cabinet"
    ]
}{
    "Place": 1,
    "Angle": 180,
    "Objects": [
        "bowl",
        "basketball",
        "bed",
        "teddybear"
    ]
} {
    "Place": 7,
    "Angle": 0,
    "Objects": [
        "doorway",
        "wall"
    ]
}{
    "Place": 7,
    "Angle": 90,
    "Objects": [
        "bed",
        "wall"
    ]
}{
    "Place": 7,
    "Angle": 180,
    "Objects": [
        "doorway"
    ]
}{
    "Place": 7,
    "Angle": 270,
    "Objects": [
        "bed"
    ]
} {
    "Place": 2,
    "Angle": 90,
    "Objects": [
        "mirror",
        "doorway"
    ]
} {
    "Place": 3,
    "Angle": 0,
    "Objects": [
        "desklamp",
        "chair",
        "sofa",
        "floor"
    ]
} {
    "Place": 4,
    "Angle": 90,
    "Objects": [
        "fridge"
    ]
}{
    "Place": 4,
    "Angle": 180,
    "Objects": [
        "marble floor"
    ]
}{
    "Place": 4,
    "Angle": 270,
    "Objects": [
        "rug"
    ]
} {
    "Place": 5,
    "Angle": 0,
    "Objects": [
        "sofa",
        "doorway",
        "tv"
    ]
}{
    "Place": 5,
    "Angle": 90,
    "Objects": [
        "refrigerator"
    ]
}{
    "Place": 5,
    "Angle": 180,
    "Objects": [
        "table"
    ]
} {
    "Place": 6,
    "Angle": 0,
    "Objects": [
        "crack"
    ]
}{
    "Place": 6,
    "Angle": 180,
    "Objects": [
        "window",
        "floor",
        "bed",
        "doorway"
    ]
}{
    "Place": 6,
    "Angle": 270,
    "Objects": [
        "tv"
    ]
} {
    "Place": 8,
    "Angle": 180,
    "Objects": [
        "window",
        "bed",
        "picture"
    ]
}{
    "Place": 8,
    "Angle": 270,
    "Objects": [
        "bed"
    ]
} {
    "Place": 11,
    "Angle": 90,
    "Objects": [
        "golden statue",
        "mug",
        "painting",
        "mountain view"
    ]
}{
    "Place": 11,
    "Angle": 180,
    "Objects": [
        "doorway"
    ]
}{
    "Place": 11,
    "Angle": 270,
    "Objects": [
        "remote control",
        "remote"
    ]
} {
    "Place": 12,
    "Angle": 0,
    "Objects": [
        "laptop",
        "sofa"
    ]
}{
    "Place": 12,
    "Angle": 180,
    "Objects": [
        "wall",
        "clouds"
    ]
}{
    "Place": 12,
    "Angle": 270,
    "Objects": [
        "lamp",
        "window",
        "statue",
        "box"
    ]
} {
    "Place": 13,
    "Angle": 0,
    "Objects": [
        "window"
    ]
}{
    "Place": 13,
    "Angle": 90,
    "Objects": [
        "chair"
    ]
}{
    "Place": 13,
    "Angle": 180,
    "Objects": [
        "doorway"
    ]
}{
    "Place": 13,
    "Angle": 270,
    "Objects": [
        "sofa",
        "window",
        "tv",
        "floor"
    ]
} {
    "Place": 10,
    "Angle": 90,
    "Objects": [
        "window",
        "bed",
        "painting",
        "floor"
    ]
}{
    "Place": 10,
    "Angle": 180,
    "Objects": [
        "box"
    ]
} {
    "Place": 9,
    "Angle": 0,
    "Objects": [
        "doorway",
        "tv"
    ]
}{
    "Place": 9,
    "Angle": 90,
    "Objects": [
        "pot",
        "book"
    ]
}{
    "Place": 9,
    "Angle": 180,
    "Objects": [
        "basketball",
        "teddy bear",
        "laptop"
    ]
}{
    "Place": 9,
    "Angle": 270,
    "Objects": [
        "doorway"
    ]
}
[Debug] resolver candidates place=0: exact=1 relaxed_or_synthesized=2
[Debug] resolver candidates place=2: exact=0 relaxed_or_synthesized=2
[Debug] resolver candidates place=4: exact=1 relaxed_or_synthesized=3
[Debug] resolver candidates place=5: exact=2 relaxed_or_synthesized=1
[Debug] resolver candidates place=12: exact=3 relaxed_or_synthesized=2
[Debug] allowed planner objects: ['doorway']
[Debug] allowed planner objects by place: {0: [], 2: ['doorway'], 3: [], 4: [], 5: ['doorway'], 8: [], 11: [], 12: ['doorway']}
[Debug] bypassing planner because only one target is allowed: {"Place": 2, "Angle": 180, "Objects": ["doorway"]}
{"Place": 2, "Angle": 180, "Objects": ["doorway"]}
[Debug] planner selected: place=2, angle=180, objects=['doorway']
last_key:['Place 0', 'Place 0', 'Place 2', 'Place 3', 'Place 4', 'Place 5', 'Place 1', 'Place 6', 'Place 0', 'Place 2', 'Place 8', 'Place 11', 'Place 12']
[Debug] allowed_targets_by_place[2] candidates: [('doorway', 180, 52, 1.0, 'doorway', array([5.0042787, 1.0524567, 4.8618717], dtype=float32)), ('window', 180, 274, 1.0, 'window', array([4.178829, 1.499283, 3.619   ], dtype=float32)), ('tv', 270, 182, 1.0, 'tv', array([0.3267582, 1.1777064, 8.394324 ], dtype=float32)), ('bed', 180, 8, 1.0, 'bed', array([1.2307636, 0.6772912, 4.6796055], dtype=float32)), ('window', 180, 273, 1.0, 'window', array([9.696945, 1.5     , 3.619   ], dtype=float32)), ('box', 180, 20, 1.0, 'box', array([7.490234  , 0.13906023, 3.8793082 ], dtype=float32))]
[Debug] resolved target tuple: ('doorway', 180, 52, 1.0, 'doorway', array([5.0042787, 1.0524567, 4.8618717], dtype=float32)) from representative place 2
[Debug] resolved source place: 6 for representative place 2
2
final_goal:sink,sub_goal:doorway,place:2,trajectory: bed in Place 0.doorway in Place 0.painting in Place 2.floorlamp in Place 3.chair in Place 4.sofa in Place 5.dresser in Place 0.
sub_target_id:52
target:doorway
final_goal:sink
final_length:75.76969146728516
[Timing] pathfinder to-subgoal elapsed=1.776s found=True
[Debug] sub-goal visible on screen: label=doorway ratio=0.027156 bbox=203x251
Agent is within 1m of the target. Stopping.
[Debug] observation rotation: angle=0 pause=0.25s
[Debug] observation rotation: angle=90 pause=0.25s
[Debug] observation rotation: angle=180 pause=0.25s
[Debug] observation rotation: angle=270 pause=0.25s
[Debug] calling detection service: position_id=big+14+14 angle=0 prompt='sink . doorway . wall .'
[Debug] received detection service result: position_id=big+14+14 angle=0
[Debug] calling detection service: position_id=big+14+14 angle=90 prompt='sink . toilet . washing machine . trash can .'
[Debug] received detection service result: position_id=big+14+14 angle=90
[Debug] calling detection service: position_id=big+14+14 angle=180 prompt='sink . doorway . window .'
[Debug] received detection service result: position_id=big+14+14 angle=180
[Debug] calling detection service: position_id=big+14+14 angle=270 prompt='sink . tv . bed . tv stand .'
[Debug] received detection service result: position_id=big+14+14 angle=270
Setting `pad_token_id` to `eos_token_id`:151645 for open-end generation.
Setting `pad_token_id` to `eos_token_id`:151645 for open-end generation.
Setting `pad_token_id` to `eos_token_id`:151645 for open-end generation.
Setting `pad_token_id` to `eos_token_id`:151645 for open-end generation.
[Debug] box_info_list_sum: [[], [{'label': 'toilet', 'box': [609, 639, 847, 906]}, {'label': 'washing machine', 'box': [300, 602, 497, 958]}], [{'label': 'doorway', 'box': [174, 285, 632, 1021]}], [{'label': 'tv', 'box': [834, 507, 987, 605]}, {'label': 'tv stand', 'box': [813, 600, 1008, 708]}]]
toilet
clothesdryer
tv
[Debug] max_similar_objs_list: [[('toilet', 90, 191, 1.0, 'toilet', array([6.942147 , 0.4727595, 4.075205 ], dtype=float32))], [('clothesdryer', 90, 32, 0.6036995649337769, 'clothesdryer', array([6.872533  , 0.57159597, 5.4122915 ], dtype=float32))], [('tv', 270, 198, 0.8397394418716431, 'tv', array([0.32674527, 0.37626496, 8.394321  ], dtype=float32))]]
[Debug] empty_position: []
 {
    "Place": 0,
    "Angle": 0,
    "Objects": [
        "doorway",
        "wall",
        "ceiling"
    ]
}{
    "Place": 0,
    "Angle": 180,
    "Objects": [
        "tree",
        "window"
    ]
} {
    "Place": 1,
    "Angle": 0,
    "Objects": [
        "tv"
    ]
}{
    "Place": 1,
    "Angle": 90,
    "Objects": [
        "cabinet"
    ]
}{
    "Place": 1,
    "Angle": 180,
    "Objects": [
        "bowl",
        "basketball",
        "bed",
        "teddybear"
    ]
} {
    "Place": 7,
    "Angle": 0,
    "Objects": [
        "doorway",
        "wall"
    ]
}{
    "Place": 7,
    "Angle": 90,
    "Objects": [
        "bed",
        "wall"
    ]
}{
    "Place": 7,
    "Angle": 180,
    "Objects": [
        "doorway"
    ]
}{
    "Place": 7,
    "Angle": 270,
    "Objects": [
        "bed"
    ]
} {
    "Place": 2,
    "Angle": 90,
    "Objects": [
        "mirror",
        "doorway"
    ]
} {
    "Place": 3,
    "Angle": 0,
    "Objects": [
        "desklamp",
        "chair",
        "sofa",
        "floor"
    ]
} {
    "Place": 4,
    "Angle": 90,
    "Objects": [
        "fridge"
    ]
}{
    "Place": 4,
    "Angle": 180,
    "Objects": [
        "marble floor"
    ]
}{
    "Place": 4,
    "Angle": 270,
    "Objects": [
        "rug"
    ]
} {
    "Place": 5,
    "Angle": 0,
    "Objects": [
        "sofa",
        "doorway",
        "tv"
    ]
}{
    "Place": 5,
    "Angle": 90,
    "Objects": [
        "refrigerator"
    ]
}{
    "Place": 5,
    "Angle": 180,
    "Objects": [
        "table"
    ]
} {
    "Place": 6,
    "Angle": 0,
    "Objects": [
        "crack"
    ]
}{
    "Place": 6,
    "Angle": 270,
    "Objects": [
        "tv"
    ]
} {
    "Place": 8,
    "Angle": 180,
    "Objects": [
        "window",
        "bed",
        "picture"
    ]
}{
    "Place": 8,
    "Angle": 270,
    "Objects": [
        "bed"
    ]
} {
    "Place": 11,
    "Angle": 90,
    "Objects": [
        "golden statue",
        "mug",
        "painting",
        "mountain view"
    ]
}{
    "Place": 11,
    "Angle": 180,
    "Objects": [
        "doorway"
    ]
}{
    "Place": 11,
    "Angle": 270,
    "Objects": [
        "remote control",
        "remote"
    ]
} {
    "Place": 12,
    "Angle": 0,
    "Objects": [
        "laptop",
        "sofa"
    ]
}{
    "Place": 12,
    "Angle": 180,
    "Objects": [
        "wall",
        "clouds"
    ]
}{
    "Place": 12,
    "Angle": 270,
    "Objects": [
        "lamp",
        "window",
        "statue",
        "box"
    ]
} {
    "Place": 13,
    "Angle": 0,
    "Objects": [
        "window"
    ]
}{
    "Place": 13,
    "Angle": 90,
    "Objects": [
        "chair"
    ]
}{
    "Place": 13,
    "Angle": 180,
    "Objects": [
        "doorway"
    ]
}{
    "Place": 13,
    "Angle": 270,
    "Objects": [
        "sofa",
        "window",
        "tv",
        "floor"
    ]
} {
    "Place": 14,
    "Angle": 0,
    "Objects": [
        "doorway",
        "wall"
    ]
}{
    "Place": 14,
    "Angle": 90,
    "Objects": [
        "toilet",
        "clothesdryer",
        "trash can"
    ]
}{
    "Place": 14,
    "Angle": 180,
    "Objects": [
        "window"
    ]
}{
    "Place": 14,
    "Angle": 270,
    "Objects": [
        "tv",
        "bed",
        "television set"
    ]
} {
    "Place": 10,
    "Angle": 90,
    "Objects": [
        "window",
        "bed",
        "painting",
        "floor"
    ]
}{
    "Place": 10,
    "Angle": 180,
    "Objects": [
        "box"
    ]
} {
    "Place": 9,
    "Angle": 0,
    "Objects": [
        "doorway",
        "tv"
    ]
}{
    "Place": 9,
    "Angle": 90,
    "Objects": [
        "pot",
        "book"
    ]
}{
    "Place": 9,
    "Angle": 180,
    "Objects": [
        "basketball",
        "teddy bear",
        "laptop"
    ]
}{
    "Place": 9,
    "Angle": 270,
    "Objects": [
        "doorway"
    ]
}
[Debug] resolver candidates place=0: exact=1 relaxed_or_synthesized=2
[Debug] resolver candidates place=2: exact=0 relaxed_or_synthesized=2
[Debug] resolver candidates place=4: exact=1 relaxed_or_synthesized=3
[Debug] resolver candidates place=5: exact=2 relaxed_or_synthesized=1
[Debug] resolver candidates place=6: exact=1 relaxed_or_synthesized=2
[Debug] resolver candidates place=12: exact=3 relaxed_or_synthesized=2
[Debug] allowed planner objects: ['toilet', 'tv', 'clothesdryer']
[Debug] allowed planner objects by place: {0: [], 2: [], 3: [], 4: [], 5: [], 8: [], 11: [], 12: [], 14: ['toilet', 'tv', 'clothesdryer']}
The above is a description of different places in different angles in the environment.Your can get to any place described in the json data. Your goal is to find the sink. Based on the above json data, please choose one specific object to travel to as your target. If your goal is already in the description, please choose it as the target. You must choose an object only from this allowed list: toilet, tv, clothesdryer. Do not output any object name that is not in the allowed list. Valid choosable objects by place are: Place 14: toilet, tv, clothesdryer. The Objects field must contain exactly one object from the chosen place list.Note that you can travel to door or door frame to other spaces if there are no clear evidence to choose the target.  Return exactly one JSON object by referring to the following template.
            {"Place": x, "Angle": x, "Objects": ["xxxx"] }
            If your goal is already in the description, please choose it as the target. You should not output any explanation, markdown, prose, examples, or extra text before or after the JSON. Note that your should choose only one object in one angle of one place in the json data as the target.
{"Place": 14, "Angle": 90, "Objects": ["tv"]}
[Timing] planning mode=kv elapsed=1.615s
{"Place": 14, "Angle": 90, "Objects": ["tv"]}
[Debug] planner selected: place=14, angle=90, objects=['tv']
last_key:['Place 0', 'Place 0', 'Place 2', 'Place 3', 'Place 4', 'Place 5', 'Place 1', 'Place 6', 'Place 0', 'Place 2', 'Place 8', 'Place 11', 'Place 12', 'Place 6']
[Debug] allowed_targets_by_place[14] candidates: [('toilet', 90, 191, 1.0, 'toilet', array([6.942147 , 0.4727595, 4.075205 ], dtype=float32)), ('tv', 270, 198, 0.8397394418716431, 'tv', array([0.32674527, 0.37626496, 8.394321  ], dtype=float32)), ('clothesdryer', 90, 32, 0.6036995649337769, 'clothesdryer', array([6.872533  , 0.57159597, 5.4122915 ], dtype=float32))]
[Debug] resolved target tuple: ('tv', 270, 198, 0.8397394418716431, 'tv', array([0.32674527, 0.37626496, 8.394321  ], dtype=float32)) from representative place 14
[Debug] resolved source place: 14 for representative place 14
14
final_goal:sink,sub_goal:tv,place:14,trajectory: bed in Place 0.doorway in Place 0.painting in Place 2.floorlamp in Place 3.chair in Place 4.sofa in Place 5.dresser in Place 0.tv in Place 14.
sub_target_id:198
target:tv
final_goal:sink
final_length:80.96943664550781
[Timing] pathfinder to-subgoal elapsed=2.265s found=True
[Debug] sub-goal visible on screen: label=tv ratio=0.004036 bbox=130x101
[Debug] observation rotation: angle=0 pause=0.25s
[Debug] observation rotation: angle=90 pause=0.25s
[Debug] observation rotation: angle=180 pause=0.25s
[Debug] observation rotation: angle=270 pause=0.25s
[Debug] calling detection service: position_id=big+15+15 angle=0 prompt='sink . crack .'
[Debug] received detection service result: position_id=big+15+15 angle=0
Setting `pad_token_id` to `eos_token_id`:151645 for open-end generation.
Setting `pad_token_id` to `eos_token_id`:151645 for open-end generation.
Setting `pad_token_id` to `eos_token_id`:151645 for open-end generation.
Setting `pad_token_id` to `eos_token_id`:151645 for open-end generation.
[Debug] calling detection service: position_id=big+15+15 angle=90 prompt='sink . doorway . dresser .'
[Debug] received detection service result: position_id=big+15+15 angle=90
[Debug] calling detection service: position_id=big+15+15 angle=180 prompt='sink . doorway . window . refrigerator .'
[Debug] received detection service result: position_id=big+15+15 angle=180
[Debug] calling detection service: position_id=big+15+15 angle=270 prompt='sink . tv . wall .'
[Debug] received detection service result: position_id=big+15+15 angle=270
[Debug] box_info_list_sum: [[], [{'label': 'dresser', 'box': [613, 579, 842, 725]}, {'label': 'doorway', 'box': [362, 368, 614, 941]}], [{'label': 'window', 'box': [111, 451, 244, 587]}, {'label': 'doorway', 'box': [8, 460, 119, 690]}], [{'label': 'tv', 'box': [0, 489, 967, 1022]}, {'label': 'wall', 'box': [0, 0, 1022, 1021]}]]
wall
[Debug] max_similar_objs_list: [[('wall', 270, 259, 1.0, 'wall', array([0.       , 1.775805 , 4.5229993], dtype=float32))]]
[Debug] empty_position: [1]
 {
    "Place": 0,
    "Angle": 0,
    "Objects": [
        "doorway",
        "wall",
        "ceiling"
    ]
}{
    "Place": 0,
    "Angle": 180,
    "Objects": [
        "tree",
        "window"
    ]
} {
    "Place": 1,
    "Angle": 0,
    "Objects": [
        "tv"
    ]
}{
    "Place": 1,
    "Angle": 90,
    "Objects": [
        "cabinet"
    ]
}{
    "Place": 1,
    "Angle": 180,
    "Objects": [
        "bowl",
        "basketball",
        "bed",
        "teddybear"
    ]
} {
    "Place": 7,
    "Angle": 0,
    "Objects": [
        "doorway",
        "wall"
    ]
}{
    "Place": 7,
    "Angle": 90,
    "Objects": [
        "bed",
        "wall"
    ]
}{
    "Place": 7,
    "Angle": 180,
    "Objects": [
        "doorway"
    ]
}{
    "Place": 7,
    "Angle": 270,
    "Objects": [
        "bed"
    ]
} {
    "Place": 2,
    "Angle": 90,
    "Objects": [
        "mirror",
        "doorway"
    ]
} {
    "Place": 3,
    "Angle": 0,
    "Objects": [
        "desklamp",
        "chair",
        "sofa",
        "floor"
    ]
} {
    "Place": 4,
    "Angle": 90,
    "Objects": [
        "fridge"
    ]
}{
    "Place": 4,
    "Angle": 180,
    "Objects": [
        "marble floor"
    ]
}{
    "Place": 4,
    "Angle": 270,
    "Objects": [
        "rug"
    ]
} {
    "Place": 5,
    "Angle": 0,
    "Objects": [
        "sofa",
        "doorway",
        "tv"
    ]
}{
    "Place": 5,
    "Angle": 90,
    "Objects": [
        "refrigerator"
    ]
}{
    "Place": 5,
    "Angle": 180,
    "Objects": [
        "table"
    ]
} {
    "Place": 6,
    "Angle": 0,
    "Objects": [
        "crack"
    ]
}{
    "Place": 6,
    "Angle": 270,
    "Objects": [
        "tv"
    ]
} {
    "Place": 8,
    "Angle": 180,
    "Objects": [
        "window",
        "bed",
        "picture"
    ]
}{
    "Place": 8,
    "Angle": 270,
    "Objects": [
        "bed"
    ]
} {
    "Place": 11,
    "Angle": 90,
    "Objects": [
        "golden statue",
        "mug",
        "painting",
        "mountain view"
    ]
}{
    "Place": 11,
    "Angle": 180,
    "Objects": [
        "doorway"
    ]
}{
    "Place": 11,
    "Angle": 270,
    "Objects": [
        "remote control",
        "remote"
    ]
} {
    "Place": 12,
    "Angle": 0,
    "Objects": [
        "laptop",
        "sofa"
    ]
}{
    "Place": 12,
    "Angle": 180,
    "Objects": [
        "wall",
        "clouds"
    ]
}{
    "Place": 12,
    "Angle": 270,
    "Objects": [
        "lamp",
        "window",
        "statue",
        "box"
    ]
} {
    "Place": 13,
    "Angle": 0,
    "Objects": [
        "window"
    ]
}{
    "Place": 13,
    "Angle": 90,
    "Objects": [
        "chair"
    ]
}{
    "Place": 13,
    "Angle": 180,
    "Objects": [
        "doorway"
    ]
}{
    "Place": 13,
    "Angle": 270,
    "Objects": [
        "sofa",
        "window",
        "tv",
        "floor"
    ]
} {
    "Place": 14,
    "Angle": 0,
    "Objects": [
        "doorway",
        "wall"
    ]
}{
    "Place": 14,
    "Angle": 90,
    "Objects": [
        "toilet",
        "clothesdryer",
        "trash can"
    ]
}{
    "Place": 14,
    "Angle": 180,
    "Objects": [
        "window"
    ]
} {
    "Place": 15,
    "Angle": 0,
    "Objects": [
        "crack"
    ]
}{
    "Place": 15,
    "Angle": 90,
    "Objects": [
        "doorway"
    ]
}{
    "Place": 15,
    "Angle": 180,
    "Objects": [
        "bed",
        "refrigerator"
    ]
} {
    "Place": 10,
    "Angle": 90,
    "Objects": [
        "window",
        "bed",
        "painting",
        "floor"
    ]
}{
    "Place": 10,
    "Angle": 180,
    "Objects": [
        "box"
    ]
} {
    "Place": 9,
    "Angle": 0,
    "Objects": [
        "doorway",
        "tv"
    ]
}{
    "Place": 9,
    "Angle": 90,
    "Objects": [
        "pot",
        "book"
    ]
}{
    "Place": 9,
    "Angle": 180,
    "Objects": [
        "basketball",
        "teddy bear",
        "laptop"
    ]
}{
    "Place": 9,
    "Angle": 270,
    "Objects": [
        "doorway"
    ]
}
[Debug] resolver candidates place=0: exact=1 relaxed_or_synthesized=2
[Debug] resolver candidates place=2: exact=0 relaxed_or_synthesized=2
[Debug] resolver candidates place=4: exact=1 relaxed_or_synthesized=3
[Debug] resolver candidates place=5: exact=2 relaxed_or_synthesized=1
[Debug] resolver candidates place=6: exact=1 relaxed_or_synthesized=2
[Debug] resolver candidates place=12: exact=3 relaxed_or_synthesized=2
[Debug] allowed planner objects: ['doorway']
[Debug] allowed planner objects by place: {0: [], 2: ['doorway'], 3: [], 4: [], 5: ['doorway'], 8: [], 11: [], 12: ['doorway'], 14: []}
[Debug] bypassing planner because only one target is allowed: {"Place": 2, "Angle": 90, "Objects": ["doorway"]}
{"Place": 2, "Angle": 90, "Objects": ["doorway"]}
[Debug] planner selected: place=2, angle=90, objects=['doorway']
last_key:['Place 0', 'Place 0', 'Place 2', 'Place 3', 'Place 4', 'Place 5', 'Place 1', 'Place 6', 'Place 0', 'Place 2', 'Place 8', 'Place 11', 'Place 12', 'Place 6', 'Place 14']
[Debug] allowed_targets_by_place[2] candidates: [('tv', 270, 182, 1.0, 'tv', array([0.3267582, 1.1777064, 8.394324 ], dtype=float32)), ('doorway', 90, 51, 0.5, 'doorway', array([ 4.2218037,  1.0651137, 13.092493 ], dtype=float32)), ('fridge', 180, 89, 0.5, 'fridge', array([13.946604 ,  0.9009697,  9.43228  ], dtype=float32)), ('window', 180, 273, 1.0, 'window', array([9.696945, 1.5     , 3.619   ], dtype=float32)), ('window', 180, 274, 1.0, 'window', array([4.178829, 1.499283, 3.619   ], dtype=float32)), ('box', 180, 20, 1.0, 'box', array([7.490234  , 0.13906023, 3.8793082 ], dtype=float32)), ('bed', 180, 8, 1.0, 'bed', array([1.2307636, 0.6772912, 4.6796055], dtype=float32))]
[Debug] resolved target tuple: ('doorway', 90, 51, 0.5, 'doorway', array([ 4.2218037,  1.0651137, 13.092493 ], dtype=float32)) from representative place 2
[Debug] resolved source place: 12 for representative place 2
2
final_goal:sink,sub_goal:doorway,place:2,trajectory: bed in Place 0.doorway in Place 0.painting in Place 2.floorlamp in Place 3.chair in Place 4.sofa in Place 5.dresser in Place 0.tv in Place 14.
sub_target_id:51
target:doorway
final_goal:sink
final_length:86.16918182373047
[Timing] pathfinder to-subgoal elapsed=1.255s found=True
[Debug] sub-goal visible on screen: label=doorway ratio=0.099456 bbox=164x668
Agent is within 1m of the target. Stopping.
[Debug] observation rotation: angle=0 pause=0.25s
[Debug] observation rotation: angle=90 pause=0.25s
[Debug] observation rotation: angle=180 pause=0.25s
[Debug] observation rotation: angle=270 pause=0.25s
[Debug] calling detection service: position_id=big+16+16 angle=0 prompt='sink . picture . trash can . lamp .'
[Debug] received detection service result: position_id=big+16+16 angle=0
[Debug] calling detection service: position_id=big+16+16 angle=90 prompt='sink . table . doorway . sofa .'
[Debug] received detection service result: position_id=big+16+16 angle=90
[Debug] calling detection service: position_id=big+16+16 angle=180 prompt='sink . sofa . ottoman .'
[Debug] received detection service result: position_id=big+16+16 angle=180
[Debug] calling detection service: position_id=big+16+16 angle=270 prompt='sink . doorway . bed .'
[Debug] received detection service result: position_id=big+16+16 angle=270
[Debug] box_info_list_sum: [[{'label': 'picture', 'box': [329, 470, 647, 578]}, {'label': 'trash can', 'box': [472, 617, 525, 689]}, {'label': 'lamp', 'box': [881, 465, 991, 746]}], [{'label': 'sofa', 'box': [0, 639, 191, 852]}], [{'label': 'sofa', 'box': [711, 580, 1023, 771]}, {'label': 'ottoman', 'box': [519, 741, 715, 864]}], [{'label': 'bed', 'box': [762, 582, 1023, 953]}]]
painting
garbagecan
chair
[Debug] max_similar_objs_list: [[('painting', 0, 112, 0.7150622606277466, 'painting', array([ 3.262082,  1.432079, 16.26313 ], dtype=float32))], [('garbagecan', 0, 93, 0.6201915740966797, 'garbagecan', array([ 3.8793857 ,  0.28904095, 17.882778  ], dtype=float32))], [('chair', 90, 5, 0.6756638288497925, 'chair', array([ 6.7583027 ,  0.41023543, 15.664274  ], dtype=float32))]]
[Debug] empty_position: [2]
 {
    "Place": 0,
    "Angle": 0,
    "Objects": [
        "doorway",
        "wall",
        "ceiling"
    ]
}{
    "Place": 0,
    "Angle": 180,
    "Objects": [
        "tree",
        "window"
    ]
} {
    "Place": 1,
    "Angle": 0,
    "Objects": [
        "tv"
    ]
}{
    "Place": 1,
    "Angle": 90,
    "Objects": [
        "cabinet"
    ]
}{
    "Place": 1,
    "Angle": 180,
    "Objects": [
        "bowl",
        "basketball",
        "bed",
        "teddybear"
    ]
} {
    "Place": 7,
    "Angle": 0,
    "Objects": [
        "doorway",
        "wall"
    ]
}{
    "Place": 7,
    "Angle": 90,
    "Objects": [
        "bed",
        "wall"
    ]
}{
    "Place": 7,
    "Angle": 180,
    "Objects": [
        "doorway"
    ]
}{
    "Place": 7,
    "Angle": 270,
    "Objects": [
        "bed"
    ]
} {
    "Place": 2,
    "Angle": 90,
    "Objects": [
        "mirror",
        "doorway"
    ]
} {
    "Place": 3,
    "Angle": 0,
    "Objects": [
        "desklamp",
        "chair",
        "sofa",
        "floor"
    ]
} {
    "Place": 4,
    "Angle": 90,
    "Objects": [
        "fridge"
    ]
}{
    "Place": 4,
    "Angle": 180,
    "Objects": [
        "marble floor"
    ]
}{
    "Place": 4,
    "Angle": 270,
    "Objects": [
        "rug"
    ]
} {
    "Place": 5,
    "Angle": 0,
    "Objects": [
        "sofa",
        "doorway",
        "tv"
    ]
}{
    "Place": 5,
    "Angle": 90,
    "Objects": [
        "refrigerator"
    ]
}{
    "Place": 5,
    "Angle": 180,
    "Objects": [
        "table"
    ]
} {
    "Place": 6,
    "Angle": 0,
    "Objects": [
        "crack"
    ]
}{
    "Place": 6,
    "Angle": 270,
    "Objects": [
        "tv"
    ]
} {
    "Place": 8,
    "Angle": 180,
    "Objects": [
        "window",
        "bed",
        "picture"
    ]
}{
    "Place": 8,
    "Angle": 270,
    "Objects": [
        "bed"
    ]
} {
    "Place": 11,
    "Angle": 90,
    "Objects": [
        "golden statue",
        "mug",
        "painting",
        "mountain view"
    ]
}{
    "Place": 11,
    "Angle": 180,
    "Objects": [
        "doorway"
    ]
}{
    "Place": 11,
    "Angle": 270,
    "Objects": [
        "remote control",
        "remote"
    ]
} {
    "Place": 12,
    "Angle": 0,
    "Objects": [
        "laptop",
        "sofa"
    ]
}{
    "Place": 12,
    "Angle": 180,
    "Objects": [
        "wall",
        "clouds"
    ]
}{
    "Place": 12,
    "Angle": 270,
    "Objects": [
        "lamp",
        "window",
        "statue",
        "box"
    ]
} {
    "Place": 13,
    "Angle": 0,
    "Objects": [
        "window"
    ]
}{
    "Place": 13,
    "Angle": 90,
    "Objects": [
        "chair"
    ]
}{
    "Place": 13,
    "Angle": 180,
    "Objects": [
        "doorway"
    ]
}{
    "Place": 13,
    "Angle": 270,
    "Objects": [
        "sofa",
        "window",
        "tv",
        "floor"
    ]
} {
    "Place": 16,
    "Angle": 0,
    "Objects": [
        "sofa",
        "painting",
        "garbagecan"
    ]
}{
    "Place": 16,
    "Angle": 90,
    "Objects": [
        "chair",
        "doorway",
        "table"
    ]
}{
    "Place": 16,
    "Angle": 180,
    "Objects": [
        "ottoman"
    ]
}{
    "Place": 16,
    "Angle": 270,
    "Objects": [
        "doorway"
    ]
} {
    "Place": 14,
    "Angle": 0,
    "Objects": [
        "doorway",
        "wall"
    ]
}{
    "Place": 14,
    "Angle": 90,
    "Objects": [
        "toilet",
        "clothesdryer",
        "trash can"
    ]
}{
    "Place": 14,
    "Angle": 180,
    "Objects": [
        "window"
    ]
} {
    "Place": 15,
    "Angle": 0,
    "Objects": [
        "crack"
    ]
}{
    "Place": 15,
    "Angle": 90,
    "Objects": [
        "doorway"
    ]
}{
    "Place": 15,
    "Angle": 180,
    "Objects": [
        "bed",
        "refrigerator"
    ]
} {
    "Place": 10,
    "Angle": 90,
    "Objects": [
        "window",
        "bed",
        "painting",
        "floor"
    ]
}{
    "Place": 10,
    "Angle": 180,
    "Objects": [
        "box"
    ]
} {
    "Place": 9,
    "Angle": 0,
    "Objects": [
        "doorway",
        "tv"
    ]
}{
    "Place": 9,
    "Angle": 90,
    "Objects": [
        "pot",
        "book"
    ]
}{
    "Place": 9,
    "Angle": 180,
    "Objects": [
        "basketball",
        "teddy bear",
        "laptop"
    ]
}{
    "Place": 9,
    "Angle": 270,
    "Objects": [
        "doorway"
    ]
}
[Debug] resolver candidates place=0: exact=1 relaxed_or_synthesized=2
[Debug] resolver candidates place=2: exact=0 relaxed_or_synthesized=2
[Debug] resolver candidates place=4: exact=1 relaxed_or_synthesized=3
[Debug] resolver candidates place=5: exact=2 relaxed_or_synthesized=1
[Debug] resolver candidates place=6: exact=1 relaxed_or_synthesized=2
[Debug] resolver candidates place=12: exact=3 relaxed_or_synthesized=1
[Debug] allowed planner objects: ['doorway']
[Debug] allowed planner objects by place: {0: [], 2: ['doorway'], 3: [], 4: [], 5: ['doorway'], 8: [], 11: [], 12: [], 14: []}
[Debug] bypassing planner because only one target is allowed: {"Place": 2, "Angle": 90, "Objects": ["doorway"]}
{"Place": 2, "Angle": 90, "Objects": ["doorway"]}
[Debug] planner selected: place=2, angle=90, objects=['doorway']
last_key:['Place 0', 'Place 0', 'Place 2', 'Place 3', 'Place 4', 'Place 5', 'Place 1', 'Place 6', 'Place 0', 'Place 2', 'Place 8', 'Place 11', 'Place 12', 'Place 6', 'Place 14', 'Place 12']
[Debug] allowed_targets_by_place[2] candidates: [('tv', 270, 182, 1.0, 'tv', array([0.3267582, 1.1777064, 8.394324 ], dtype=float32)), ('doorway', 90, 47, 0.5, 'doorway', array([6.804983 , 1.0459485, 8.431657 ], dtype=float32)), ('fridge', 180, 89, 0.5, 'fridge', array([13.946604 ,  0.9009697,  9.43228  ], dtype=float32)), ('window', 180, 273, 1.0, 'window', array([9.696945, 1.5     , 3.619   ], dtype=float32)), ('window', 180, 274, 1.0, 'window', array([4.178829, 1.499283, 3.619   ], dtype=float32)), ('box', 180, 20, 1.0, 'box', array([7.490234  , 0.13906023, 3.8793082 ], dtype=float32)), ('bed', 180, 8, 1.0, 'bed', array([1.2307636, 0.6772912, 4.6796055], dtype=float32))]
[Debug] resolved target tuple: ('doorway', 90, 47, 0.5, 'doorway', array([6.804983 , 1.0459485, 8.431657 ], dtype=float32)) from representative place 2
[Debug] resolved source place: 15 for representative place 2
2
final_goal:sink,sub_goal:doorway,place:2,trajectory: bed in Place 0.doorway in Place 0.painting in Place 2.floorlamp in Place 3.chair in Place 4.sofa in Place 5.dresser in Place 0.tv in Place 14.
sub_target_id:47
target:doorway
final_goal:sink
final_length:89.89405822753906
[Timing] pathfinder to-subgoal elapsed=5.627s found=True
[Debug] sub-goal visible on screen: label=doorway ratio=0.058867 bbox=176x448
[Debug] calling detection service: position_id=goal-visible-17-16-32 angle=45 prompt='sink .'
[Debug] received detection service result: position_id=goal-visible-17-16-32 angle=45
[Debug] final goal visible on screen: label=sink ratio=0.020288 semantic_bbox=193x260 rgb_bbox=194x91
[Debug] saved final goal bbox: tmp/navigation_images/final_goal_visible_step_32.png
[Debug] final goal detected; approaching GT coordinates before stopping
Setting `pad_token_id` to `eos_token_id`:151645 for open-end generation.
Setting `pad_token_id` to `eos_token_id`:151645 for open-end generation.
Setting `pad_token_id` to `eos_token_id`:151645 for open-end generation.
Setting `pad_token_id` to `eos_token_id`:151645 for open-end generation.
Setting `pad_token_id` to `eos_token_id`:151645 for open-end generation.
Setting `pad_token_id` to `eos_token_id`:151645 for open-end generation.
Setting `pad_token_id` to `eos_token_id`:151645 for open-end generation.
Setting `pad_token_id` to `eos_token_id`:151645 for open-end generation.
[Timing] pathfinder final-approach elapsed=2.186s found=True
[Debug] close enough to final goal coordinates: label=sink distance=1.379
[Timing] episode elapsed=645.643s sr=1 spl=0.0604 final_length=96.8009
[Timing] val_auto episode total elapsed=645.643s goal=sink sr=1 spl=0.0604 completed_eval_episodes=5/10
[Debug] episode success: final_goal=sink sr=1 spl=0.0604 final_length=96.8009
[Debug] selectable goal names count=55 sample=['basketball', 'bed', 'book', 'boots', 'bottle', 'bowl', 'box', 'cellphone', 'chair', 'countertop']
[Debug] requested EFFICIENTNAV_TARGET_OBJECT='sink' not found in current house; skipping house
[Debug] skipping house because no target object could be selected
[Debug] selectable goal names count=64 sample=['baseballbat', 'basketball', 'bed', 'book', 'bottle', 'bowl', 'box', 'bread', 'candle', 'cd']
[Debug] using requested target object=sink
[Debug] reachable_positions=960 candidate_objects_for_sink=1
[Debug] starting independent environment episode=1/1
[Debug] experiment setup: seed=7 goal_instance_index=random start_index=random start_rotation=270.0 start_point=(3.750, 0.901, 8.750)
[Timing] pathfinder goal-distance elapsed=3.231s found=True
real_distance:11.321067811865474
[Debug] observation rotation: angle=0 pause=0.25s
[Debug] observation rotation: angle=90 pause=0.25s
[Debug] observation rotation: angle=180 pause=0.25s
[Debug] observation rotation: angle=270 pause=0.25s
[Debug] calling detection service: position_id=big+0+0 angle=0 prompt='sink . table . paper .'
[Debug] received detection service result: position_id=big+0+0 angle=0
[Debug] calling detection service: position_id=big+0+0 angle=90 prompt='sink . desk . box .'
[Debug] received detection service result: position_id=big+0+0 angle=90
[Debug] calling detection service: position_id=big+0+0 angle=180 prompt='sink . table . mirror . bottle .'
[Debug] received detection service result: position_id=big+0+0 angle=180
[Debug] calling detection service: position_id=big+0+0 angle=270 prompt='sink . tv . window .'
[Debug] received detection service result: position_id=big+0+0 angle=270
[Debug] box_info_list_sum: [[{'label': 'table', 'box': [807, 824, 1023, 1023]}], [{'label': 'box', 'box': [0, 686, 142, 854]}, {'label': 'desk', 'box': [0, 695, 397, 1023]}], [{'label': 'bottle', 'box': [121, 546, 274, 584]}, {'label': 'mirror', 'box': [33, 410, 418, 821]}], [{'label': 'tv', 'box': [310, 555, 491, 684]}, {'label': 'window', 'box': [551, 457, 679, 586]}]]
diningtable
box
wall
floor
tv
window
[Debug] max_similar_objs_list: [[('diningtable', 0, 37, 0.6230829358100891, 'diningtable', array([5.2956924 , 0.37110275, 9.6889715 ], dtype=float32))], [('box', 90, 12, 1.0, 'box', array([5.103216 , 0.9039136, 9.93354  ], dtype=float32))], [('wall', 180, 140, 0.5774183869361877, 'wall', array([4.0549984, 1.9025515, 2.0274994], dtype=float32))], [('floor', 180, 53, 0.6122258901596069, 'floor', array([4.055, 0.   , 3.041], dtype=float32))], [('tv', 270, 127, 1.0, 'tv', array([0.2101106, 0.8611783, 7.997017 ], dtype=float32))], [('window', 270, 175, 1.0, 'window', array([-2.2351742e-08,  1.4992062e+00,  9.5028582e+00], dtype=float32))]]
[Debug] empty_position: []
 {
    "Place": 0,
    "Angle": 0,
    "Objects": [
        "paper",
        "diningtable"
    ]
}{
    "Place": 0,
    "Angle": 90,
    "Objects": [
        "box"
    ]
}{
    "Place": 0,
    "Angle": 180,
    "Objects": [
        "floor",
        "wall",
        "plant",
        "table"
    ]
}{
    "Place": 0,
    "Angle": 270,
    "Objects": [
        "window",
        "tv"
    ]
}
[Debug] allowed planner objects: ['window', 'box', 'tv', 'diningtable']
[Debug] allowed planner objects by place: {0: ['window', 'box', 'tv', 'diningtable']}
The above is a description of different places in different angles in the environment.Your can get to any place described in the json data. Your goal is to find the sink. Based on the above json data, please choose one specific object to travel to as your target. If your goal is already in the description, please choose it as the target. You must choose an object only from this allowed list: window, box, tv, diningtable. Do not output any object name that is not in the allowed list. Valid choosable objects by place are: Place 0: window, box, tv, diningtable. The Objects field must contain exactly one object from the chosen place list.Note that you can travel to door or door frame to other spaces if there are no clear evidence to choose the target.  Return exactly one JSON object by referring to the following template.
            {"Place": x, "Angle": x, "Objects": ["xxxx"] }
            If your goal is already in the description, please choose it as the target. You should not output any explanation, markdown, prose, examples, or extra text before or after the JSON. Note that your should choose only one object in one angle of one place in the json data as the target.
{"Place": "diningtable", "Angle": 0, "Objects": ["box"]}
[Timing] planning mode=kv elapsed=1.568s
{"Place": 0, "Angle": 0, "Objects": ["diningtable"]}
[Debug] planner selected: place=0, angle=0, objects=['diningtable']
last_key:[]
[Debug] allowed_targets_by_place[0] candidates: [('window', 270, 175, 1.0, 'window', array([-2.2351742e-08,  1.4992062e+00,  9.5028582e+00], dtype=float32)), ('box', 90, 12, 1.0, 'box', array([5.103216 , 0.9039136, 9.93354  ], dtype=float32)), ('tv', 270, 127, 1.0, 'tv', array([0.2101106, 0.8611783, 7.997017 ], dtype=float32)), ('diningtable', 0, 37, 0.6230829358100891, 'diningtable', array([5.2956924 , 0.37110275, 9.6889715 ], dtype=float32))]
[Debug] resolved target tuple: ('diningtable', 0, 37, 0.6230829358100891, 'diningtable', array([5.2956924 , 0.37110275, 9.6889715 ], dtype=float32)) from representative place 0
[Debug] resolved source place: 0 for representative place 0
0
final_goal:sink,sub_goal:diningtable,place:0,trajectory: diningtable in Place 0.
sub_target_id:37
target:diningtable
final_goal:sink
final_length:0
[Timing] pathfinder to-subgoal elapsed=0.295s found=True
[Debug] sub-goal visible on screen: label=diningtable ratio=0.030405 bbox=223x273
[Debug] observation rotation: angle=0 pause=0.25s
[Debug] observation rotation: angle=90 pause=0.25s
[Debug] observation rotation: angle=180 pause=0.25s
[Debug] observation rotation: angle=270 pause=0.25s
[Debug] calling detection service: position_id=big+1+1 angle=0 prompt='sink . box . pen .'
[Debug] received detection service result: position_id=big+1+1 angle=0
[Debug] calling detection service: position_id=big+1+1 angle=90 prompt='sink . solid background .'
[Debug] received detection service result: position_id=big+1+1 angle=90
[Debug] calling detection service: position_id=big+1+1 angle=180 prompt='sink . doorway . mirror .'
[Debug] received detection service result: position_id=big+1+1 angle=180
[Debug] calling detection service: position_id=big+1+1 angle=270 prompt='sink . tv . sofa .'
[Debug] received detection service result: position_id=big+1+1 angle=270
[Debug] box_info_list_sum: [[{'label': 'box', 'box': [334, 761, 510, 1023]}, {'label': 'pen', 'box': [321, 901, 354, 981]}], [{'label': 'solid background', 'box': [0, 0, 1024, 1024]}], [], [{'label': 'tv', 'box': [345, 542, 472, 630]}, {'label': 'sofa', 'box': [0, 727, 523, 951]}]]
wall
sofa
[Debug] max_similar_objs_list: [[('wall', 90, 168, 0.6121094822883606, 'wall', array([3.0409992, 1.9025515, 5.068499 ], dtype=float32))], [('sofa', 270, 117, 1.0, 'sofa', array([3.009137  , 0.30490494, 7.9970174 ], dtype=float32))]]
[Debug] empty_position: [0]
 {
    "Place": 0,
    "Angle": 90,
    "Objects": [
        "box"
    ]
}{
    "Place": 0,
    "Angle": 180,
    "Objects": [
        "floor",
        "wall",
        "plant",
        "table"
    ]
}{
    "Place": 0,
    "Angle": 270,
    "Objects": [
        "window",
        "tv"
    ]
} {
    "Place": 1,
    "Angle": 0,
    "Objects": [
        "pen"
    ]
}{
    "Place": 1,
    "Angle": 90,
    "Objects": [
        "wall",
        "shadow"
    ]
}{
    "Place": 1,
    "Angle": 180,
    "Objects": [
        "mirror",
        "doorway"
    ]
}{
    "Place": 1,
    "Angle": 270,
    "Objects": [
        "sofa"
    ]
}
Setting `pad_token_id` to `eos_token_id`:151645 for open-end generation.
Setting `pad_token_id` to `eos_token_id`:151645 for open-end generation.
Setting `pad_token_id` to `eos_token_id`:151645 for open-end generation.
Setting `pad_token_id` to `eos_token_id`:151645 for open-end generation.
Setting `pad_token_id` to `eos_token_id`:151645 for open-end generation.
Setting `pad_token_id` to `eos_token_id`:151645 for open-end generation.
Setting `pad_token_id` to `eos_token_id`:151645 for open-end generation.
Setting `pad_token_id` to `eos_token_id`:151645 for open-end generation.
[Debug] allowed planner objects: ['sofa']
[Debug] allowed planner objects by place: {0: [], 1: ['sofa']}
[Debug] bypassing planner because only one target is allowed: {"Place": 1, "Angle": 270, "Objects": ["sofa"]}
{"Place": 1, "Angle": 270, "Objects": ["sofa"]}
[Debug] planner selected: place=1, angle=270, objects=['sofa']
last_key:['Place 0']
[Debug] allowed_targets_by_place[1] candidates: [('sofa', 270, 117, 1.0, 'sofa', array([3.009137  , 0.30490494, 7.9970174 ], dtype=float32))]
[Debug] resolved target tuple: ('sofa', 270, 117, 1.0, 'sofa', array([3.009137  , 0.30490494, 7.9970174 ], dtype=float32)) from representative place 1
[Debug] resolved source place: 1 for representative place 1
1
final_goal:sink,sub_goal:sofa,place:1,trajectory: diningtable in Place 0.sofa in Place 1.
sub_target_id:117
target:sofa
final_goal:sink
final_length:2.0177669525146484
[Timing] pathfinder to-subgoal elapsed=0.288s found=True
[Debug] sub-goal visible on screen: label=sofa ratio=0.095895 bbox=541x317
[Debug] observation rotation: angle=0 pause=0.25s
[Debug] observation rotation: angle=90 pause=0.25s
[Debug] observation rotation: angle=180 pause=0.25s
[Debug] observation rotation: angle=270 pause=0.25s
[Debug] calling detection service: position_id=big+2+2 angle=0 prompt='sink . table . box .'
[Debug] received detection service result: position_id=big+2+2 angle=0
[Debug] calling detection service: position_id=big+2+2 angle=90 prompt='sink . desk . doorway .'
[Debug] received detection service result: position_id=big+2+2 angle=90
[Debug] calling detection service: position_id=big+2+2 angle=180 prompt='sink . table . mirror .'
[Debug] received detection service result: position_id=big+2+2 angle=180
[Debug] calling detection service: position_id=big+2+2 angle=270 prompt='sink . tv . tv stand .'
[Debug] received detection service result: position_id=big+2+2 angle=270
[Debug] box_info_list_sum: [[{'label': 'table', 'box': [702, 712, 1023, 1023]}, {'label': 'box', 'box': [816, 639, 930, 745]}], [{'label': 'desk', 'box': [0, 695, 230, 946]}, {'label': 'doorway', 'box': [562, 443, 728, 747]}], [{'label': 'table', 'box': [0, 584, 352, 743]}, {'label': 'mirror', 'box': [0, 369, 382, 945]}], [{'label': 'tv', 'box': [419, 555, 602, 683]}, {'label': 'tv stand', 'box': [415, 665, 607, 752]}]]
floor
doorway
countertop
[Debug] max_similar_objs_list: [[('floor', 0, 52, 0.6794582009315491, 'floor', array([4.055 , 0.    , 5.0685], dtype=float32))], [('doorway', 90, 40, 1.0, 'doorway', array([7.686585 , 1.050023 , 7.0068655], dtype=float32))], [('countertop', 180, 29, 0.6580907702445984, 'countertop', array([6.560998  , 0.46919155, 3.2715907 ], dtype=float32))]]
[Debug] empty_position: [3]
 {
    "Place": 0,
    "Angle": 90,
    "Objects": [
        "box"
    ]
}{
    "Place": 0,
    "Angle": 180,
    "Objects": [
        "floor",
        "wall",
        "plant",
        "table"
    ]
}{
    "Place": 0,
    "Angle": 270,
    "Objects": [
        "window",
        "tv"
    ]
} {
    "Place": 1,
    "Angle": 0,
    "Objects": [
        "pen"
    ]
}{
    "Place": 1,
    "Angle": 90,
    "Objects": [
        "wall",
        "shadow"
    ]
}{
    "Place": 1,
    "Angle": 180,
    "Objects": [
        "mirror",
        "doorway"
    ]
} {
    "Place": 2,
    "Angle": 90,
    "Objects": [
        "doorway"
    ]
}{
    "Place": 2,
    "Angle": 180,
    "Objects": [
        "countertop"
    ]
}{
    "Place": 2,
    "Angle": 270,
    "Objects": [
        "tv stand"
    ]
}
[Debug] allowed planner objects: ['doorway']
[Debug] allowed planner objects by place: {0: ['doorway'], 1: []}
[Debug] bypassing planner because only one target is allowed: {"Place": 0, "Angle": 90, "Objects": ["doorway"]}
{"Place": 0, "Angle": 90, "Objects": ["doorway"]}
[Debug] planner selected: place=0, angle=90, objects=['doorway']
last_key:['Place 0', 'Place 1']
[Debug] allowed_targets_by_place[0] candidates: [('doorway', 90, 40, 1.0, 'doorway', array([7.686585 , 1.050023 , 7.0068655], dtype=float32)), ('window', 270, 175, 1.0, 'window', array([-2.2351742e-08,  1.4992062e+00,  9.5028582e+00], dtype=float32)), ('box', 90, 12, 1.0, 'box', array([5.103216 , 0.9039136, 9.93354  ], dtype=float32)), ('tv', 270, 127, 1.0, 'tv', array([0.2101106, 0.8611783, 7.997017 ], dtype=float32)), ('countertop', 180, 29, 0.6580907702445984, 'countertop', array([6.560998  , 0.46919155, 3.2715907 ], dtype=float32))]
[Debug] resolved target tuple: ('doorway', 90, 40, 1.0, 'doorway', array([7.686585 , 1.050023 , 7.0068655], dtype=float32)) from representative place 0
[Debug] resolved source place: 2 for representative place 0
0
final_goal:sink,sub_goal:doorway,place:0,trajectory: diningtable in Place 0.sofa in Place 1.doorway in Place 0.
sub_target_id:40
target:doorway
final_goal:sink
final_length:4.139087677001953
[Timing] pathfinder to-subgoal elapsed=1.395s found=True
[Debug] sub-goal visible on screen: label=doorway ratio=0.024731 bbox=238x344
Agent is within 1m of the target. Stopping.
[Debug] observation rotation: angle=0 pause=0.25s
[Debug] observation rotation: angle=90 pause=0.25s
[Debug] observation rotation: angle=180 pause=0.25s
[Debug] observation rotation: angle=270 pause=0.25s
[Debug] calling detection service: position_id=big+3+3 angle=0 prompt='sink . color .'
[Debug] received detection service result: position_id=big+3+3 angle=0
[Debug] calling detection service: position_id=big+3+3 angle=90 prompt='sink . desk . picture . window .'
[Debug] received detection service result: position_id=big+3+3 angle=90
[Debug] calling detection service: position_id=big+3+3 angle=180 prompt='sink . doorway . wall .'
[Debug] received detection service result: position_id=big+3+3 angle=180
[Debug] calling detection service: position_id=big+3+3 angle=270 prompt='sink . tv . window . bed .'
[Debug] received detection service result: position_id=big+3+3 angle=270
[Debug] box_info_list_sum: [[], [], [], [{'label': 'tv', 'box': [518, 534, 608, 592]}, {'label': 'window', 'box': [206, 485, 698, 549]}, {'label': 'bed', 'box': [473, 624, 736, 709]}]]
[Debug] max_similar_objs_list: []
[Debug] empty_position: [3]
 {
    "Place": 0,
    "Angle": 90,
    "Objects": [
        "box"
    ]
}{
    "Place": 0,
    "Angle": 180,
    "Objects": [
        "floor",
        "wall",
        "plant",
        "table"
    ]
}{
    "Place": 0,
    "Angle": 270,
    "Objects": [
        "window",
        "tv"
    ]
} {
    "Place": 1,
    "Angle": 0,
    "Objects": [
        "pen"
    ]
}{
    "Place": 1,
    "Angle": 90,
    "Objects": [
        "wall",
        "shadow"
    ]
}{
    "Place": 1,
    "Angle": 180,
    "Objects": [
        "mirror",
        "doorway"
    ]
} {
    "Place": 2,
    "Angle": 180,
    "Objects": [
        "countertop"
    ]
}{
    "Place": 2,
    "Angle": 270,
    "Objects": [
        "tv stand"
    ]
} {
    "Place": 3,
    "Angle": 0,
    "Objects": [
        "background",
        "color"
    ]
}{
    "Place": 3,
    "Angle": 90,
    "Objects": [
        "window",
        "bed",
        "desk",
        "picture"
    ]
}{
    "Place": 3,
    "Angle": 180,
    "Objects": [
        "doorway",
        "wall"
    ]
}{
    "Place": 3,
    "Angle": 270,
    "Objects": [
        "bed"
    ]
}
[Debug] allowed planner objects: []
[Debug] allowed planner objects by place: {0: [], 1: []}
[Debug] bypassing planner because allowed target list is empty: {"Place": 0, "Angle": 270, "Objects": ["window"]}
{"Place": 0, "Angle": 270, "Objects": ["window"]}
[Debug] planner selected: place=0, angle=270, objects=['window']
last_key:['Place 0', 'Place 1', 'Place 2']
Setting `pad_token_id` to `eos_token_id`:151645 for open-end generation.
Setting `pad_token_id` to `eos_token_id`:151645 for open-end generation.
Setting `pad_token_id` to `eos_token_id`:151645 for open-end generation.
Setting `pad_token_id` to `eos_token_id`:151645 for open-end generation.
Setting `pad_token_id` to `eos_token_id`:151645 for open-end generation.
Setting `pad_token_id` to `eos_token_id`:151645 for open-end generation.
Setting `pad_token_id` to `eos_token_id`:151645 for open-end generation.
Setting `pad_token_id` to `eos_token_id`:151645 for open-end generation.
[Debug] allowed_targets_by_place[0] candidates: [('window', 270, 175, 1.0, 'window', array([-2.2351742e-08,  1.4992062e+00,  9.5028582e+00], dtype=float32)), ('box', 90, 12, 1.0, 'box', array([5.103216 , 0.9039136, 9.93354  ], dtype=float32)), ('tv', 270, 127, 1.0, 'tv', array([0.2101106, 0.8611783, 7.997017 ], dtype=float32)), ('countertop', 180, 29, 0.6580907702445984, 'countertop', array([6.560998  , 0.46919155, 3.2715907 ], dtype=float32)), ('window', 90, 176, 0.5, 'window', array([12.165    ,  1.4987713,  6.65317  ], dtype=float32)), ('bed', 270, 3, 0.5, 'bed', array([10.395029  ,  0.33533388,  7.259427  ], dtype=float32)), ('painting', 90, 84, 0.5, 'painting', array([6.6173115, 1.4729958, 6.0673256], dtype=float32)), ('doorframe', 180, 38, 0.5, 'doorframe', array([5.216287 , 1.0478007, 6.082    ], dtype=float32))]
[Debug] resolved target tuple: ('window', 270, 175, 1.0, 'window', array([-2.2351742e-08,  1.4992062e+00,  9.5028582e+00], dtype=float32)) from representative place 0
[Debug] resolved source place: 0 for representative place 0
0
final_goal:sink,sub_goal:window,place:0,trajectory: diningtable in Place 0.sofa in Place 1.doorway in Place 0.window in Place 0.
sub_target_id:175
target:window
final_goal:sink
final_length:8.199748039245605
[Timing] pathfinder to-subgoal elapsed=1.317s found=True
[Debug] sub-goal visible on screen: label=window ratio=0.030185 bbox=199x177
[Debug] observation rotation: angle=0 pause=0.25s
[Debug] observation rotation: angle=90 pause=0.25s
[Debug] observation rotation: angle=180 pause=0.25s
[Debug] observation rotation: angle=270 pause=0.25s
[Debug] calling detection service: position_id=big+4+4 angle=0 prompt='sink . window . wall .'
[Debug] received detection service result: position_id=big+4+4 angle=0
[Debug] calling detection service: position_id=big+4+4 angle=90 prompt='sink . table . laptop . sofa .'
[Debug] received detection service result: position_id=big+4+4 angle=90
[Debug] calling detection service: position_id=big+4+4 angle=180 prompt='sink . picture . window .'
[Debug] received detection service result: position_id=big+4+4 angle=180
[Debug] calling detection service: position_id=big+4+4 angle=270 prompt='sink . sky . clouds .'
[Debug] received detection service result: position_id=big+4+4 angle=270
[Debug] box_info_list_sum: [[{'label': 'window', 'box': [0, 0, 281, 1023]}], [{'label': 'sofa', 'box': [585, 669, 1023, 855]}, {'label': 'laptop', 'box': [652, 706, 737, 788]}, {'label': 'table', 'box': [438, 585, 539, 693]}], [{'label': 'picture', 'box': [110, 448, 220, 513]}], [{'label': 'sky', 'box': [0, 0, 1023, 517]}, {'label': 'clouds', 'box': [0, 516, 1023, 1023]}]]
laptop
painting
[Debug] max_similar_objs_list: [[('laptop', 90, 69, 1.0, 'laptop', array([2.825107 , 0.4215569, 8.602205 ], dtype=float32))], [('painting', 180, 80, 0.7150622606277466, 'painting', array([2.5498471, 1.7760296, 6.1028705], dtype=float32))]]
[Debug] empty_position: [3]
 {
    "Place": 0,
    "Angle": 90,
    "Objects": [
        "box"
    ]
}{
    "Place": 0,
    "Angle": 180,
    "Objects": [
        "floor",
        "wall",
        "plant",
        "table"
    ]
} {
    "Place": 1,
    "Angle": 0,
    "Objects": [
        "pen"
    ]
}{
    "Place": 1,
    "Angle": 90,
    "Objects": [
        "wall",
        "shadow"
    ]
}{
    "Place": 1,
    "Angle": 180,
    "Objects": [
        "mirror",
        "doorway"
    ]
} {
    "Place": 2,
    "Angle": 180,
    "Objects": [
        "countertop"
    ]
}{
    "Place": 2,
    "Angle": 270,
    "Objects": [
        "tv stand"
    ]
} {
    "Place": 3,
    "Angle": 0,
    "Objects": [
        "background",
        "color"
    ]
}{
    "Place": 3,
    "Angle": 90,
    "Objects": [
        "window",
        "bed",
        "desk",
        "picture"
    ]
}{
    "Place": 3,
    "Angle": 180,
    "Objects": [
        "doorway",
        "wall"
    ]
}{
    "Place": 3,
    "Angle": 270,
    "Objects": [
        "bed"
    ]
} {
    "Place": 4,
    "Angle": 90,
    "Objects": [
        "laptop"
    ]
}{
    "Place": 4,
    "Angle": 180,
    "Objects": [
        "sink",
        "window",
        "painting"
    ]
}{
    "Place": 4,
    "Angle": 270,
    "Objects": [
        "clouds"
    ]
}
[Debug] resolver candidates place=0: exact=1 relaxed_or_synthesized=1
[Debug] allowed planner objects: ['laptop', 'painting']
[Debug] allowed planner objects by place: {0: [], 1: [], 4: ['laptop', 'painting']}
The above is a description of different places in different angles in the environment.Your can get to any place described in the json data. Your goal is to find the sink. Based on the above json data, please choose one specific object to travel to as your target. If your goal is already in the description, please choose it as the target. You must choose an object only from this allowed list: laptop, painting. Do not output any object name that is not in the allowed list. Valid choosable objects by place are: Place 4: laptop, painting. The Objects field must contain exactly one object from the chosen place list.Note that you can travel to door or door frame to other spaces if there are no clear evidence to choose the target.  Return exactly one JSON object by referring to the following template.
            {"Place": x, "Angle": x, "Objects": ["xxxx"] }
            If your goal is already in the description, please choose it as the target. You should not output any explanation, markdown, prose, examples, or extra text before or after the JSON. Note that your should choose only one object in one angle of one place in the json data as the target.
{"Place": "painting", "Angle": "270", "Objects": ["sink"]}
[Timing] planning mode=kv elapsed=1.667s
{"Place": 4, "Angle": 270, "Objects": ["painting"]}
[Debug] planner selected: place=4, angle=270, objects=['painting']
last_key:['Place 0', 'Place 1', 'Place 2', 'Place 0']
[Debug] allowed_targets_by_place[4] candidates: [('laptop', 90, 69, 1.0, 'laptop', array([2.825107 , 0.4215569, 8.602205 ], dtype=float32)), ('painting', 180, 80, 0.7150622606277466, 'painting', array([2.5498471, 1.7760296, 6.1028705], dtype=float32))]
[Debug] resolved target tuple: ('painting', 180, 80, 0.7150622606277466, 'painting', array([2.5498471, 1.7760296, 6.1028705], dtype=float32)) from representative place 4
[Debug] resolved source place: 4 for representative place 4
4
final_goal:sink,sub_goal:painting,place:4,trajectory: diningtable in Place 0.sofa in Place 1.doorway in Place 0.window in Place 0.painting in Place 4.
sub_target_id:80
target:painting
final_goal:sink
final_length:12.156854629516602
[Timing] pathfinder to-subgoal elapsed=1.663s found=True
[Debug] sub-goal visible on screen: label=painting ratio=0.004527 bbox=83x62
[Debug] observation rotation: angle=0 pause=0.25s
[Debug] observation rotation: angle=90 pause=0.25s
[Debug] observation rotation: angle=180 pause=0.25s
[Debug] observation rotation: angle=270 pause=0.25s
[Debug] calling detection service: position_id=big+5+5 angle=0 prompt='sink . sky . tree .'
[Debug] received detection service result: position_id=big+5+5 angle=0
[Debug] calling detection service: position_id=big+5+5 angle=90 prompt='sink . desk . picture . tv .'
[Debug] received detection service result: position_id=big+5+5 angle=90
[Debug] calling detection service: position_id=big+5+5 angle=180 prompt='sink . window . refrigerator .'
[Debug] received detection service result: position_id=big+5+5 angle=180
[Debug] calling detection service: position_id=big+5+5 angle=270 prompt='sink . table . chair .'
[Debug] received detection service result: position_id=big+5+5 angle=270
[Debug] box_info_list_sum: [[{'label': 'sky', 'box': [0, 0, 1024, 1024]}, {'label': 'tree', 'box': [803, 0, 1024, 266]}], [{'label': 'tv', 'box': [891, 388, 1023, 499]}, {'label': 'desk', 'box': [626, 570, 890, 831]}], [{'label': 'refrigerator', 'box': [348, 503, 432, 680]}, {'label': 'window', 'box': [940, 432, 1023, 622]}], [{'label': 'table', 'box': [0, 707, 497, 1023]}]]
wall
painting
tv
fridge
window
diningtable
Setting `pad_token_id` to `eos_token_id`:151645 for open-end generation.
Setting `pad_token_id` to `eos_token_id`:151645 for open-end generation.
Setting `pad_token_id` to `eos_token_id`:151645 for open-end generation.
Setting `pad_token_id` to `eos_token_id`:151645 for open-end generation.
[Debug] max_similar_objs_list: [[('wall', 0, 142, 0.6312941312789917, 'wall', array([4.055    , 1.9025515, 3.041    ], dtype=float32))], [('painting', 0, 82, 0.5804156064987183, 'painting', array([3.1593304, 2.0613134, 6.0611296], dtype=float32))], [('tv', 90, 125, 1.0, 'tv', array([6.8019023, 2.0757647, 2.0704536], dtype=float32))], [('fridge', 180, 58, 0.9570007920265198, 'fridge', array([3.7021108 , 0.82458127, 0.4818329 ], dtype=float32))], [('window', 180, 174, 1.0, 'window', array([-4.8428774e-08,  1.4973600e+00,  3.4228547e+00], dtype=float32))], [('diningtable', 270, 34, 0.6230829358100891, 'diningtable', array([1.3321252 , 0.39023355, 5.19577   ], dtype=float32))]]
[Debug] empty_position: []
 {
    "Place": 0,
    "Angle": 90,
    "Objects": [
        "box"
    ]
}{
    "Place": 0,
    "Angle": 180,
    "Objects": [
        "floor",
        "wall",
        "plant",
        "table"
    ]
} {
    "Place": 1,
    "Angle": 0,
    "Objects": [
        "pen"
    ]
}{
    "Place": 1,
    "Angle": 90,
    "Objects": [
        "wall",
        "shadow"
    ]
}{
    "Place": 1,
    "Angle": 180,
    "Objects": [
        "mirror",
        "doorway"
    ]
} {
    "Place": 2,
    "Angle": 180,
    "Objects": [
        "countertop"
    ]
}{
    "Place": 2,
    "Angle": 270,
    "Objects": [
        "tv stand"
    ]
} {
    "Place": 3,
    "Angle": 0,
    "Objects": [
        "background",
        "color"
    ]
}{
    "Place": 3,
    "Angle": 90,
    "Objects": [
        "window",
        "bed",
        "desk",
        "picture"
    ]
}{
    "Place": 3,
    "Angle": 180,
    "Objects": [
        "doorway",
        "wall"
    ]
}{
    "Place": 3,
    "Angle": 270,
    "Objects": [
        "bed"
    ]
} {
    "Place": 4,
    "Angle": 90,
    "Objects": [
        "laptop"
    ]
}{
    "Place": 4,
    "Angle": 270,
    "Objects": [
        "clouds"
    ]
} {
    "Place": 5,
    "Angle": 0,
    "Objects": [
        "painting",
        "wall"
    ]
}{
    "Place": 5,
    "Angle": 90,
    "Objects": [
        "picture",
        "tv"
    ]
}{
    "Place": 5,
    "Angle": 180,
    "Objects": [
        "window",
        "fridge"
    ]
}{
    "Place": 5,
    "Angle": 270,
    "Objects": [
        "chair",
        "diningtable"
    ]
}
[Debug] resolver candidates place=0: exact=1 relaxed_or_synthesized=1
[Debug] allowed planner objects: ['window', 'tv', 'fridge', 'painting', 'diningtable']
[Debug] allowed planner objects by place: {0: [], 1: [], 4: [], 5: ['window', 'tv', 'fridge', 'diningtable', 'painting']}
The above is a description of different places in different angles in the environment.Your can get to any place described in the json data. Your goal is to find the sink. Based on the above json data, please choose one specific object to travel to as your target. If your goal is already in the description, please choose it as the target. You must choose an object only from this allowed list: window, tv, fridge, painting, diningtable. Do not output any object name that is not in the allowed list. Valid choosable objects by place are: Place 5: window, tv, fridge, diningtable, painting. The Objects field must contain exactly one object from the chosen place list.Note that you can travel to door or door frame to other spaces if there are no clear evidence to choose the target.  Return exactly one JSON object by referring to the following template.
            {"Place": x, "Angle": x, "Objects": ["xxxx"] }
            If your goal is already in the description, please choose it as the target. You should not output any explanation, markdown, prose, examples, or extra text before or after the JSON. Note that your should choose only one object in one angle of one place in the json data as the target.
{"Place": 5, "Angle": 0, "Objects": ["window"]}
[Timing] planning mode=kv elapsed=1.602s
{"Place": 5, "Angle": 0, "Objects": ["window"]}
[Debug] planner selected: place=5, angle=0, objects=['window']
last_key:['Place 0', 'Place 1', 'Place 2', 'Place 0', 'Place 4']
[Debug] allowed_targets_by_place[5] candidates: [('window', 180, 174, 1.0, 'window', array([-4.8428774e-08,  1.4973600e+00,  3.4228547e+00], dtype=float32)), ('tv', 90, 125, 1.0, 'tv', array([6.8019023, 2.0757647, 2.0704536], dtype=float32)), ('fridge', 180, 58, 0.9570007920265198, 'fridge', array([3.7021108 , 0.82458127, 0.4818329 ], dtype=float32)), ('diningtable', 270, 34, 0.6230829358100891, 'diningtable', array([1.3321252 , 0.39023355, 5.19577   ], dtype=float32)), ('painting', 0, 82, 0.5804156064987183, 'painting', array([3.1593304, 2.0613134, 6.0611296], dtype=float32))]
[Debug] resolved target tuple: ('window', 180, 174, 1.0, 'window', array([-4.8428774e-08,  1.4973600e+00,  3.4228547e+00], dtype=float32)) from representative place 5
[Debug] resolved source place: 5 for representative place 5
5
final_goal:sink,sub_goal:window,place:5,trajectory: diningtable in Place 0.sofa in Place 1.doorway in Place 0.window in Place 0.painting in Place 4.
sub_target_id:174
target:window
final_goal:sink
final_length:20.60660171508789
[Timing] pathfinder to-subgoal elapsed=1.348s found=True
[Debug] sub-goal visible on screen: label=window ratio=0.026267 bbox=185x169
[Debug] observation rotation: angle=0 pause=0.25s
[Debug] observation rotation: angle=90 pause=0.25s
[Debug] observation rotation: angle=180 pause=0.25s
[Debug] observation rotation: angle=270 pause=0.25s
[Debug] calling detection service: position_id=big+6+6 angle=0 prompt='sink . table . window .'
[Debug] received detection service result: position_id=big+6+6 angle=0
[Debug] calling detection service: position_id=big+6+6 angle=90 prompt='sink . table . picture . fridge .'
[Debug] received detection service result: position_id=big+6+6 angle=90
[Debug] calling detection service: position_id=big+6+6 angle=180 prompt='sink . window . furniture .'
[Debug] received detection service result: position_id=big+6+6 angle=180
[Debug] calling detection service: position_id=big+6+6 angle=270 prompt='sink . sky . clouds .'
[Debug] received detection service result: position_id=big+6+6 angle=270
[Debug] box_info_list_sum: [[{'label': 'table', 'box': [557, 691, 1023, 1021]}, {'label': 'window', 'box': [1, 0, 312, 1022]}], [{'label': 'fridge', 'box': [857, 499, 1023, 765]}, {'label': 'table', 'box': [0, 717, 198, 947]}, {'label': 'picture', 'box': [293, 494, 319, 546]}], [{'label': 'window', 'box': [665, 1, 1023, 1022]}], [{'label': 'sky', 'box': [0, 0, 1023, 518]}, {'label': 'clouds', 'box': [0, 517, 1023, 1022]}]]
[Debug] max_similar_objs_list: []
[Debug] empty_position: [0, 3]
Setting `pad_token_id` to `eos_token_id`:151645 for open-end generation.
Setting `pad_token_id` to `eos_token_id`:151645 for open-end generation.
Setting `pad_token_id` to `eos_token_id`:151645 for open-end generation.
Setting `pad_token_id` to `eos_token_id`:151645 for open-end generation.
 {
    "Place": 0,
    "Angle": 90,
    "Objects": [
        "box"
    ]
}{
    "Place": 0,
    "Angle": 180,
    "Objects": [
        "floor",
        "wall",
        "plant",
        "table"
    ]
} {
    "Place": 1,
    "Angle": 0,
    "Objects": [
        "pen"
    ]
}{
    "Place": 1,
    "Angle": 90,
    "Objects": [
        "wall",
        "shadow"
    ]
}{
    "Place": 1,
    "Angle": 180,
    "Objects": [
        "mirror",
        "doorway"
    ]
} {
    "Place": 2,
    "Angle": 180,
    "Objects": [
        "countertop"
    ]
}{
    "Place": 2,
    "Angle": 270,
    "Objects": [
        "tv stand"
    ]
} {
    "Place": 3,
    "Angle": 0,
    "Objects": [
        "background",
        "color"
    ]
}{
    "Place": 3,
    "Angle": 90,
    "Objects": [
        "window",
        "bed",
        "desk",
        "picture"
    ]
}{
    "Place": 3,
    "Angle": 180,
    "Objects": [
        "doorway",
        "wall"
    ]
}{
    "Place": 3,
    "Angle": 270,
    "Objects": [
        "bed"
    ]
} {
    "Place": 4,
    "Angle": 90,
    "Objects": [
        "laptop"
    ]
}{
    "Place": 4,
    "Angle": 270,
    "Objects": [
        "clouds"
    ]
} {
    "Place": 5,
    "Angle": 0,
    "Objects": [
        "painting",
        "wall"
    ]
}{
    "Place": 5,
    "Angle": 90,
    "Objects": [
        "picture",
        "tv"
    ]
}{
    "Place": 5,
    "Angle": 270,
    "Objects": [
        "chair",
        "diningtable"
    ]
} {
    "Place": 6,
    "Angle": 0,
    "Objects": [
        "window"
    ]
}{
    "Place": 6,
    "Angle": 90,
    "Objects": [
        "chair",
        "picture"
    ]
}{
    "Place": 6,
    "Angle": 180,
    "Objects": [
        "furniture"
    ]
}{
    "Place": 6,
    "Angle": 270,
    "Objects": [
        "clouds"
    ]
}
[Debug] resolver candidates place=0: exact=1 relaxed_or_synthesized=1
[Debug] resolver candidates place=5: exact=3 relaxed_or_synthesized=1
[Debug] allowed planner objects: []
[Debug] allowed planner objects by place: {0: [], 1: [], 4: [], 5: []}
[Debug] resolver candidates place=0: exact=1 relaxed_or_synthesized=1
[Debug] resolver candidates place=5: exact=3 relaxed_or_synthesized=1
[Debug] bypassing planner because allowed target list is empty: {"Place": 0, "Angle": 90, "Objects": ["window"]}
{"Place": 0, "Angle": 90, "Objects": ["window"]}
[Debug] planner selected: place=0, angle=90, objects=['window']
last_key:['Place 0', 'Place 1', 'Place 2', 'Place 0', 'Place 4', 'Place 5']
[Debug] allowed_targets_by_place[0] candidates: [('box', 90, 12, 1.0, 'box', array([5.103216 , 0.9039136, 9.93354  ], dtype=float32)), ('countertop', 180, 29, 0.6580907702445984, 'countertop', array([6.560998  , 0.46919155, 3.2715907 ], dtype=float32)), ('window', 90, 176, 0.5, 'window', array([12.165    ,  1.4987713,  6.65317  ], dtype=float32)), ('bed', 270, 3, 0.5, 'bed', array([10.395029  ,  0.33533388,  7.259427  ], dtype=float32)), ('painting', 90, 84, 0.5, 'painting', array([6.6173115, 1.4729958, 6.0673256], dtype=float32)), ('doorframe', 180, 38, 0.5, 'doorframe', array([5.216287 , 1.0478007, 6.082    ], dtype=float32)), ('tv', 270, 127, 1.0, 'tv', array([0.2101106, 0.8611783, 7.997017 ], dtype=float32))]
[Debug] resolved target tuple: ('window', 90, 176, 0.5, 'window', array([12.165    ,  1.4987713,  6.65317  ], dtype=float32)) from representative place 0
[Debug] resolved source place: 3 for representative place 0
0
final_goal:sink,sub_goal:window,place:0,trajectory: diningtable in Place 0.sofa in Place 1.doorway in Place 0.window in Place 0.painting in Place 4.
sub_target_id:176
target:window
final_goal:sink
final_length:24.935028076171875
[Timing] pathfinder to-subgoal elapsed=1.756s found=True
[Debug] sub-goal visible on screen: label=window ratio=0.017066 bbox=198x104
[Debug] observation rotation: angle=0 pause=0.25s
[Debug] observation rotation: angle=90 pause=0.25s
[Debug] observation rotation: angle=180 pause=0.25s
[Debug] observation rotation: angle=270 pause=0.25s
[Debug] calling detection service: position_id=big+7+7 angle=0 prompt='sink . picture . wall .'
[Debug] received detection service result: position_id=big+7+7 angle=0
[Debug] calling detection service: position_id=big+7+7 angle=90 prompt='sink . sky . clouds .'
[Debug] received detection service result: position_id=big+7+7 angle=90
[Debug] calling detection service: position_id=big+7+7 angle=180 prompt='sink . desk . doorway . window .'
[Debug] received detection service result: position_id=big+7+7 angle=180
[Debug] calling detection service: position_id=big+7+7 angle=270 prompt='sink . tv . bed . basketball .'
[Debug] received detection service result: position_id=big+7+7 angle=270
[Debug] box_info_list_sum: [[{'label': 'picture', 'box': [668, 0, 884, 410]}], [{'label': 'clouds', 'box': [15, 628, 1022, 851]}, {'label': 'sky', 'box': [6, 294, 1023, 566]}], [{'label': 'doorway', 'box': [824, 378, 1008, 965]}], [{'label': 'basketball', 'box': [477, 805, 529, 868]}, {'label': 'bed', 'box': [370, 779, 1023, 1023]}, {'label': 'tv', 'box': [123, 452, 319, 551]}]]
painting
window
doorway
basketball
bed
tv
[Debug] max_similar_objs_list: [[('painting', 0, 75, 0.7150622606277466, 'painting', array([12.151395 ,  2.0843115,  7.6671996], dtype=float32))], [('window', 90, 176, 0.5700047612190247, 'window', array([12.165    ,  1.4987713,  6.65317  ], dtype=float32))], [('doorway', 180, 39, 1.0, 'doorway', array([10.49774 ,  1.051794,  4.478892], dtype=float32))], [('basketball', 270, 2, 1.0, 'basketball', array([9.44822   , 0.11999999, 6.7119393 ], dtype=float32))], [('bed', 270, 3, 1.0, 'bed', array([10.395029  ,  0.33533388,  7.259427  ], dtype=float32))], [('tv', 270, 126, 1.0, 'tv', array([8.199375 , 1.6447582, 4.759744 ], dtype=float32))]]
[Debug] empty_position: []
 {
    "Place": 0,
    "Angle": 90,
    "Objects": [
        "box"
    ]
}{
    "Place": 0,
    "Angle": 180,
    "Objects": [
        "floor",
        "wall",
        "plant",
        "table"
    ]
} {
    "Place": 1,
    "Angle": 0,
    "Objects": [
        "pen"
    ]
}{
    "Place": 1,
    "Angle": 90,
    "Objects": [
        "wall",
        "shadow"
    ]
}{
    "Place": 1,
    "Angle": 180,
    "Objects": [
        "mirror",
        "doorway"
    ]
} {
    "Place": 2,
    "Angle": 180,
    "Objects": [
        "countertop"
    ]
}{
    "Place": 2,
    "Angle": 270,
    "Objects": [
        "tv stand"
    ]
} {
    "Place": 3,
    "Angle": 0,
    "Objects": [
        "background",
        "color"
    ]
}{
    "Place": 3,
    "Angle": 180,
    "Objects": [
        "doorway",
        "wall"
    ]
}{
    "Place": 3,
    "Angle": 270,
    "Objects": [
        "bed"
    ]
} {
    "Place": 7,
    "Angle": 0,
    "Objects": [
        "painting",
        "wall"
    ]
}{
    "Place": 7,
    "Angle": 90,
    "Objects": [
        "window"
    ]
}{
    "Place": 7,
    "Angle": 180,
    "Objects": [
        "doorway",
        "window",
        "desk"
    ]
}{
    "Place": 7,
    "Angle": 270,
    "Objects": [
        "basketball",
        "bed",
        "tv",
        "pillow"
    ]
} {
    "Place": 4,
    "Angle": 90,
    "Objects": [
        "laptop"
    ]
}{
    "Place": 4,
    "Angle": 270,
    "Objects": [
        "clouds"
    ]
} {
    "Place": 5,
    "Angle": 0,
    "Objects": [
        "painting",
        "wall"
    ]
}{
    "Place": 5,
    "Angle": 90,
    "Objects": [
        "picture",
        "tv"
    ]
}{
    "Place": 5,
    "Angle": 270,
    "Objects": [
        "chair",
        "diningtable"
    ]
} {
    "Place": 6,
    "Angle": 0,
    "Objects": [
        "window"
    ]
}{
    "Place": 6,
    "Angle": 90,
    "Objects": [
        "chair",
        "picture"
    ]
}{
    "Place": 6,
    "Angle": 180,
    "Objects": [
        "furniture"
    ]
}{
    "Place": 6,
    "Angle": 270,
    "Objects": [
        "clouds"
    ]
}
[Debug] resolver candidates place=0: exact=1 relaxed_or_synthesized=1
[Debug] resolver candidates place=3: exact=2 relaxed_or_synthesized=2
[Debug] resolver candidates place=5: exact=3 relaxed_or_synthesized=1
[Debug] allowed planner objects: ['doorway']
[Debug] allowed planner objects by place: {0: [], 1: [], 4: [], 5: ['doorway']}
Setting `pad_token_id` to `eos_token_id`:151645 for open-end generation.
Setting `pad_token_id` to `eos_token_id`:151645 for open-end generation.
Setting `pad_token_id` to `eos_token_id`:151645 for open-end generation.
Setting `pad_token_id` to `eos_token_id`:151645 for open-end generation.
[Debug] bypassing planner because only one target is allowed: {"Place": 5, "Angle": 180, "Objects": ["doorway"]}
{"Place": 5, "Angle": 180, "Objects": ["doorway"]}
[Debug] planner selected: place=5, angle=180, objects=['doorway']
last_key:['Place 0', 'Place 1', 'Place 2', 'Place 0', 'Place 4', 'Place 5', 'Place 3']
[Debug] allowed_targets_by_place[5] candidates: [('doorway', 180, 39, 1.0, 'doorway', array([10.49774 ,  1.051794,  4.478892], dtype=float32)), ('tv', 90, 125, 1.0, 'tv', array([6.8019023, 2.0757647, 2.0704536], dtype=float32)), ('tv', 270, 126, 1.0, 'tv', array([8.199375 , 1.6447582, 4.759744 ], dtype=float32)), ('bed', 270, 3, 1.0, 'bed', array([10.395029  ,  0.33533388,  7.259427  ], dtype=float32)), ('basketball', 270, 2, 1.0, 'basketball', array([9.44822   , 0.11999999, 6.7119393 ], dtype=float32)), ('painting', 0, 75, 0.7150622606277466, 'painting', array([12.151395 ,  2.0843115,  7.6671996], dtype=float32)), ('diningtable', 270, 34, 0.6230829358100891, 'diningtable', array([1.3321252 , 0.39023355, 5.19577   ], dtype=float32)), ('painting', 0, 82, 0.5804156064987183, 'painting', array([3.1593304, 2.0613134, 6.0611296], dtype=float32)), ('chair', 90, 26, 0.5, 'chair', array([0.28238097, 0.43746465, 5.194174  ], dtype=float32)), ('painting', 90, 83, 0.5, 'painting', array([0.02087049, 1.222827  , 0.49094203], dtype=float32)), ('fridge', 180, 58, 0.9570007920265198, 'fridge', array([3.7021108 , 0.82458127, 0.4818329 ], dtype=float32))]
[Debug] resolved target tuple: ('doorway', 180, 39, 1.0, 'doorway', array([10.49774 ,  1.051794,  4.478892], dtype=float32)) from representative place 5
[Debug] resolved source place: 7 for representative place 5
5
final_goal:sink,sub_goal:doorway,place:5,trajectory: diningtable in Place 0.sofa in Place 1.doorway in Place 0.window in Place 0.painting in Place 4.
sub_target_id:39
target:doorway
final_goal:sink
final_length:30.220561981201172
[Timing] pathfinder to-subgoal elapsed=0.323s found=True
[Debug] sub-goal visible on screen: label=doorway ratio=0.063926 bbox=329x502
Agent is within 1m of the target. Stopping.
[Debug] observation rotation: angle=0 pause=0.25s
[Debug] observation rotation: angle=90 pause=0.25s
[Debug] observation rotation: angle=180 pause=0.25s
[Debug] observation rotation: angle=270 pause=0.25s
[Debug] calling detection service: position_id=big+8+8 angle=0 prompt='sink . window . bed . chair .'
[Debug] received detection service result: position_id=big+8+8 angle=0
[Debug] calling detection service: position_id=big+8+8 angle=90 prompt='sink . desk . cup .'
[Debug] received detection service result: position_id=big+8+8 angle=90
[Debug] calling detection service: position_id=big+8+8 angle=180 prompt='sink . bathroom sink . bathroom vanity . bathroom mirror .'
[Debug] received detection service result: position_id=big+8+8 angle=180
[Debug] calling detection service: position_id=big+8+8 angle=270 prompt='sink . doorway . wall .'
[Debug] received detection service result: position_id=big+8+8 angle=270
[Debug] box_info_list_sum: [[{'label': 'window', 'box': [845, 447, 1023, 627]}, {'label': 'chair', 'box': [629, 593, 810, 809]}, {'label': 'bed', 'box': [365, 650, 596, 992]}], [{'label': 'cup', 'box': [671, 776, 712, 825]}], [], [{'label': 'doorway', 'box': [889, 392, 1024, 859]}]]
chair
desk
[Debug] max_similar_objs_list: [[('chair', 0, 28, 1.0, 'chair', array([11.707092  ,  0.53407973,  7.7716703 ], dtype=float32))], [('desk', 90, 33, 0.6887271404266357, 'desk', array([11.862425 ,  0.6051809,  4.744301 ], dtype=float32))]]
[Debug] empty_position: []
 {
    "Place": 0,
    "Angle": 90,
    "Objects": [
        "box"
    ]
}{
    "Place": 0,
    "Angle": 180,
    "Objects": [
        "floor",
        "wall",
        "plant",
        "table"
    ]
} {
    "Place": 1,
    "Angle": 0,
    "Objects": [
        "pen"
    ]
}{
    "Place": 1,
    "Angle": 90,
    "Objects": [
        "wall",
        "shadow"
    ]
}{
    "Place": 1,
    "Angle": 180,
    "Objects": [
        "mirror",
        "doorway"
    ]
} {
    "Place": 2,
    "Angle": 180,
    "Objects": [
        "countertop"
    ]
}{
    "Place": 2,
    "Angle": 270,
    "Objects": [
        "tv stand"
    ]
} {
    "Place": 3,
    "Angle": 0,
    "Objects": [
        "background",
        "color"
    ]
}{
    "Place": 3,
    "Angle": 180,
    "Objects": [
        "doorway",
        "wall"
    ]
}{
    "Place": 3,
    "Angle": 270,
    "Objects": [
        "bed"
    ]
} {
    "Place": 7,
    "Angle": 0,
    "Objects": [
        "painting",
        "wall"
    ]
}{
    "Place": 7,
    "Angle": 90,
    "Objects": [
        "window"
    ]
}{
    "Place": 7,
    "Angle": 270,
    "Objects": [
        "basketball",
        "bed",
        "tv",
        "pillow"
    ]
} {
    "Place": 8,
    "Angle": 0,
    "Objects": [
        "chair",
        "sports ball"
    ]
}{
    "Place": 8,
    "Angle": 90,
    "Objects": [
        "desk",
        "desk"
    ]
}{
    "Place": 8,
    "Angle": 180,
    "Objects": [
        "bathroom vanity",
        "blue recycling bin",
        "bathroom sink",
        "bathroom mirror"
    ]
} {
    "Place": 4,
    "Angle": 90,
    "Objects": [
        "laptop"
    ]
}{
    "Place": 4,
    "Angle": 270,
    "Objects": [
        "clouds"
    ]
} {
    "Place": 5,
    "Angle": 0,
    "Objects": [
        "painting",
        "wall"
    ]
}{
    "Place": 5,
    "Angle": 90,
    "Objects": [
        "picture",
        "tv"
    ]
}{
    "Place": 5,
    "Angle": 270,
    "Objects": [
        "chair",
        "diningtable"
    ]
} {
    "Place": 6,
    "Angle": 0,
    "Objects": [
        "window"
    ]
}{
    "Place": 6,
    "Angle": 90,
    "Objects": [
        "chair",
        "picture"
    ]
}{
    "Place": 6,
    "Angle": 180,
    "Objects": [
        "furniture"
    ]
}{
    "Place": 6,
    "Angle": 270,
    "Objects": [
        "clouds"
    ]
}
[Debug] resolver candidates place=0: exact=1 relaxed_or_synthesized=1
[Debug] resolver candidates place=3: exact=2 relaxed_or_synthesized=2
[Debug] resolver candidates place=5: exact=3 relaxed_or_synthesized=1
[Debug] allowed planner objects: ['desk', 'chair']
[Debug] allowed planner objects by place: {0: [], 1: [], 4: [], 5: [], 8: ['chair', 'desk']}
The above is a description of different places in different angles in the environment.Your can get to any place described in the json data. Your goal is to find the sink. Based on the above json data, please choose one specific object to travel to as your target. If your goal is already in the description, please choose it as the target. You must choose an object only from this allowed list: desk, chair. Do not output any object name that is not in the allowed list. Valid choosable objects by place are: Place 8: chair, desk. The Objects field must contain exactly one object from the chosen place list.Note that you can travel to door or door frame to other spaces if there are no clear evidence to choose the target.  Return exactly one JSON object by referring to the following template.
            {"Place": x, "Angle": x, "Objects": ["xxxx"] }
            If your goal is already in the description, please choose it as the target. You should not output any explanation, markdown, prose, examples, or extra text before or after the JSON. Note that your should choose only one object in one angle of one place in the json data as the target.
{"Place": "desk", "Angle": "270", "Objects": ["desk"]}
[Timing] planning mode=kv elapsed=1.604s
{"Place": 8, "Angle": 270, "Objects": ["desk"]}
[Debug] planner selected: place=8, angle=270, objects=['desk']
last_key:['Place 0', 'Place 1', 'Place 2', 'Place 0', 'Place 4', 'Place 5', 'Place 3', 'Place 7']
[Debug] allowed_targets_by_place[8] candidates: [('chair', 0, 28, 1.0, 'chair', array([11.707092  ,  0.53407973,  7.7716703 ], dtype=float32)), ('desk', 90, 33, 0.6887271404266357, 'desk', array([11.862425 ,  0.6051809,  4.744301 ], dtype=float32))]
[Debug] resolved target tuple: ('desk', 90, 33, 0.6887271404266357, 'desk', array([11.862425 ,  0.6051809,  4.744301 ], dtype=float32)) from representative place 8
[Debug] resolved source place: 8 for representative place 8
8
Setting `pad_token_id` to `eos_token_id`:151645 for open-end generation.
Setting `pad_token_id` to `eos_token_id`:151645 for open-end generation.
Setting `pad_token_id` to `eos_token_id`:151645 for open-end generation.
Setting `pad_token_id` to `eos_token_id`:151645 for open-end generation.
Setting `pad_token_id` to `eos_token_id`:151645 for open-end generation.
Setting `pad_token_id` to `eos_token_id`:151645 for open-end generation.
Setting `pad_token_id` to `eos_token_id`:151645 for open-end generation.
Setting `pad_token_id` to `eos_token_id`:151645 for open-end generation.
final_goal:sink,sub_goal:desk,place:8,trajectory: diningtable in Place 0.sofa in Place 1.doorway in Place 0.window in Place 0.painting in Place 4.desk in Place 8.
sub_target_id:33
target:desk
final_goal:sink
final_length:32.9454345703125
[Timing] pathfinder to-subgoal elapsed=0.111s found=True
[Debug] sub-goal visible on screen: label=desk ratio=0.066830 bbox=350x373
[Debug] observation rotation: angle=0 pause=0.25s
[Debug] observation rotation: angle=90 pause=0.25s
[Debug] observation rotation: angle=180 pause=0.25s
[Debug] observation rotation: angle=270 pause=0.25s
[Debug] calling detection service: position_id=big+9+9 angle=0 prompt='sink . window . bed . remote .'
[Debug] received detection service result: position_id=big+9+9 angle=0
[Debug] calling detection service: position_id=big+9+9 angle=90 prompt='sink . desk . cell phone .'
[Debug] received detection service result: position_id=big+9+9 angle=90
[Debug] calling detection service: position_id=big+9+9 angle=180 prompt='sink . doorway . picture .'
[Debug] received detection service result: position_id=big+9+9 angle=180
[Debug] calling detection service: position_id=big+9+9 angle=270 prompt='sink . doorway .'
[Debug] received detection service result: position_id=big+9+9 angle=270
[Debug] box_info_list_sum: [[{'label': 'bed', 'box': [133, 649, 440, 993]}, {'label': 'remote', 'box': [315, 804, 348, 843]}, {'label': 'window', 'box': [673, 409, 876, 659]}], [{'label': 'desk', 'box': [0, 722, 1023, 1023]}, {'label': 'cell phone', 'box': [140, 767, 285, 803]}], [{'label': 'doorway', 'box': [668, 110, 1023, 1022]}], [{'label': 'doorway', 'box': [203, 311, 611, 1021]}]]
cellphone
[Debug] max_similar_objs_list: [[('cellphone', 90, 17, 0.8401109576225281, 'cellphone', array([12.05555  ,  1.145367 ,  5.2157555], dtype=float32))]]
[Debug] empty_position: []
 {
    "Place": 0,
    "Angle": 90,
    "Objects": [
        "box"
    ]
}{
    "Place": 0,
    "Angle": 180,
    "Objects": [
        "floor",
        "wall",
        "plant",
        "table"
    ]
} {
    "Place": 1,
    "Angle": 0,
    "Objects": [
        "pen"
    ]
}{
    "Place": 1,
    "Angle": 90,
    "Objects": [
        "wall",
        "shadow"
    ]
}{
    "Place": 1,
    "Angle": 180,
    "Objects": [
        "mirror",
        "doorway"
    ]
} {
    "Place": 2,
    "Angle": 180,
    "Objects": [
        "countertop"
    ]
}{
    "Place": 2,
    "Angle": 270,
    "Objects": [
        "tv stand"
    ]
} {
    "Place": 3,
    "Angle": 0,
    "Objects": [
        "background",
        "color"
    ]
}{
    "Place": 3,
    "Angle": 180,
    "Objects": [
        "doorway",
        "wall"
    ]
}{
    "Place": 3,
    "Angle": 270,
    "Objects": [
        "bed"
    ]
} {
    "Place": 7,
    "Angle": 0,
    "Objects": [
        "painting",
        "wall"
    ]
}{
    "Place": 7,
    "Angle": 90,
    "Objects": [
        "window"
    ]
}{
    "Place": 7,
    "Angle": 270,
    "Objects": [
        "basketball",
        "bed",
        "tv",
        "pillow"
    ]
} {
    "Place": 8,
    "Angle": 0,
    "Objects": [
        "chair",
        "sports ball"
    ]
}{
    "Place": 8,
    "Angle": 180,
    "Objects": [
        "bathroom vanity",
        "blue recycling bin",
        "bathroom sink",
        "bathroom mirror"
    ]
} {
    "Place": 9,
    "Angle": 0,
    "Objects": [
        "pillow"
    ]
}{
    "Place": 9,
    "Angle": 90,
    "Objects": [
        "cellphone"
    ]
}{
    "Place": 9,
    "Angle": 180,
    "Objects": [
        "picture"
    ]
}{
    "Place": 9,
    "Angle": 270,
    "Objects": [
        "sink"
    ]
} {
    "Place": 4,
    "Angle": 90,
    "Objects": [
        "laptop"
    ]
}{
    "Place": 4,
    "Angle": 270,
    "Objects": [
        "clouds"
    ]
} {
    "Place": 5,
    "Angle": 0,
    "Objects": [
        "painting",
        "wall"
    ]
}{
    "Place": 5,
    "Angle": 90,
    "Objects": [
        "picture",
        "tv"
    ]
}{
    "Place": 5,
    "Angle": 270,
    "Objects": [
        "chair",
        "diningtable"
    ]
} {
    "Place": 6,
    "Angle": 0,
    "Objects": [
        "window"
    ]
}{
    "Place": 6,
    "Angle": 90,
    "Objects": [
        "chair",
        "picture"
    ]
}{
    "Place": 6,
    "Angle": 180,
    "Objects": [
        "furniture"
    ]
}{
    "Place": 6,
    "Angle": 270,
    "Objects": [
        "clouds"
    ]
}
[Debug] resolver candidates place=0: exact=1 relaxed_or_synthesized=1
[Debug] resolver candidates place=3: exact=2 relaxed_or_synthesized=2
[Debug] resolver candidates place=5: exact=3 relaxed_or_synthesized=1
[Debug] allowed planner objects: []
[Debug] allowed planner objects by place: {0: [], 1: [], 4: [], 5: [], 8: []}
[Debug] resolver candidates place=0: exact=1 relaxed_or_synthesized=1
[Debug] resolver candidates place=3: exact=2 relaxed_or_synthesized=2
[Debug] resolver candidates place=5: exact=3 relaxed_or_synthesized=1
[Debug] no allowed planner objects and no deterministic fallback; stopping episode
[Timing] episode elapsed=222.911s sr=0 spl=0.0000 final_length=33.9025
[Timing] val_auto episode total elapsed=222.912s goal=sink sr=0 spl=0.0000 completed_eval_episodes=6/10
[Debug] selectable goal names count=31 sample=['apple', 'bottle', 'chair', 'countertop', 'creditcard', 'cup', 'diningtable', 'dishsponge', 'doorway', 'floor']
[Debug] requested EFFICIENTNAV_TARGET_OBJECT='sink' not found in current house; skipping house
[Debug] skipping house because no target object could be selected
[Debug] selectable goal names count=61 sample=['alarmclock', 'apple', 'baseballbat', 'bed', 'book', 'bowl', 'box', 'cd', 'cellphone', 'cloth']
[Debug] using requested target object=sink
[Debug] reachable_positions=1579 candidate_objects_for_sink=4
[Debug] starting independent environment episode=1/1
[Debug] experiment setup: seed=7 goal_instance_index=random start_index=random start_rotation=270.0 start_point=(1.250, 0.901, 5.250)
[Timing] pathfinder goal-distance elapsed=0.548s found=True
real_distance:1.7677669529663689
[Debug] observation rotation: angle=0 pause=0.25s
[Debug] observation rotation: angle=90 pause=0.25s
[Debug] observation rotation: angle=180 pause=0.25s
[Debug] observation rotation: angle=270 pause=0.25s
[Debug] calling detection service: position_id=big+0+0 angle=0 prompt='sink . toilet . trash bin .'
[Debug] received detection service result: position_id=big+0+0 angle=0
[Debug] calling detection service: position_id=big+0+0 angle=90 prompt='sink . doorway .'
[Debug] received detection service result: position_id=big+0+0 angle=90
[Debug] calling detection service: position_id=big+0+0 angle=180 prompt='sink . tv . bed . picture frame .'
[Debug] received detection service result: position_id=big+0+0 angle=180
[Debug] calling detection service: position_id=big+0+0 angle=270 prompt='sink . doorway . painting .'
[Debug] received detection service result: position_id=big+0+0 angle=270
[Debug] box_info_list_sum: [[{'label': 'toilet', 'box': [713, 626, 931, 849]}, {'label': 'trash bin', 'box': [201, 727, 343, 932]}, {'label': 'sink', 'box': [931, 671, 1023, 779]}], [{'label': 'doorway', 'box': [217, 255, 748, 1022]}, {'label': 'sink', 'box': [0, 666, 171, 778]}], [{'label': 'tv', 'box': [61, 486, 193, 553]}, {'label': 'bed', 'box': [399, 583, 672, 725]}, {'label': 'picture frame', 'box': [226, 481, 744, 616]}], [{'label': 'doorway', 'box': [265, 239, 821, 1021]}, {'label': 'painting', 'box': [0, 381, 189, 692]}]]
toilet
garbagecan
[Debug] preserving goal candidate: label=sink angle=0 obj_id=149 visible_ratio=0.011243 bbox=92x351 box_match=0.6780 detection_bbox=92x108
sink
doorway
[Debug] preserving goal candidate: label=sink angle=90 obj_id=149 visible_ratio=0.038277 bbox=171x355 box_match=0.7424 detection_bbox=171x112
tv
bed
window
painting
Setting `pad_token_id` to `eos_token_id`:151645 for open-end generation.
Setting `pad_token_id` to `eos_token_id`:151645 for open-end generation.
Setting `pad_token_id` to `eos_token_id`:151645 for open-end generation.
Setting `pad_token_id` to `eos_token_id`:151645 for open-end generation.
[Debug] max_similar_objs_list: [[('toilet', 0, 170, 1.0, 'toilet', array([2.7757955 , 0.47275966, 7.786147  ], dtype=float32))], [('garbagecan', 0, 94, 0.6123936772346497, 'garbagecan', array([0.2650177, 0.3094639, 7.382598 ], dtype=float32))], [('sink', 0, 149, 1.0, 'sink', array([2.928998 , 0.4880427, 6.804423 ], dtype=float32))], [('doorway', 90, 42, 1.0, 'doorway', array([1.2725202, 1.0462728, 5.2706556], dtype=float32))], [('tv', 180, 166, 1.0, 'tv', array([5.0914555, 1.5032494, 0.0893748], dtype=float32))], [('bed', 180, 11, 1.0, 'bed', array([1.0615703 , 0.41703266, 0.68861824], dtype=float32))], [('window', 180, 254, 0.5928632020950317, 'window', array([3.5436811, 1.4093411, 0.       ], dtype=float32))], [('painting', 270, 120, 1.0, 'painting', array([0.01299965, 1.5128127 , 4.089783  ], dtype=float32))]]
[Debug] empty_position: []
 {
    "Place": 0,
    "Angle": 0,
    "Objects": [
        "toilet",
        "garbagecan",
        "sink"
    ]
}{
    "Place": 0,
    "Angle": 90,
    "Objects": [
        "doorway"
    ]
}{
    "Place": 0,
    "Angle": 180,
    "Objects": [
        "teddy bear",
        "bed",
        "tv",
        "window"
    ]
}{
    "Place": 0,
    "Angle": 270,
    "Objects": [
        "painting"
    ]
}
[Debug] allowed planner objects: ['sink', 'doorway', 'window', 'toilet', 'tv', 'bed', 'painting', 'garbagecan']
[Debug] allowed planner objects by place: {0: ['sink', 'doorway', 'window', 'toilet', 'tv', 'bed', 'painting', 'garbagecan']}
[Debug] bypassing planner because goal is already observed: {"Place": 0, "Angle": 0, "Objects": ["sink"]}
{"Place": 0, "Angle": 0, "Objects": ["sink"]}
[Debug] planner selected: place=0, angle=0, objects=['sink']
last_key:[]
[Debug] allowed_targets_by_place[0] candidates: [('sink', 0, 149, 1.0, 'sink', array([2.928998 , 0.4880427, 6.804423 ], dtype=float32)), ('doorway', 90, 42, 1.0, 'doorway', array([1.2725202, 1.0462728, 5.2706556], dtype=float32)), ('window', 180, 254, 0.5928632020950317, 'window', array([3.5436811, 1.4093411, 0.       ], dtype=float32)), ('toilet', 0, 170, 1.0, 'toilet', array([2.7757955 , 0.47275966, 7.786147  ], dtype=float32)), ('tv', 180, 166, 1.0, 'tv', array([5.0914555, 1.5032494, 0.0893748], dtype=float32)), ('bed', 180, 11, 1.0, 'bed', array([1.0615703 , 0.41703266, 0.68861824], dtype=float32)), ('painting', 270, 120, 1.0, 'painting', array([0.01299965, 1.5128127 , 4.089783  ], dtype=float32)), ('garbagecan', 0, 94, 0.6123936772346497, 'garbagecan', array([0.2650177, 0.3094639, 7.382598 ], dtype=float32))]
[Debug] resolved target tuple: ('sink', 0, 149, 1.0, 'sink', array([2.928998 , 0.4880427, 6.804423 ], dtype=float32)) from representative place 0
[Debug] resolved source place: 0 for representative place 0
0
final_goal:sink,sub_goal:sink,place:0,trajectory: sink in Place 0.
sub_target_id:149
target:sink
final_goal:sink
final_length:0
[Timing] pathfinder to-subgoal elapsed=0.621s found=True
[Debug] sub-goal visible on screen: label=sink ratio=0.028443 bbox=173x323
[Debug] calling detection service: position_id=goal-visible-1-0-1 angle=45 prompt='sink .'
[Debug] received detection service result: position_id=goal-visible-1-0-1 angle=45
[Debug] final goal visible on screen: label=sink ratio=0.028443 semantic_bbox=173x323 rgb_bbox=174x94
[Debug] saved final goal bbox: tmp/navigation_images/final_goal_visible_step_1.png
[Debug] final goal detected; approaching GT coordinates before stopping
[Timing] pathfinder final-approach elapsed=0.338s found=True
[Debug] close enough to final goal coordinates: label=sink distance=1.395
[Timing] episode elapsed=20.140s sr=1 spl=1.0000 final_length=0.7071
[Timing] val_auto episode total elapsed=20.140s goal=sink sr=1 spl=1.0000 completed_eval_episodes=7/10
[Debug] episode success: final_goal=sink sr=1 spl=1.0000 final_length=0.7071
[Debug] selectable goal names count=52 sample=['apple', 'basketball', 'bed', 'book', 'bowl', 'box', 'bread', 'cellphone', 'chair', 'countertop']
[Debug] using requested target object=sink
[Debug] reachable_positions=530 candidate_objects_for_sink=1
[Debug] starting independent environment episode=1/1
[Debug] experiment setup: seed=7 goal_instance_index=random start_index=random start_rotation=270.0 start_point=(4.250, 0.901, 6.250)
[Timing] pathfinder goal-distance elapsed=0.922s found=True
real_distance:4.871320343559643
[Debug] observation rotation: angle=0 pause=0.25s
[Debug] observation rotation: angle=90 pause=0.25s
[Debug] observation rotation: angle=180 pause=0.25s
[Debug] observation rotation: angle=270 pause=0.25s
[Debug] calling detection service: position_id=big+0+0 angle=0 prompt='sink . doorway . window .'
[Debug] received detection service result: position_id=big+0+0 angle=0
[Debug] calling detection service: position_id=big+0+0 angle=90 prompt='sink . table . tv . vase .'
[Debug] received detection service result: position_id=big+0+0 angle=90
[Debug] calling detection service: position_id=big+0+0 angle=180 prompt='sink . doorway . ceiling . wall .'
[Debug] received detection service result: position_id=big+0+0 angle=180
[Debug] calling detection service: position_id=big+0+0 angle=270 prompt='sink . desk . statue . laptop .'
[Debug] received detection service result: position_id=big+0+0 angle=270
[Debug] box_info_list_sum: [[{'label': 'window', 'box': [439, 353, 703, 702]}, {'label': 'doorway', 'box': [736, 202, 1022, 951]}], [{'label': 'tv', 'box': [218, 526, 383, 611]}, {'label': 'table', 'box': [22, 641, 257, 826]}, {'label': 'vase', 'box': [138, 612, 179, 671]}, {'label': 'sink', 'box': [375, 604, 474, 734]}], [{'label': 'doorway', 'box': [376, 412, 566, 807]}, {'label': 'ceiling', 'box': [181, 0, 1022, 252]}], [{'label': 'laptop', 'box': [417, 663, 608, 817]}, {'label': 'desk', 'box': [89, 746, 1023, 1022]}]]
window
doorway
tv
floor
wall
[Debug] dropped verified goal candidate: label=sink angle=90 box=[375, 604, 474, 734] overlaps=sofa#72:0.759, pillow#61:0.143, wall#114:0.086, doorway#22:0.006, floor#39:0.003
sofa
doorway
wall
laptop
floor
[Debug] max_similar_objs_list: [[('window', 0, 118, 1.0, 'window', array([4.5119095, 1.4993188, 8.624    ], dtype=float32))], [('doorway', 0, 22, 1.0, 'doorway', array([5.5976553, 1.046273 , 7.212306 ], dtype=float32))], [('tv', 90, 79, 1.0, 'tv', array([8.404678 , 1.1197861, 7.9440575], dtype=float32))], [('floor', 90, 39, 0.6794582009315491, 'floor', array([4.312, 0.   , 4.312], dtype=float32))], [('wall', 90, 115, 0.5753442049026489, 'wall', array([4.312    , 1.5017834, 4.312    ], dtype=float32))], [('sofa', 90, 72, 0.5426747798919678, 'sofa', array([8.125509  , 0.40856627, 6.387311  ], dtype=float32))], [('doorway', 180, 21, 1.0, 'doorway', array([4.5023813, 1.0500227, 3.026585 ], dtype=float32))], [('wall', 180, 97, 0.6041585206985474, 'wall', array([2.5874994, 1.5017834, 2.5874996], dtype=float32))], [('laptop', 270, 47, 1.0, 'laptop', array([2.7749949 , 0.93817943, 6.2540607 ], dtype=float32))], [('floor', 270, 37, 0.6499540209770203, 'floor', array([2.5875, 0.    , 4.312 ], dtype=float32))]]
[Debug] empty_position: []
 {
    "Place": 0,
    "Angle": 0,
    "Objects": [
        "window",
        "doorway"
    ]
}{
    "Place": 0,
    "Angle": 90,
    "Objects": [
        "wall",
        "tv",
        "floor"
    ]
}{
    "Place": 0,
    "Angle": 180,
    "Objects": [
        "doorway",
        "wall",
        "wall"
    ]
}{
    "Place": 0,
    "Angle": 270,
    "Objects": [
        "statue",
        "bed",
        "floor",
        "laptop"
    ]
}
[Debug] allowed planner objects: ['doorway', 'window', 'tv', 'laptop']
[Debug] allowed planner objects by place: {0: ['doorway', 'window', 'tv', 'laptop']}
Setting `pad_token_id` to `eos_token_id`:151645 for open-end generation.
Setting `pad_token_id` to `eos_token_id`:151645 for open-end generation.
Setting `pad_token_id` to `eos_token_id`:151645 for open-end generation.
Setting `pad_token_id` to `eos_token_id`:151645 for open-end generation.
Setting `pad_token_id` to `eos_token_id`:151645 for open-end generation.
Setting `pad_token_id` to `eos_token_id`:151645 for open-end generation.
Setting `pad_token_id` to `eos_token_id`:151645 for open-end generation.
Setting `pad_token_id` to `eos_token_id`:151645 for open-end generation.
The above is a description of different places in different angles in the environment.Your can get to any place described in the json data. Your goal is to find the sink. Based on the above json data, please choose one specific object to travel to as your target. If your goal is already in the description, please choose it as the target. You must choose an object only from this allowed list: doorway, window, tv, laptop. Do not output any object name that is not in the allowed list. Valid choosable objects by place are: Place 0: doorway, window, tv, laptop. The Objects field must contain exactly one object from the chosen place list.Note that you can travel to door or door frame to other spaces if there are no clear evidence to choose the target.  Return exactly one JSON object by referring to the following template.
            {"Place": x, "Angle": x, "Objects": ["xxxx"] }
            If your goal is already in the description, please choose it as the target. You should not output any explanation, markdown, prose, examples, or extra text before or after the JSON. Note that your should choose only one object in one angle of one place in the json data as the target.
{"Place": 0, "Angle": 0, "Objects": ["window"]}
[Timing] planning mode=kv elapsed=1.598s
{"Place": 0, "Angle": 0, "Objects": ["window"]}
[Debug] planner selected: place=0, angle=0, objects=['window']
last_key:[]
[Debug] allowed_targets_by_place[0] candidates: [('doorway', 0, 22, 1.0, 'doorway', array([5.5976553, 1.046273 , 7.212306 ], dtype=float32)), ('doorway', 180, 21, 1.0, 'doorway', array([4.5023813, 1.0500227, 3.026585 ], dtype=float32)), ('window', 0, 118, 1.0, 'window', array([4.5119095, 1.4993188, 8.624    ], dtype=float32)), ('tv', 90, 79, 1.0, 'tv', array([8.404678 , 1.1197861, 7.9440575], dtype=float32)), ('laptop', 270, 47, 1.0, 'laptop', array([2.7749949 , 0.93817943, 6.2540607 ], dtype=float32))]
[Debug] resolved target tuple: ('window', 0, 118, 1.0, 'window', array([4.5119095, 1.4993188, 8.624    ], dtype=float32)) from representative place 0
[Debug] resolved source place: 0 for representative place 0
0
final_goal:sink,sub_goal:window,place:0,trajectory: window in Place 0.
sub_target_id:118
target:window
final_goal:sink
final_length:0
[Timing] pathfinder to-subgoal elapsed=0.437s found=True
[Debug] sub-goal visible on screen: label=window ratio=0.106861 bbox=250x537
[Debug] observation rotation: angle=0 pause=0.25s
[Debug] observation rotation: angle=90 pause=0.25s
[Debug] observation rotation: angle=180 pause=0.25s
[Debug] observation rotation: angle=270 pause=0.25s
[Debug] calling detection service: position_id=big+1+1 angle=0 prompt='sink . sea . mountain . clouds .'
[Debug] received detection service result: position_id=big+1+1 angle=0
[Debug] calling detection service: position_id=big+1+1 angle=90 prompt='sink . picture . window . sofa .'
[Debug] received detection service result: position_id=big+1+1 angle=90
[Debug] calling detection service: position_id=big+1+1 angle=180 prompt='sink . desk . chair .'
[Debug] received detection service result: position_id=big+1+1 angle=180
[Debug] calling detection service: position_id=big+1+1 angle=270 prompt='sink . desk . bunk bed .'
[Debug] received detection service result: position_id=big+1+1 angle=270
[Debug] box_info_list_sum: [[{'label': 'mountain', 'box': [1, 639, 1021, 1021]}], [{'label': 'sofa', 'box': [647, 611, 938, 755]}, {'label': 'picture', 'box': [656, 424, 758, 500]}], [{'label': 'chair', 'box': [671, 706, 890, 1022]}, {'label': 'desk', 'box': [698, 662, 1023, 955]}], [{'label': 'bunk bed', 'box': [177, 414, 564, 719]}, {'label': 'desk', 'box': [0, 715, 279, 1023]}]]
painting
chair
bed
[Debug] max_similar_objs_list: [[('painting', 90, 54, 0.7150622606277466, 'painting', array([8.609325 , 1.9700842, 6.680473 ], dtype=float32))], [('chair', 180, 11, 1.0, 'chair', array([3.6317253 , 0.41710353, 6.4787354 ], dtype=float32))], [('bed', 270, 3, 0.6400976181030273, 'bed', array([0.60207653, 1.1599568 , 7.338763  ], dtype=float32))]]
[Debug] empty_position: []
 {
    "Place": 0,
    "Angle": 90,
    "Objects": [
        "wall",
        "tv",
        "floor"
    ]
}{
    "Place": 0,
    "Angle": 180,
    "Objects": [
        "doorway",
        "wall",
        "wall"
    ]
}{
    "Place": 0,
    "Angle": 270,
    "Objects": [
        "statue",
        "bed",
        "floor",
        "laptop"
    ]
} {
    "Place": 1,
    "Angle": 0,
    "Objects": [
        "sea",
        "forest",
        "clouds"
    ]
}{
    "Place": 1,
    "Angle": 90,
    "Objects": [
        "window",
        "painting"
    ]
}{
    "Place": 1,
    "Angle": 180,
    "Objects": [
        "chair"
    ]
}{
    "Place": 1,
    "Angle": 270,
    "Objects": [
        "bed"
    ]
}
[Debug] resolver candidates place=0: exact=3 relaxed_or_synthesized=1
[Debug] allowed planner objects: ['bed', 'chair', 'painting']
[Debug] allowed planner objects by place: {0: [], 1: ['chair', 'painting', 'bed']}
The above is a description of different places in different angles in the environment.Your can get to any place described in the json data. Your goal is to find the sink. Based on the above json data, please choose one specific object to travel to as your target. If your goal is already in the description, please choose it as the target. You must choose an object only from this allowed list: bed, chair, painting. Do not output any object name that is not in the allowed list. Valid choosable objects by place are: Place 1: chair, painting, bed. The Objects field must contain exactly one object from the chosen place list.Note that you can travel to door or door frame to other spaces if there are no clear evidence to choose the target.  Return exactly one JSON object by referring to the following template.
            {"Place": x, "Angle": x, "Objects": ["xxxx"] }
            If your goal is already in the description, please choose it as the target. You should not output any explanation, markdown, prose, examples, or extra text before or after the JSON. Note that your should choose only one object in one angle of one place in the json data as the target.
{"Place": 1, "Angle": 270, "Objects": ["bed"]}
[Timing] planning mode=kv elapsed=1.798s
{"Place": 1, "Angle": 270, "Objects": ["bed"]}
[Debug] planner selected: place=1, angle=270, objects=['bed']
last_key:['Place 0']
[Debug] allowed_targets_by_place[1] candidates: [('chair', 180, 11, 1.0, 'chair', array([3.6317253 , 0.41710353, 6.4787354 ], dtype=float32)), ('painting', 90, 54, 0.7150622606277466, 'painting', array([8.609325 , 1.9700842, 6.680473 ], dtype=float32)), ('bed', 270, 3, 0.6400976181030273, 'bed', array([0.60207653, 1.1599568 , 7.338763  ], dtype=float32))]
[Debug] resolved target tuple: ('bed', 270, 3, 0.6400976181030273, 'bed', array([0.60207653, 1.1599568 , 7.338763  ], dtype=float32)) from representative place 1
[Debug] resolved source place: 1 for representative place 1
1
final_goal:sink,sub_goal:bed,place:1,trajectory: window in Place 0.bed in Place 1.
sub_target_id:3
target:bed
final_goal:sink
final_length:2.7248735427856445
[Timing] pathfinder to-subgoal elapsed=0.407s found=True
[Debug] sub-goal visible on screen: label=bed ratio=0.063366 bbox=394x342
[Debug] observation rotation: angle=0 pause=0.25s
[Debug] observation rotation: angle=90 pause=0.25s
[Debug] observation rotation: angle=180 pause=0.25s
[Debug] observation rotation: angle=270 pause=0.25s
[Debug] calling detection service: position_id=big+2+2 angle=0 prompt='sink . statue . bed .'
[Debug] received detection service result: position_id=big+2+2 angle=0
[Debug] calling detection service: position_id=big+2+2 angle=90 prompt='sink . desk . statue . laptop .'
[Debug] received detection service result: position_id=big+2+2 angle=90
[Debug] calling detection service: position_id=big+2+2 angle=180 prompt='sink . desk . window . bed .'
[Debug] received detection service result: position_id=big+2+2 angle=180
[Debug] calling detection service: position_id=big+2+2 angle=270 prompt='sink . box . bed .'
[Debug] received detection service result: position_id=big+2+2 angle=270
Setting `pad_token_id` to `eos_token_id`:151645 for open-end generation.
Setting `pad_token_id` to `eos_token_id`:151645 for open-end generation.
Setting `pad_token_id` to `eos_token_id`:151645 for open-end generation.
Setting `pad_token_id` to `eos_token_id`:151645 for open-end generation.
[Debug] box_info_list_sum: [[{'label': 'bed', 'box': [0, 0, 387, 1022]}], [{'label': 'laptop', 'box': [781, 727, 1023, 868]}, {'label': 'desk', 'box': [417, 582, 1023, 1023]}, {'label': 'sink', 'box': [517, 567, 617, 635]}], [{'label': 'bed', 'box': [659, 1, 1023, 1022]}, {'label': 'desk', 'box': [0, 756, 190, 1023]}, {'label': 'window', 'box': [720, 476, 755, 574]}], [{'label': 'box', 'box': [284, 693, 643, 970]}, {'label': 'bed', 'box': [0, 747, 1023, 1023]}]]
[Debug] dropped verified goal candidate: label=sink angle=90 box=[517, 567, 617, 635] overlaps=sofa#72:0.838, pillow#61:0.093, wall#114:0.049, doorway#22:0.017, floor#39:0.003
box
[Debug] max_similar_objs_list: [[('box', 270, 7, 1.0, 'box', array([0.5842432, 1.005209 , 7.175965 ], dtype=float32))]]
[Debug] empty_position: [2]
 {
    "Place": 0,
    "Angle": 90,
    "Objects": [
        "wall",
        "tv",
        "floor"
    ]
}{
    "Place": 0,
    "Angle": 180,
    "Objects": [
        "doorway",
        "wall",
        "wall"
    ]
}{
    "Place": 0,
    "Angle": 270,
    "Objects": [
        "statue",
        "bed",
        "floor",
        "laptop"
    ]
} {
    "Place": 1,
    "Angle": 0,
    "Objects": [
        "sea",
        "forest",
        "clouds"
    ]
}{
    "Place": 1,
    "Angle": 90,
    "Objects": [
        "window",
        "painting"
    ]
}{
    "Place": 1,
    "Angle": 180,
    "Objects": [
        "chair"
    ]
} {
    "Place": 2,
    "Angle": 0,
    "Objects": [
        "statue"
    ]
}{
    "Place": 2,
    "Angle": 90,
    "Objects": [
        "lamp",
        "statue"
    ]
}{
    "Place": 2,
    "Angle": 180,
    "Objects": [
        "window"
    ]
}{
    "Place": 2,
    "Angle": 270,
    "Objects": [
        "box"
    ]
}
[Debug] resolver candidates place=0: exact=3 relaxed_or_synthesized=1
[Debug] allowed planner objects: ['doorway']
[Debug] allowed planner objects by place: {0: ['doorway'], 1: []}
[Debug] bypassing planner because only one target is allowed: {"Place": 0, "Angle": 180, "Objects": ["doorway"]}
{"Place": 0, "Angle": 180, "Objects": ["doorway"]}
[Debug] planner selected: place=0, angle=180, objects=['doorway']
last_key:['Place 0', 'Place 1']
[Debug] allowed_targets_by_place[0] candidates: [('doorway', 180, 21, 1.0, 'doorway', array([4.5023813, 1.0500227, 3.026585 ], dtype=float32)), ('box', 270, 7, 1.0, 'box', array([0.5842432, 1.005209 , 7.175965 ], dtype=float32)), ('tv', 90, 79, 1.0, 'tv', array([8.404678 , 1.1197861, 7.9440575], dtype=float32)), ('laptop', 270, 47, 1.0, 'laptop', array([2.7749949 , 0.93817943, 6.2540607 ], dtype=float32)), ('doorway', 0, 22, 1.0, 'doorway', array([5.5976553, 1.046273 , 7.212306 ], dtype=float32))]
[Debug] resolved target tuple: ('doorway', 180, 21, 1.0, 'doorway', array([4.5023813, 1.0500227, 3.026585 ], dtype=float32)) from representative place 0
[Debug] resolved source place: 0 for representative place 0
0
final_goal:sink,sub_goal:doorway,place:0,trajectory: window in Place 0.bed in Place 1.doorway in Place 0.
sub_target_id:21
target:doorway
final_goal:sink
final_length:6.346193790435791
[Timing] pathfinder to-subgoal elapsed=1.019s found=True
[Debug] sub-goal visible on screen: label=doorway ratio=0.032175 bbox=186x522
[Debug] calling detection service: position_id=goal-visible-3-2-9 angle=180 prompt='sink .'
[Debug] received detection service result: position_id=goal-visible-3-2-9 angle=180
[Debug] semantic goal candidate rejected by RGB detector: label=sink ratio=0.013456 semantic_bbox=117x272
[Debug] calling detection service: position_id=goal-visible-3-2-10 angle=180 prompt='sink .'
[Debug] received detection service result: position_id=goal-visible-3-2-10 angle=180
[Debug] final goal visible on screen: label=sink ratio=0.030597 semantic_bbox=198x310 rgb_bbox=200x84
[Debug] saved final goal bbox: tmp/navigation_images/final_goal_visible_step_10.png
[Debug] final goal detected; approaching GT coordinates before stopping
[Timing] pathfinder final-approach elapsed=0.264s found=True
[Debug] close enough to final goal coordinates: label=sink distance=1.327
[Timing] episode elapsed=87.715s sr=1 spl=0.4796 final_length=10.1569
[Timing] val_auto episode total elapsed=87.715s goal=sink sr=1 spl=0.4796 completed_eval_episodes=8/10
[Debug] episode success: final_goal=sink sr=1 spl=0.4796 final_length=10.1569
[Debug] selectable goal names count=23 sample=['book', 'candle', 'chair', 'creditcard', 'diningtable', 'dogbed', 'doorway', 'drawer', 'dresser', 'floor']
[Debug] requested EFFICIENTNAV_TARGET_OBJECT='sink' not found in current house; skipping house
[Debug] skipping house because no target object could be selected
[Debug] selectable goal names count=40 sample=['alarmclock', 'basketball', 'bed', 'book', 'bowl', 'candle', 'cd', 'cellphone', 'chair', 'creditcard']
[Debug] using requested target object=sink
[Debug] reachable_positions=359 candidate_objects_for_sink=1
[Debug] starting independent environment episode=1/1
[Debug] experiment setup: seed=7 goal_instance_index=random start_index=random start_rotation=270.0 start_point=(3.750, 0.901, 6.250)
[Timing] pathfinder goal-distance elapsed=0.457s found=True
real_distance:6.517766952966369
[Debug] observation rotation: angle=0 pause=0.25s
[Debug] observation rotation: angle=90 pause=0.25s
[Debug] observation rotation: angle=180 pause=0.25s
[Debug] observation rotation: angle=270 pause=0.25s
[Debug] calling detection service: position_id=big+0+0 angle=0 prompt='sink . table . lamp . digital clock .'
[Debug] received detection service result: position_id=big+0+0 angle=0
[Debug] calling detection service: position_id=big+0+0 angle=90 prompt='sink . doorway . window . bed .'
[Debug] received detection service result: position_id=big+0+0 angle=90
[Debug] calling detection service: position_id=big+0+0 angle=180 prompt='sink . doorway . floor . wall .'
[Debug] received detection service result: position_id=big+0+0 angle=180
[Debug] calling detection service: position_id=big+0+0 angle=270 prompt='sink . dresser . window . potted plant .'
[Debug] received detection service result: position_id=big+0+0 angle=270
[Debug] box_info_list_sum: [[{'label': 'table', 'box': [10, 672, 579, 1016]}, {'label': 'lamp', 'box': [231, 615, 305, 726]}], [{'label': 'window', 'box': [336, 363, 701, 612]}, {'label': 'bed', 'box': [5, 712, 463, 1022]}, {'label': 'doorway', 'box': [698, 421, 886, 818]}], [{'label': 'wall', 'box': [1, 0, 1023, 941]}, {'label': 'doorway', 'box': [582, 363, 870, 950]}, {'label': 'floor', 'box': [253, 936, 1022, 1023]}], [{'label': 'window', 'box': [554, 458, 687, 586]}, {'label': 'potted plant', 'box': [467, 586, 545, 751]}, {'label': 'dresser', 'box': [762, 593, 1023, 893]}]]
desk
desklamp
window
bed
doorway
wall
doorway
floor
window
plant
dresser
[Debug] max_similar_objs_list: [[('desk', 0, 12, 0.7797313928604126, 'desk', array([3.0712817, 0.4007243, 8.259719 ], dtype=float32))], [('desklamp', 0, 13, 0.7352255582809448, 'desklamp', array([2.8508606, 0.9856409, 8.159505 ], dtype=float32))], [('window', 90, 73, 1.0, 'window', array([6.531    , 1.5000001, 5.2169714], dtype=float32))], [('bed', 90, 3, 1.0, 'bed', array([5.8599143 , 0.33712292, 7.673498  ], dtype=float32))], [('doorway', 90, 16, 1.0, 'doorway', array([5.4898176, 1.0462728, 4.776655 ], dtype=float32))], [('wall', 180, 60, 1.0, 'wall', array([3.2655   , 2.4524524, 2.177    ], dtype=float32))], [('doorway', 180, 15, 1.0, 'doorway', array([2.981176 , 1.0500227, 4.354    ], dtype=float32))], [('floor', 180, 30, 1.0, 'floor', array([3.2655, 0.    , 4.354 ], dtype=float32))], [('window', 270, 74, 1.0, 'window', array([-2.9802322e-08,  1.4992814e+00,  7.0332365e+00], dtype=float32))], [('plant', 270, 34, 0.7787491083145142, 'plant', array([0.31499738, 0.54852486, 6.219814  ], dtype=float32))], [('dresser', 270, 27, 1.0, 'dresser', array([0.83150774, 0.484887  , 8.385969  ], dtype=float32))]]
[Debug] empty_position: []
Setting `pad_token_id` to `eos_token_id`:151645 for open-end generation.
Setting `pad_token_id` to `eos_token_id`:151645 for open-end generation.
Setting `pad_token_id` to `eos_token_id`:151645 for open-end generation.
Setting `pad_token_id` to `eos_token_id`:151645 for open-end generation.
Setting `pad_token_id` to `eos_token_id`:151645 for open-end generation.
Setting `pad_token_id` to `eos_token_id`:151645 for open-end generation.
Setting `pad_token_id` to `eos_token_id`:151645 for open-end generation.
Setting `pad_token_id` to `eos_token_id`:151645 for open-end generation.
 {
    "Place": 0,
    "Angle": 0,
    "Objects": [
        "desklamp",
        "digital clock",
        "cell phone",
        "desk"
    ]
}{
    "Place": 0,
    "Angle": 90,
    "Objects": [
        "window",
        "basketball",
        "bed",
        "doorway"
    ]
}{
    "Place": 0,
    "Angle": 180,
    "Objects": [
        "floor",
        "doorway",
        "wall"
    ]
}{
    "Place": 0,
    "Angle": 270,
    "Objects": [
        "window",
        "plant",
        "dresser"
    ]
}
[Debug] allowed planner objects: ['doorway', 'window', 'desk', 'dresser', 'plant', 'bed', 'desklamp']
[Debug] allowed planner objects by place: {0: ['doorway', 'window', 'dresser', 'bed', 'desk', 'plant', 'desklamp']}
The above is a description of different places in different angles in the environment.Your can get to any place described in the json data. Your goal is to find the sink. Based on the above json data, please choose one specific object to travel to as your target. If your goal is already in the description, please choose it as the target. You must choose an object only from this allowed list: doorway, window, desk, dresser, plant, bed, desklamp. Do not output any object name that is not in the allowed list. Valid choosable objects by place are: Place 0: doorway, window, dresser, bed, desk, plant, desklamp. The Objects field must contain exactly one object from the chosen place list.Note that you can travel to door or door frame to other spaces if there are no clear evidence to choose the target.  Return exactly one JSON object by referring to the following template.
            {"Place": x, "Angle": x, "Objects": ["xxxx"] }
            If your goal is already in the description, please choose it as the target. You should not output any explanation, markdown, prose, examples, or extra text before or after the JSON. Note that your should choose only one object in one angle of one place in the json data as the target.
{"Place": 0, "Angle": 0, "Objects": ["desk"]}
[Timing] planning mode=kv elapsed=1.673s
{"Place": 0, "Angle": 0, "Objects": ["desk"]}
[Debug] planner selected: place=0, angle=0, objects=['desk']
last_key:[]
[Debug] allowed_targets_by_place[0] candidates: [('doorway', 90, 16, 1.0, 'doorway', array([5.4898176, 1.0462728, 4.776655 ], dtype=float32)), ('doorway', 180, 15, 1.0, 'doorway', array([2.981176 , 1.0500227, 4.354    ], dtype=float32)), ('window', 90, 73, 1.0, 'window', array([6.531    , 1.5000001, 5.2169714], dtype=float32)), ('window', 270, 74, 1.0, 'window', array([-2.9802322e-08,  1.4992814e+00,  7.0332365e+00], dtype=float32)), ('dresser', 270, 27, 1.0, 'dresser', array([0.83150774, 0.484887  , 8.385969  ], dtype=float32)), ('bed', 90, 3, 1.0, 'bed', array([5.8599143 , 0.33712292, 7.673498  ], dtype=float32)), ('desk', 0, 12, 0.7797313928604126, 'desk', array([3.0712817, 0.4007243, 8.259719 ], dtype=float32)), ('plant', 270, 34, 0.7787491083145142, 'plant', array([0.31499738, 0.54852486, 6.219814  ], dtype=float32)), ('desklamp', 0, 13, 0.7352255582809448, 'desklamp', array([2.8508606, 0.9856409, 8.159505 ], dtype=float32))]
[Debug] resolved target tuple: ('desk', 0, 12, 0.7797313928604126, 'desk', array([3.0712817, 0.4007243, 8.259719 ], dtype=float32)) from representative place 0
[Debug] resolved source place: 0 for representative place 0
0
final_goal:sink,sub_goal:desk,place:0,trajectory: desk in Place 0.
sub_target_id:12
target:desk
final_goal:sink
final_length:0
[Timing] pathfinder to-subgoal elapsed=0.149s found=True
[Debug] sub-goal visible on screen: label=desk ratio=0.066923 bbox=506x293
[Debug] observation rotation: angle=0 pause=0.25s
[Debug] observation rotation: angle=90 pause=0.25s
[Debug] observation rotation: angle=180 pause=0.25s
[Debug] observation rotation: angle=270 pause=0.25s
[Debug] calling detection service: position_id=big+1+1 angle=0 prompt='sink . table . book .'
[Debug] received detection service result: position_id=big+1+1 angle=0
[Debug] calling detection service: position_id=big+1+1 angle=90 prompt='sink . window . bed . sports ball .'
[Debug] received detection service result: position_id=big+1+1 angle=90
[Debug] calling detection service: position_id=big+1+1 angle=180 prompt='sink . doorway . window .'
[Debug] received detection service result: position_id=big+1+1 angle=180
[Debug] calling detection service: position_id=big+1+1 angle=270 prompt='sink . cabinet . window . remote control .'
[Debug] received detection service result: position_id=big+1+1 angle=270
[Debug] box_info_list_sum: [[{'label': 'table', 'box': [11, 848, 811, 1022]}], [{'label': 'bed', 'box': [171, 667, 829, 1023]}, {'label': 'window', 'box': [564, 376, 903, 603]}, {'label': 'sports ball', 'box': [456, 667, 501, 715]}], [{'label': 'doorway', 'box': [511, 424, 683, 771]}], [{'label': 'window', 'box': [369, 453, 513, 591]}, {'label': 'remote control', 'box': [735, 832, 815, 914]}, {'label': 'cabinet', 'box': [598, 599, 836, 875]}]]
wall
remotecontrol
[Debug] max_similar_objs_list: [[('wall', 90, 59, 0.5592555999755859, 'wall', array([3.2654996, 2.4524524, 4.353999 ], dtype=float32))], [('remotecontrol', 270, 45, 0.8968856334686279, 'remotecontrol', array([2.410098 , 0.8133933, 8.055204 ], dtype=float32))]]
[Debug] empty_position: []
 {
    "Place": 0,
    "Angle": 90,
    "Objects": [
        "window",
        "basketball",
        "bed",
        "doorway"
    ]
}{
    "Place": 0,
    "Angle": 180,
    "Objects": [
        "floor",
        "doorway",
        "wall"
    ]
}{
    "Place": 0,
    "Angle": 270,
    "Objects": [
        "window",
        "plant",
        "dresser"
    ]
} {
    "Place": 1,
    "Angle": 0,
    "Objects": [
        "book"
    ]
}{
    "Place": 1,
    "Angle": 90,
    "Objects": [
        "wall",
        "teddy bear"
    ]
}{
    "Place": 1,
    "Angle": 180,
    "Objects": [
        "window"
    ]
}{
    "Place": 1,
    "Angle": 270,
    "Objects": [
        "potted plant",
        "remotecontrol"
    ]
}
[Debug] resolver candidates place=0: exact=7 relaxed_or_synthesized=1
[Debug] allowed planner objects: ['remotecontrol']
[Debug] allowed planner objects by place: {0: [], 1: ['remotecontrol']}
[Debug] bypassing planner because only one target is allowed: {"Place": 1, "Angle": 270, "Objects": ["remotecontrol"]}
{"Place": 1, "Angle": 270, "Objects": ["remotecontrol"]}
[Debug] planner selected: place=1, angle=270, objects=['remotecontrol']
last_key:['Place 0']
[Debug] allowed_targets_by_place[1] candidates: [('remotecontrol', 270, 45, 0.8968856334686279, 'remotecontrol', array([2.410098 , 0.8133933, 8.055204 ], dtype=float32))]
[Debug] resolved target tuple: ('remotecontrol', 270, 45, 0.8968856334686279, 'remotecontrol', array([2.410098 , 0.8133933, 8.055204 ], dtype=float32)) from representative place 1
[Debug] resolved source place: 1 for representative place 1
1
final_goal:sink,sub_goal:remotecontrol,place:1,trajectory: desk in Place 0.remotecontrol in Place 1.
sub_target_id:45
target:remotecontrol
final_goal:sink
final_length:1.5606602430343628
[Timing] pathfinder to-subgoal elapsed=0.287s found=True
[Debug] sub-goal visible on screen: label=remotecontrol ratio=0.002625 bbox=128x68
[Debug] observation rotation: angle=0 pause=0.25s
[Debug] observation rotation: angle=90 pause=0.25s
[Debug] observation rotation: angle=180 pause=0.25s
[Debug] observation rotation: angle=270 pause=0.25s
[Debug] calling detection service: position_id=big+2+2 angle=0 prompt='sink . table . pen .'
[Debug] received detection service result: position_id=big+2+2 angle=0
[Debug] calling detection service: position_id=big+2+2 angle=90 prompt='sink . tv . book . bed .'
[Debug] received detection service result: position_id=big+2+2 angle=90
[Debug] calling detection service: position_id=big+2+2 angle=180 prompt='sink . doorway . trash bin .'
[Debug] received detection service result: position_id=big+2+2 angle=180
[Debug] calling detection service: position_id=big+2+2 angle=270 prompt='sink . window . potted plant .'
[Debug] received detection service result: position_id=big+2+2 angle=270
Setting `pad_token_id` to `eos_token_id`:151645 for open-end generation.
Setting `pad_token_id` to `eos_token_id`:151645 for open-end generation.
Setting `pad_token_id` to `eos_token_id`:151645 for open-end generation.
Setting `pad_token_id` to `eos_token_id`:151645 for open-end generation.
[Debug] box_info_list_sum: [[{'label': 'table', 'box': [0, 842, 1023, 1023]}, {'label': 'pen', 'box': [26, 940, 166, 951]}], [{'label': 'tv', 'box': [575, 422, 700, 506]}, {'label': 'bed', 'box': [366, 615, 719, 790]}, {'label': 'book', 'box': [312, 704, 408, 767]}], [{'label': 'trash bin', 'box': [848, 711, 961, 876]}, {'label': 'doorway', 'box': [281, 430, 443, 753]}], [{'label': 'window', 'box': [197, 411, 449, 646]}]]
tv
book
garbagecan
[Debug] max_similar_objs_list: [[('tv', 90, 51, 1.0, 'tv', array([6.4923496, 1.9949188, 6.6455503], dtype=float32))], [('book', 90, 5, 1.0, 'book', array([3.7324662, 0.8243289, 8.265144 ], dtype=float32))], [('garbagecan', 180, 32, 0.6123936772346497, 'garbagecan', array([0.17509015, 0.27950236, 5.350068  ], dtype=float32))]]
[Debug] empty_position: [0]
 {
    "Place": 0,
    "Angle": 90,
    "Objects": [
        "window",
        "basketball",
        "bed",
        "doorway"
    ]
}{
    "Place": 0,
    "Angle": 180,
    "Objects": [
        "floor",
        "doorway",
        "wall"
    ]
}{
    "Place": 0,
    "Angle": 270,
    "Objects": [
        "window",
        "plant",
        "dresser"
    ]
} {
    "Place": 1,
    "Angle": 0,
    "Objects": [
        "book"
    ]
}{
    "Place": 1,
    "Angle": 90,
    "Objects": [
        "wall",
        "teddy bear"
    ]
}{
    "Place": 1,
    "Angle": 180,
    "Objects": [
        "window"
    ]
} {
    "Place": 2,
    "Angle": 0,
    "Objects": [
        "pen"
    ]
}{
    "Place": 2,
    "Angle": 90,
    "Objects": [
        "book",
        "nightstand",
        "tv"
    ]
}{
    "Place": 2,
    "Angle": 180,
    "Objects": [
        "garbagecan"
    ]
}{
    "Place": 2,
    "Angle": 270,
    "Objects": [
        "potted plant"
    ]
}
[Debug] resolver candidates place=0: exact=7 relaxed_or_synthesized=1
[Debug] allowed planner objects: ['tv', 'book', 'garbagecan']
[Debug] allowed planner objects by place: {0: [], 1: [], 2: ['tv', 'book', 'garbagecan']}
The above is a description of different places in different angles in the environment.Your can get to any place described in the json data. Your goal is to find the sink. Based on the above json data, please choose one specific object to travel to as your target. If your goal is already in the description, please choose it as the target. You must choose an object only from this allowed list: tv, book, garbagecan. Do not output any object name that is not in the allowed list. Valid choosable objects by place are: Place 2: tv, book, garbagecan. The Objects field must contain exactly one object from the chosen place list.Note that you can travel to door or door frame to other spaces if there are no clear evidence to choose the target.  Return exactly one JSON object by referring to the following template.
            {"Place": x, "Angle": x, "Objects": ["xxxx"] }
            If your goal is already in the description, please choose it as the target. You should not output any explanation, markdown, prose, examples, or extra text before or after the JSON. Note that your should choose only one object in one angle of one place in the json data as the target.
{"Place": 2, "Angle": 0, "Objects": ["garbagecan"]}
[Timing] planning mode=kv elapsed=1.641s
{"Place": 2, "Angle": 0, "Objects": ["garbagecan"]}
[Debug] planner selected: place=2, angle=0, objects=['garbagecan']
last_key:['Place 0', 'Place 1']
[Debug] allowed_targets_by_place[2] candidates: [('tv', 90, 51, 1.0, 'tv', array([6.4923496, 1.9949188, 6.6455503], dtype=float32)), ('book', 90, 5, 1.0, 'book', array([3.7324662, 0.8243289, 8.265144 ], dtype=float32)), ('garbagecan', 180, 32, 0.6123936772346497, 'garbagecan', array([0.17509015, 0.27950236, 5.350068  ], dtype=float32))]
[Debug] resolved target tuple: ('garbagecan', 180, 32, 0.6123936772346497, 'garbagecan', array([0.17509015, 0.27950236, 5.350068  ], dtype=float32)) from representative place 2
[Debug] resolved source place: 2 for representative place 2
2
final_goal:sink,sub_goal:garbagecan,place:2,trajectory: desk in Place 0.remotecontrol in Place 1.garbagecan in Place 2.
sub_target_id:32
target:garbagecan
final_goal:sink
final_length:5.285533905029297
[Timing] pathfinder to-subgoal elapsed=0.241s found=True
[Debug] sub-goal visible on screen: label=garbagecan ratio=0.012092 bbox=84x186
[Debug] observation rotation: angle=0 pause=0.25s
[Debug] observation rotation: angle=90 pause=0.25s
[Debug] observation rotation: angle=180 pause=0.25s
[Debug] observation rotation: angle=270 pause=0.25s
[Debug] calling detection service: position_id=big+3+3 angle=0 prompt='sink . desk . cabinet . window .'
[Debug] received detection service result: position_id=big+3+3 angle=0
[Debug] calling detection service: position_id=big+3+3 angle=90 prompt='sink . doorway . window . bed .'
[Debug] received detection service result: position_id=big+3+3 angle=90
[Debug] calling detection service: position_id=big+3+3 angle=180 prompt='sink . floor . wall .'
[Debug] received detection service result: position_id=big+3+3 angle=180
[Debug] calling detection service: position_id=big+3+3 angle=270 prompt='sink . light source . wall .'
[Debug] received detection service result: position_id=big+3+3 angle=270
[Debug] box_info_list_sum: [[{'label': 'window', 'box': [346, 387, 429, 686]}, {'label': 'desk', 'box': [745, 617, 1023, 795]}, {'label': 'cabinet', 'box': [433, 594, 701, 773]}], [{'label': 'window', 'box': [324, 444, 478, 557]}, {'label': 'bed', 'box': [116, 591, 368, 694]}], [], [{'label': 'wall', 'box': [0, 0, 1024, 1024]}, {'label': 'light source', 'box': [685, 48, 746, 128]}]]
wall
[Debug] max_similar_objs_list: [[('wall', 270, 57, 1.0, 'wall', array([-2.3865709e-08,  2.4524524e+00,  4.3540001e+00], dtype=float32))]]
[Debug] empty_position: []
 {
    "Place": 0,
    "Angle": 90,
    "Objects": [
        "window",
        "basketball",
        "bed",
        "doorway"
    ]
}{
    "Place": 0,
    "Angle": 180,
    "Objects": [
        "floor",
        "doorway",
        "wall"
    ]
}{
    "Place": 0,
    "Angle": 270,
    "Objects": [
        "window",
        "plant",
        "dresser"
    ]
} {
    "Place": 1,
    "Angle": 0,
    "Objects": [
        "book"
    ]
}{
    "Place": 1,
    "Angle": 90,
    "Objects": [
        "wall",
        "teddy bear"
    ]
}{
    "Place": 1,
    "Angle": 180,
    "Objects": [
        "window"
    ]
} {
    "Place": 2,
    "Angle": 0,
    "Objects": [
        "pen"
    ]
}{
    "Place": 2,
    "Angle": 90,
    "Objects": [
        "book",
        "nightstand",
        "tv"
    ]
}{
    "Place": 2,
    "Angle": 270,
    "Objects": [
        "potted plant"
    ]
} {
    "Place": 3,
    "Angle": 0,
    "Objects": [
        "plant"
    ]
}{
    "Place": 3,
    "Angle": 90,
    "Objects": [
        "chair",
        "doorway"
    ]
}
[Debug] resolver candidates place=0: exact=7 relaxed_or_synthesized=1
[Debug] allowed planner objects: ['doorway']
[Debug] allowed planner objects by place: {0: ['doorway'], 1: [], 2: []}
[Debug] bypassing planner because only one target is allowed: {"Place": 0, "Angle": 90, "Objects": ["doorway"]}
{"Place": 0, "Angle": 90, "Objects": ["doorway"]}
[Debug] planner selected: place=0, angle=90, objects=['doorway']
last_key:['Place 0', 'Place 1', 'Place 2']
Setting `pad_token_id` to `eos_token_id`:151645 for open-end generation.
Setting `pad_token_id` to `eos_token_id`:151645 for open-end generation.
Setting `pad_token_id` to `eos_token_id`:151645 for open-end generation.
Setting `pad_token_id` to `eos_token_id`:151645 for open-end generation.
[Debug] allowed_targets_by_place[0] candidates: [('doorway', 90, 16, 1.0, 'doorway', array([5.4898176, 1.0462728, 4.776655 ], dtype=float32)), ('doorway', 180, 15, 1.0, 'doorway', array([2.981176 , 1.0500227, 4.354    ], dtype=float32)), ('window', 90, 73, 1.0, 'window', array([6.531    , 1.5000001, 5.2169714], dtype=float32)), ('window', 270, 74, 1.0, 'window', array([-2.9802322e-08,  1.4992814e+00,  7.0332365e+00], dtype=float32)), ('dresser', 270, 27, 1.0, 'dresser', array([0.83150774, 0.484887  , 8.385969  ], dtype=float32)), ('bed', 90, 3, 1.0, 'bed', array([5.8599143 , 0.33712292, 7.673498  ], dtype=float32)), ('plant', 270, 34, 0.7787491083145142, 'plant', array([0.31499738, 0.54852486, 6.219814  ], dtype=float32)), ('chair', 90, 10, 0.5, 'chair', array([3.0697489, 0.5340819, 7.200183 ], dtype=float32)), ('desklamp', 0, 13, 0.7352255582809448, 'desklamp', array([2.8508606, 0.9856409, 8.159505 ], dtype=float32))]
[Debug] resolved target tuple: ('doorway', 90, 16, 1.0, 'doorway', array([5.4898176, 1.0462728, 4.776655 ], dtype=float32)) from representative place 0
[Debug] resolved source place: 0 for representative place 0
0
final_goal:sink,sub_goal:doorway,place:0,trajectory: desk in Place 0.remotecontrol in Place 1.garbagecan in Place 2.doorway in Place 0.
sub_target_id:16
target:doorway
final_goal:sink
final_length:9.071067810058594
[Timing] pathfinder to-subgoal elapsed=0.211s found=True
[Debug] sub-goal visible on screen: label=doorway ratio=0.208900 bbox=512x741
Agent is within 1m of the target. Stopping.
[Debug] observation rotation: angle=0 pause=0.25s
[Debug] observation rotation: angle=90 pause=0.25s
[Debug] observation rotation: angle=180 pause=0.25s
[Debug] observation rotation: angle=270 pause=0.25s
[Debug] calling detection service: position_id=big+4+4 angle=0 prompt='sink . desk . tv . bed .'
[Debug] received detection service result: position_id=big+4+4 angle=0
[Debug] calling detection service: position_id=big+4+4 angle=90 prompt='sink . doorway . window .'
[Debug] received detection service result: position_id=big+4+4 angle=90
[Debug] calling detection service: position_id=big+4+4 angle=180 prompt='sink . toilet . picture . broom .'
[Debug] received detection service result: position_id=big+4+4 angle=180
[Debug] calling detection service: position_id=big+4+4 angle=270 prompt='sink . doorway . wooden cabinet .'
[Debug] received detection service result: position_id=big+4+4 angle=270
[Debug] box_info_list_sum: [[{'label': 'desk', 'box': [1, 616, 332, 795]}, {'label': 'tv', 'box': [798, 183, 1023, 485]}, {'label': 'bed', 'box': [396, 638, 874, 1023]}], [{'label': 'window', 'box': [107, 353, 392, 732]}, {'label': 'doorway', 'box': [387, 303, 816, 1021]}], [{'label': 'toilet', 'box': [364, 567, 438, 709]}, {'label': 'broom', 'box': [629, 678, 653, 770]}, {'label': 'picture', 'box': [631, 368, 699, 630]}], [{'label': 'wooden cabinet', 'box': [811, 566, 1022, 714]}]]
toilet
floor
painting
[Debug] max_similar_objs_list: [[('toilet', 180, 53, 1.0, 'toilet', array([6.241258  , 0.51895654, 0.5114336 ], dtype=float32))], [('floor', 180, 29, 0.6374144554138184, 'floor', array([3.2655, 0.    , 2.177 ], dtype=float32))], [('painting', 180, 38, 0.7150622606277466, 'painting', array([4.3685746, 1.3108594, 2.3180745], dtype=float32))]]
[Debug] empty_position: [1]
 {
    "Place": 0,
    "Angle": 180,
    "Objects": [
        "floor",
        "doorway",
        "wall"
    ]
}{
    "Place": 0,
    "Angle": 270,
    "Objects": [
        "window",
        "plant",
        "dresser"
    ]
} {
    "Place": 1,
    "Angle": 0,
    "Objects": [
        "book"
    ]
}{
    "Place": 1,
    "Angle": 90,
    "Objects": [
        "wall",
        "teddy bear"
    ]
}{
    "Place": 1,
    "Angle": 180,
    "Objects": [
        "window"
    ]
} {
    "Place": 2,
    "Angle": 0,
    "Objects": [
        "pen"
    ]
}{
    "Place": 2,
    "Angle": 90,
    "Objects": [
        "book",
        "nightstand",
        "tv"
    ]
}{
    "Place": 2,
    "Angle": 270,
    "Objects": [
        "potted plant"
    ]
} {
    "Place": 3,
    "Angle": 0,
    "Objects": [
        "plant"
    ]
}{
    "Place": 3,
    "Angle": 90,
    "Objects": [
        "chair",
        "doorway"
    ]
} {
    "Place": 4,
    "Angle": 0,
    "Objects": [
        "chair"
    ]
}{
    "Place": 4,
    "Angle": 90,
    "Objects": [
        "doorway"
    ]
}{
    "Place": 4,
    "Angle": 180,
    "Objects": [
        "toilet",
        "sink",
        "floor",
        "painting"
    ]
}{
    "Place": 4,
    "Angle": 270,
    "Objects": [
        "doorway"
    ]
}
[Debug] resolver candidates place=0: exact=4 relaxed_or_synthesized=3
[Debug] allowed planner objects: ['toilet', 'painting']
[Debug] allowed planner objects by place: {0: [], 1: [], 2: [], 4: ['toilet', 'painting']}
The above is a description of different places in different angles in the environment.Your can get to any place described in the json data. Your goal is to find the sink. Based on the above json data, please choose one specific object to travel to as your target. If your goal is already in the description, please choose it as the target. You must choose an object only from this allowed list: toilet, painting. Do not output any object name that is not in the allowed list. Valid choosable objects by place are: Place 4: toilet, painting. The Objects field must contain exactly one object from the chosen place list.Note that you can travel to door or door frame to other spaces if there are no clear evidence to choose the target.  Return exactly one JSON object by referring to the following template.
            {"Place": x, "Angle": x, "Objects": ["xxxx"] }
            If your goal is already in the description, please choose it as the target. You should not output any explanation, markdown, prose, examples, or extra text before or after the JSON. Note that your should choose only one object in one angle of one place in the json data as the target.
{"Place": "painting", "Angle": "270", "Objects": ["sink"]}
[Timing] planning mode=kv elapsed=1.701s
{"Place": 4, "Angle": 270, "Objects": ["painting"]}
[Debug] planner selected: place=4, angle=270, objects=['painting']
last_key:['Place 0', 'Place 1', 'Place 2', 'Place 0']
[Debug] allowed_targets_by_place[4] candidates: [('toilet', 180, 53, 1.0, 'toilet', array([6.241258  , 0.51895654, 0.5114336 ], dtype=float32)), ('painting', 180, 38, 0.7150622606277466, 'painting', array([4.3685746, 1.3108594, 2.3180745], dtype=float32))]
[Debug] resolved target tuple: ('painting', 180, 38, 0.7150622606277466, 'painting', array([4.3685746, 1.3108594, 2.3180745], dtype=float32)) from representative place 4
[Debug] resolved source place: 4 for representative place 4
4
final_goal:sink,sub_goal:painting,place:4,trajectory: desk in Place 0.remotecontrol in Place 1.garbagecan in Place 2.doorway in Place 0.painting in Place 4.
sub_target_id:38
target:painting
final_goal:sink
final_length:11.088834762573242
[Timing] pathfinder to-subgoal elapsed=0.293s found=True
[Debug] sub-goal visible on screen: label=painting ratio=0.004752 bbox=36x147
[Debug] calling detection service: position_id=goal-visible-5-4-8 angle=180 prompt='sink .'
[Debug] received detection service result: position_id=goal-visible-5-4-8 angle=180
[Debug] final goal visible on screen: label=sink ratio=0.011680 semantic_bbox=128x209 rgb_bbox=129x66
[Debug] saved final goal bbox: tmp/navigation_images/final_goal_visible_step_8.png
[Debug] final goal detected; approaching GT coordinates before stopping
[Timing] pathfinder final-approach elapsed=0.204s found=True
[Debug] close enough to final goal coordinates: label=sink distance=1.402
[Timing] episode elapsed=130.345s sr=1 spl=0.4592 final_length=14.1924
[Timing] val_auto episode total elapsed=130.345s goal=sink sr=1 spl=0.4592 completed_eval_episodes=9/10
[Debug] episode success: final_goal=sink sr=1 spl=0.4592 final_length=14.1924
[Debug] selectable goal names count=27 sample=['book', 'bowl', 'chair', 'countertop', 'creditcard', 'cup', 'diningtable', 'dishsponge', 'doorway', 'egg']
[Debug] requested EFFICIENTNAV_TARGET_OBJECT='sink' not found in current house; skipping house
Setting `pad_token_id` to `eos_token_id`:151645 for open-end generation.
Setting `pad_token_id` to `eos_token_id`:151645 for open-end generation.
Setting `pad_token_id` to `eos_token_id`:151645 for open-end generation.
Setting `pad_token_id` to `eos_token_id`:151645 for open-end generation.
Setting `pad_token_id` to `eos_token_id`:151645 for open-end generation.
Setting `pad_token_id` to `eos_token_id`:151645 for open-end generation.
Setting `pad_token_id` to `eos_token_id`:151645 for open-end generation.
Setting `pad_token_id` to `eos_token_id`:151645 for open-end generation.
[Debug] skipping house because no target object could be selected
[Debug] selectable goal names count=18 sample=['coffeemachine', 'countertop', 'cup', 'doorway', 'egg', 'floor', 'fridge', 'garbagecan', 'painting', 'pencil']
[Debug] requested EFFICIENTNAV_TARGET_OBJECT='sink' not found in current house; skipping house
[Debug] skipping house because no target object could be selected
[Debug] selectable goal names count=31 sample=['alarmclock', 'basketball', 'bed', 'book', 'bowl', 'box', 'cellphone', 'creditcard', 'desk', 'doorway']
[Debug] using requested target object=sink
[Debug] reachable_positions=225 candidate_objects_for_sink=1
[Debug] starting independent environment episode=1/1
[Debug] experiment setup: seed=7 goal_instance_index=random start_index=random start_rotation=270.0 start_point=(3.250, 0.901, 0.750)
[Timing] pathfinder goal-distance elapsed=0.150s found=True
real_distance:4.328427124746191
[Debug] observation rotation: angle=0 pause=0.25s
[Debug] observation rotation: angle=90 pause=0.25s
[Debug] observation rotation: angle=180 pause=0.25s
[Debug] observation rotation: angle=270 pause=0.25s
[Debug] get_observation skip angle=90 reason=depth
[Debug] calling detection service: position_id=big+0+0 angle=0 prompt='sink . doorway . mirror . window .'
[Debug] received detection service result: position_id=big+0+0 angle=0
[Debug] calling detection service: position_id=big+0+0 angle=180 prompt='sink . wall .'
[Debug] received detection service result: position_id=big+0+0 angle=180
[Debug] calling detection service: position_id=big+0+0 angle=270 prompt='sink . picture . tv . bed .'
[Debug] received detection service result: position_id=big+0+0 angle=270
[Debug] box_info_list_sum: [[{'label': 'window', 'box': [0, 447, 521, 680]}], [{'label': 'wall', 'box': [0, 0, 1023, 1023]}], [{'label': 'tv', 'box': [673, 394, 952, 588]}, {'label': 'picture', 'box': [104, 209, 1023, 625]}, {'label': 'bed', 'box': [310, 647, 985, 953]}]]
window
wall
tv
painting
bed
[Debug] max_similar_objs_list: [[('window', 0, 61, 1.0, 'window', array([2.5316477, 1.3024893, 3.465    ], dtype=float32))], [('wall', 180, 56, 1.0, 'wall', array([1.7325   , 1.3053861, 0.       ], dtype=float32))], [('tv', 270, 36, 1.0, 'tv', array([0.06106793, 1.6950786 , 2.6150322 ], dtype=float32))], [('painting', 270, 22, 0.7150622606277466, 'painting', array([2.1005561 , 1.8186146 , 0.01457472], dtype=float32))], [('bed', 270, 3, 1.0, 'bed', array([0.7232335 , 0.36331648, 1.2266802 ], dtype=float32))]]
[Debug] empty_position: []
 {
    "Place": 0,
    "Angle": 0,
    "Objects": [
        "mirror",
        "window",
        "doorway"
    ]
}{
    "Place": 0,
    "Angle": 180,
    "Objects": [
        "shadow",
        "wall"
    ]
}{
    "Place": 0,
    "Angle": 270,
    "Objects": [
        "painting",
        "bed",
        "nightstand",
        "tv"
    ]
}
[Debug] allowed planner objects: ['window', 'tv', 'bed', 'painting']
[Debug] allowed planner objects by place: {0: ['window', 'tv', 'bed', 'painting']}
The above is a description of different places in different angles in the environment.Your can get to any place described in the json data. Your goal is to find the sink. Based on the above json data, please choose one specific object to travel to as your target. If your goal is already in the description, please choose it as the target. You must choose an object only from this allowed list: window, tv, bed, painting. Do not output any object name that is not in the allowed list. Valid choosable objects by place are: Place 0: window, tv, bed, painting. The Objects field must contain exactly one object from the chosen place list.Note that you can travel to door or door frame to other spaces if there are no clear evidence to choose the target.  Return exactly one JSON object by referring to the following template.
            {"Place": x, "Angle": x, "Objects": ["xxxx"] }
            If your goal is already in the description, please choose it as the target. You should not output any explanation, markdown, prose, examples, or extra text before or after the JSON. Note that your should choose only one object in one angle of one place in the json data as the target.
{"Place": "tv", "Angle": 270, "Objects": ["bed", "tv"]}
[Timing] planning mode=kv elapsed=1.695s
{"Place": 0, "Angle": 270, "Objects": ["tv"]}
[Debug] planner selected: place=0, angle=270, objects=['tv']
last_key:[]
[Debug] allowed_targets_by_place[0] candidates: [('window', 0, 61, 1.0, 'window', array([2.5316477, 1.3024893, 3.465    ], dtype=float32)), ('tv', 270, 36, 1.0, 'tv', array([0.06106793, 1.6950786 , 2.6150322 ], dtype=float32)), ('bed', 270, 3, 1.0, 'bed', array([0.7232335 , 0.36331648, 1.2266802 ], dtype=float32)), ('painting', 270, 22, 0.7150622606277466, 'painting', array([2.1005561 , 1.8186146 , 0.01457472], dtype=float32))]
[Debug] resolved target tuple: ('tv', 270, 36, 1.0, 'tv', array([0.06106793, 1.6950786 , 2.6150322 ], dtype=float32)) from representative place 0
[Debug] resolved source place: 0 for representative place 0
0
final_goal:sink,sub_goal:tv,place:0,trajectory: tv in Place 0.
sub_target_id:36
target:tv
final_goal:sink
final_length:0
[Timing] pathfinder to-subgoal elapsed=0.119s found=True
[Debug] sub-goal visible on screen: label=tv ratio=0.045487 bbox=249x225
[Debug] observation rotation: angle=0 pause=0.25s
[Debug] observation rotation: angle=90 pause=0.25s
[Debug] observation rotation: angle=180 pause=0.25s
[Debug] observation rotation: angle=270 pause=0.25s
[Debug] calling detection service: position_id=big+1+1 angle=0 prompt='sink . doorway . window .'
[Debug] received detection service result: position_id=big+1+1 angle=0
[Debug] calling detection service: position_id=big+1+1 angle=90 prompt='sink . toilet . doorway . window .'
[Debug] received detection service result: position_id=big+1+1 angle=90
[Debug] calling detection service: position_id=big+1+1 angle=180 prompt='sink . dresser . window . bed .'
[Debug] received detection service result: position_id=big+1+1 angle=180
[Debug] calling detection service: position_id=big+1+1 angle=270 prompt='sink . river . moon . clouds .'
[Debug] received detection service result: position_id=big+1+1 angle=270
[Debug] box_info_list_sum: [[{'label': 'doorway', 'box': [482, 399, 700, 848]}], [{'label': 'toilet', 'box': [478, 596, 532, 646]}, {'label': 'window', 'box': [223, 374, 387, 866]}, {'label': 'doorway', 'box': [410, 413, 761, 788]}], [{'label': 'bed', 'box': [40, 676, 770, 1022]}, {'label': 'window', 'box': [718, 0, 1023, 960]}, {'label': 'dresser', 'box': [0, 651, 234, 856]}], [{'label': 'clouds', 'box': [0, 0, 1024, 493]}, {'label': 'moon', 'box': [348, 252, 399, 314]}]]
doorway
toilet
doorway
dresser
[Debug] max_similar_objs_list: [[('doorway', 0, 10, 1.0, 'doorway', array([0.8723311, 1.0500227, 5.197    ], dtype=float32))], [('toilet', 90, 37, 1.0, 'toilet', array([6.634147  , 0.47275954, 3.0087953 ], dtype=float32))], [('doorway', 90, 11, 1.0, 'doorway', array([3.8924932, 1.0651139, 2.337459 ], dtype=float32))], [('dresser', 180, 14, 1.0, 'dresser', array([2.4670677 , 0.41011727, 0.21858594], dtype=float32))]]
[Debug] empty_position: []
 {
    "Place": 0,
    "Angle": 0,
    "Objects": [
        "mirror",
        "window",
        "doorway"
    ]
}{
    "Place": 0,
    "Angle": 180,
    "Objects": [
        "shadow",
        "wall"
    ]
} {
    "Place": 1,
    "Angle": 0,
    "Objects": [
        "window",
        "doorway"
    ]
}{
    "Place": 1,
    "Angle": 90,
    "Objects": [
        "toilet",
        "basketball",
        "doorway"
    ]
}{
    "Place": 1,
    "Angle": 180,
    "Objects": [
        "dresser"
    ]
}{
    "Place": 1,
    "Angle": 270,
    "Objects": [
        "river",
        "grass"
    ]
}
[Debug] resolver candidates place=0: exact=1 relaxed_or_synthesized=2
[Debug] allowed planner objects: ['doorway', 'toilet', 'dresser']
[Debug] allowed planner objects by place: {0: [], 1: ['doorway', 'toilet', 'dresser']}
Setting `pad_token_id` to `eos_token_id`:151645 for open-end generation.
Setting `pad_token_id` to `eos_token_id`:151645 for open-end generation.
Setting `pad_token_id` to `eos_token_id`:151645 for open-end generation.
Setting `pad_token_id` to `eos_token_id`:151645 for open-end generation.
The above is a description of different places in different angles in the environment.Your can get to any place described in the json data. Your goal is to find the sink. Based on the above json data, please choose one specific object to travel to as your target. If your goal is already in the description, please choose it as the target. You must choose an object only from this allowed list: doorway, toilet, dresser. Do not output any object name that is not in the allowed list. Valid choosable objects by place are: Place 1: doorway, toilet, dresser. The Objects field must contain exactly one object from the chosen place list.Note that you can travel to door or door frame to other spaces if there are no clear evidence to choose the target.  Return exactly one JSON object by referring to the following template.
            {"Place": x, "Angle": x, "Objects": ["xxxx"] }
            If your goal is already in the description, please choose it as the target. You should not output any explanation, markdown, prose, examples, or extra text before or after the JSON. Note that your should choose only one object in one angle of one place in the json data as the target.
{"Place": 1, "Angle": 180, "Objects": ["dresser"]}
[Timing] planning mode=kv elapsed=1.762s
{"Place": 1, "Angle": 180, "Objects": ["dresser"]}
[Debug] planner selected: place=1, angle=180, objects=['dresser']
last_key:['Place 0']
[Debug] allowed_targets_by_place[1] candidates: [('doorway', 0, 10, 1.0, 'doorway', array([0.8723311, 1.0500227, 5.197    ], dtype=float32)), ('doorway', 90, 11, 1.0, 'doorway', array([3.8924932, 1.0651139, 2.337459 ], dtype=float32)), ('toilet', 90, 37, 1.0, 'toilet', array([6.634147  , 0.47275954, 3.0087953 ], dtype=float32)), ('dresser', 180, 14, 1.0, 'dresser', array([2.4670677 , 0.41011727, 0.21858594], dtype=float32))]
[Debug] resolved target tuple: ('dresser', 180, 14, 1.0, 'dresser', array([2.4670677 , 0.41011727, 0.21858594], dtype=float32)) from representative place 1
[Debug] resolved source place: 1 for representative place 1
1
final_goal:sink,sub_goal:dresser,place:1,trajectory: tv in Place 0.dresser in Place 1.
sub_target_id:14
target:dresser
final_goal:sink
final_length:3.8713202476501465
[Timing] pathfinder to-subgoal elapsed=0.101s found=True
[Debug] sub-goal visible on screen: label=dresser ratio=0.015876 bbox=243x269
[Debug] observation rotation: angle=0 pause=0.25s
[Debug] observation rotation: angle=90 pause=0.25s
[Debug] observation rotation: angle=180 pause=0.25s
[Debug] observation rotation: angle=270 pause=0.25s
[Debug] calling detection service: position_id=big+2+2 angle=0 prompt='sink . desk . tv . window .'
[Debug] received detection service result: position_id=big+2+2 angle=0
[Debug] calling detection service: position_id=big+2+2 angle=90 prompt='sink . mirror .'
[Debug] received detection service result: position_id=big+2+2 angle=90
[Debug] calling detection service: position_id=big+2+2 angle=180 prompt='sink . painting . wall .'
[Debug] received detection service result: position_id=big+2+2 angle=180
[Debug] calling detection service: position_id=big+2+2 angle=270 prompt='sink . bed . tv screen . pillows .'
[Debug] received detection service result: position_id=big+2+2 angle=270
[Debug] box_info_list_sum: [[{'label': 'tv', 'box': [0, 358, 59, 612]}, {'label': 'window', 'box': [68, 447, 665, 680]}, {'label': 'desk', 'box': [309, 617, 367, 785]}], [{'label': 'mirror', 'box': [0, 198, 203, 1023]}], [{'label': 'wall', 'box': [1, 1, 1021, 1021]}, {'label': 'painting', 'box': [630, 128, 953, 555]}], [{'label': 'tv screen', 'box': [716, 356, 1022, 612]}, {'label': 'bed', 'box': [169, 688, 1023, 1022]}]]
desk
sink
[Debug] max_similar_objs_list: [[('desk', 0, 9, 1.0, 'desk', array([1.5262475 , 0.37511137, 4.1872263 ], dtype=float32))], [('sink', 90, 33, 0.6522312760353088, 'sink', array([5.422983 , 0.4880426, 3.161998 ], dtype=float32))]]
[Debug] empty_position: [2]
 {
    "Place": 0,
    "Angle": 0,
    "Objects": [
        "mirror",
        "window",
        "doorway"
    ]
}{
    "Place": 0,
    "Angle": 180,
    "Objects": [
        "shadow",
        "wall"
    ]
} {
    "Place": 1,
    "Angle": 0,
    "Objects": [
        "window",
        "doorway"
    ]
}{
    "Place": 1,
    "Angle": 90,
    "Objects": [
        "toilet",
        "basketball",
        "doorway"
    ]
}{
    "Place": 1,
    "Angle": 270,
    "Objects": [
        "river",
        "grass"
    ]
} {
    "Place": 2,
    "Angle": 0,
    "Objects": [
        "bed",
        "desk"
    ]
}{
    "Place": 2,
    "Angle": 90,
    "Objects": [
        "sink",
        "sink"
    ]
}{
    "Place": 2,
    "Angle": 180,
    "Objects": [
        "painting"
    ]
}{
    "Place": 2,
    "Angle": 270,
    "Objects": [
        "pillows"
    ]
}
[Debug] resolver candidates place=0: exact=1 relaxed_or_synthesized=2
[Debug] allowed planner objects: ['doorway']
[Debug] allowed planner objects by place: {0: [], 1: ['doorway']}
[Debug] bypassing planner because goal is already observed: {"Place": 0, "Angle": 90, "Objects": ["sink"]}
{"Place": 0, "Angle": 90, "Objects": ["sink"]}
[Debug] planner selected: place=0, angle=90, objects=['sink']
last_key:['Place 0', 'Place 1']
[Debug] allowed_targets_by_place[0] candidates: [('sink', 90, 33, 0.6522312760353088, 'sink', array([5.422983 , 0.4880426, 3.161998 ], dtype=float32)), ('window', 0, 61, 1.0, 'window', array([2.5316477, 1.3024893, 3.465    ], dtype=float32)), ('desk', 0, 9, 1.0, 'desk', array([1.5262475 , 0.37511137, 4.1872263 ], dtype=float32)), ('bed', 270, 3, 1.0, 'bed', array([0.7232335 , 0.36331648, 1.2266802 ], dtype=float32)), ('painting', 270, 22, 0.7150622606277466, 'painting', array([2.1005561 , 1.8186146 , 0.01457472], dtype=float32))]
[Debug] resolved target tuple: ('sink', 90, 33, 0.6522312760353088, 'sink', array([5.422983 , 0.4880426, 3.161998 ], dtype=float32)) from representative place 0
[Debug] resolved source place: 2 for representative place 0
0
final_goal:sink,sub_goal:sink,place:0,trajectory: tv in Place 0.dresser in Place 1.sink in Place 0.
sub_target_id:33
target:sink
final_goal:sink
final_length:7.285533905029297
[Timing] pathfinder to-subgoal elapsed=0.173s found=True
[Debug] sub-goal visible on screen: label=sink ratio=0.008036 bbox=95x163
[Debug] calling detection service: position_id=goal-visible-3-2-3 angle=45 prompt='sink .'
[Debug] received detection service result: position_id=goal-visible-3-2-3 angle=45
[Debug] semantic goal candidate rejected by RGB detector: label=sink ratio=0.010067 semantic_bbox=105x184
[Debug] calling detection service: position_id=goal-visible-3-2-4 angle=45 prompt='sink .'
[Debug] received detection service result: position_id=goal-visible-3-2-4 angle=45
[Debug] semantic goal candidate rejected by RGB detector: label=sink ratio=0.012067 semantic_bbox=115x202
[Debug] calling detection service: position_id=goal-visible-3-2-5 angle=45 prompt='sink .'
[Debug] received detection service result: position_id=goal-visible-3-2-5 angle=45
[Debug] semantic goal candidate rejected by RGB detector: label=sink ratio=0.013023 semantic_bbox=119x210
[Debug] calling detection service: position_id=goal-visible-3-2-6 angle=45 prompt='sink .'
[Debug] received detection service result: position_id=goal-visible-3-2-6 angle=45
[Debug] semantic goal candidate rejected by RGB detector: label=sink ratio=0.015934 semantic_bbox=130x234
[Debug] calling detection service: position_id=goal-visible-3-2-7 angle=90 prompt='sink .'
[Debug] received detection service result: position_id=goal-visible-3-2-7 angle=90
[Debug] final goal visible on screen: label=sink ratio=0.028765 semantic_bbox=190x293 rgb_bbox=190x91
[Debug] saved final goal bbox: tmp/navigation_images/final_goal_visible_step_7.png
[Debug] final goal detected; approaching GT coordinates before stopping
[Timing] pathfinder final-approach elapsed=0.162s found=True
[Debug] close enough to final goal coordinates: label=sink distance=1.394
[Timing] episode elapsed=77.321s sr=1 spl=0.4287 final_length=10.0962
[Timing] val_auto episode total elapsed=77.321s goal=sink sr=1 spl=0.4287 completed_eval_episodes=10/10
[Debug] episode success: final_goal=sink sr=1 spl=0.4287 final_length=10.0962
