[EfficientNav] running file: /home/min/test/EfficientNav/efficientnav.py
[EfficientNav] units module: /home/min/test/EfficientNav/units.py
[EfficientNav] planner model: /home/min/test/models/InternVL3-1B
[EfficientNav] H2O cache: enabled=False budget=2048 recent=256 heavy=256 protected_prefix=0
FlashAttention2 is not installed.
[AI2-THOR WARNING] There has been an update to ProcTHOR-10K that must be used with AI2-THOR version 5.0+. To use the new version of ProcTHOR-10K, please update AI2-THOR to version 5.0+ by running:
    pip install --upgrade ai2thor
Alternatively, to downgrade to the old version of ProcTHOR-10K, run:
   prior.load_dataset("procthor-10k", revision="ab3cacd0fc17754d4c080a3fd50b18395fae8647")
Loading train:   0%|          | 0/10000 [00:00<?, ?it/s]Loading train:   9%|▉         | 891/10000 [00:00<00:01, 8904.32it/s]Loading train:  18%|█▊        | 1835/10000 [00:00<00:00, 9219.10it/s]Loading train:  28%|██▊       | 2783/10000 [00:00<00:00, 9332.61it/s]Loading train:  37%|███▋      | 3717/10000 [00:00<00:00, 9165.76it/s]Loading train:  46%|████▋     | 4635/10000 [00:00<00:00, 8913.84it/s]Loading train:  55%|█████▌    | 5528/10000 [00:00<00:00, 8687.59it/s]Loading train:  64%|██████▍   | 6399/10000 [00:00<00:00, 8583.43it/s]Loading train:  73%|███████▎  | 7259/10000 [00:00<00:00, 8564.15it/s]Loading train:  81%|████████  | 8116/10000 [00:00<00:00, 8562.11it/s]Loading train:  90%|█████████ | 9037/10000 [00:01<00:00, 8755.98it/s]Loading train:  99%|█████████▉| 9948/10000 [00:01<00:00, 8862.83it/s]Loading train: 100%|██████████| 10000/10000 [00:01<00:00, 8837.05it/s]
Loading val:   0%|          | 0/1000 [00:00<?, ?it/s]Loading val:  94%|█████████▎| 936/1000 [00:00<00:00, 9355.01it/s]Loading val: 100%|██████████| 1000/1000 [00:00<00:00, 9325.52it/s]
Loading test:   0%|          | 0/1000 [00:00<?, ?it/s]Loading test:  93%|█████████▎| 928/1000 [00:00<00:00, 9260.78it/s]Loading test: 100%|██████████| 1000/1000 [00:00<00:00, 9204.27it/s]
Setting `pad_token_id` to `eos_token_id`:151645 for open-end generation.
Setting `pad_token_id` to `eos_token_id`:151645 for open-end generation.
Setting `pad_token_id` to `eos_token_id`:151645 for open-end generation.
Setting `pad_token_id` to `eos_token_id`:151645 for open-end generation.
Setting `pad_token_id` to `eos_token_id`:151645 for open-end generation.
Setting `pad_token_id` to `eos_token_id`:151645 for open-end generation.
Setting `pad_token_id` to `eos_token_id`:151645 for open-end generation.
Setting `pad_token_id` to `eos_token_id`:151645 for open-end generation.
[Debug] selectable goal names count=35 sample=['apple', 'bowl', 'cellphone', 'chair', 'countertop', 'creditcard', 'cup', 'diningtable', 'doorway', 'egg']
[Debug] using requested target object=sofa
[Debug] reachable_positions=992 candidate_objects_for_sofa=1
[Debug] starting independent environment episode=1/1
[Debug] experiment setup: seed=7 goal_instance_index=random start_index=random start_rotation=90.0 start_point=(6.750, 0.901, 9.000)
[Timing] pathfinder goal-distance elapsed=0.525s found=True
real_distance:3.4319805153394647
[Debug] observation rotation: angle=0 pause=0.25s
[Debug] observation rotation: angle=90 pause=0.25s
[Debug] observation rotation: angle=180 pause=0.25s
[Debug] observation rotation: angle=270 pause=0.25s
[Debug] calling detection service: position_id=big+0+0 angle=0 prompt='sofa . laptop . window .'
[Debug] received detection service result: position_id=big+0+0 angle=0
[Debug] calling detection service: position_id=big+0+0 angle=90 prompt='sofa . chair . table .'
[Debug] received detection service result: position_id=big+0+0 angle=90
[Debug] calling detection service: position_id=big+0+0 angle=180 prompt='sofa . chair . desk . lamp .'
[Debug] received detection service result: position_id=big+0+0 angle=180
[Debug] calling detection service: position_id=big+0+0 angle=270 prompt='sofa . tv stand .'
[Debug] received detection service result: position_id=big+0+0 angle=270
[Debug] box_info_list_sum: [[{'label': 'laptop', 'box': [824, 749, 1023, 962]}, {'label': 'window', 'box': [9, 261, 446, 826]}], [{'label': 'chair', 'box': [716, 771, 1023, 1023]}, {'label': 'table', 'box': [0, 761, 700, 1022]}], [{'label': 'lamp', 'box': [80, 422, 273, 1008]}, {'label': 'chair', 'box': [455, 554, 586, 646]}, {'label': 'sofa', 'box': [973, 620, 1023, 785]}, {'label': 'desk', 'box': [409, 566, 552, 640]}], [{'label': 'sofa', 'box': [0, 607, 437, 797]}, {'label': 'tv stand', 'box': [298, 575, 421, 644]}]]
laptop
window
chair
statue
floorlamp
chair
[Debug] preserving goal candidate: label=sofa angle=180 obj_id=41 visible_ratio=0.006754 bbox=49x164 box_match=0.8389 detection_bbox=50x165
sofa
[Debug] preserving goal candidate: label=sofa angle=270 obj_id=41 visible_ratio=0.070015 bbox=437x187 box_match=0.8842 detection_bbox=437x190
tv
[Debug] max_similar_objs_list: [[('laptop', 0, 29, 1.0, 'laptop', array([ 7.6354885,  0.9170662, 10.0352125], dtype=float32))], [('window', 0, 65, 1.0, 'window', array([ 5.970752 ,  1.4993188, 10.508999 ], dtype=float32))], [('chair', 90, 3, 1.0, 'chair', array([7.860443  , 0.38061038, 8.041011  ], dtype=float32))], [('statue', 90, 44, 0.627722442150116, 'statue', array([7.630681  , 0.96019053, 9.146948  ], dtype=float32))], [('floorlamp', 180, 22, 0.7215485572814941, 'floorlamp', array([7.8611965 , 0.92367643, 7.275919  ], dtype=float32))], [('chair', 180, 8, 1.0, 'chair', array([7.112501  , 0.49567136, 2.7322915 ], dtype=float32))], [('sofa', 180, 41, 1.0, 'sofa', array([3.4744134 , 0.50392896, 7.191756  ], dtype=float32))], [('tv', 270, 46, 0.8397394418716431, 'tv', array([0.47341067, 1.0578212 , 7.1917553 ], dtype=float32))]]
[Debug] empty_position: []
Place 0 : {
    "Angle": 0,
    "Objects": [
        "laptop",
        "window"
    ]
}{
    "Angle": 90,
    "Objects": [
        "statue",
        "chair"
    ]
}{
    "Angle": 180,
    "Objects": [
        "chair",
        "floorlamp",
        "sofa"
    ]
}{
    "Angle": 270,
    "Objects": [
        "tv"
    ]
}
[Debug] allowed planner objects: ['sofa', 'window', 'tv', 'chair', 'laptop', 'statue', 'floorlamp']
[Debug] allowed planner objects by place: {0: ['sofa', 'window', 'chair', 'laptop', 'tv', 'floorlamp', 'statue']}
[Debug] bypassing planner because goal is already observed: {"Place": 0, "Angle": 180, "Objects": ["sofa"]}
{"Place": 0, "Angle": 180, "Objects": ["sofa"]}
[Debug] planner selected: place=0, angle=180, objects=['sofa']
last_key:[]
[Debug] allowed_targets_by_place[0] candidates: [('sofa', 180, 41, 1.0, 'sofa', array([3.4744134 , 0.50392896, 7.191756  ], dtype=float32)), ('window', 0, 65, 1.0, 'window', array([ 5.970752 ,  1.4993188, 10.508999 ], dtype=float32)), ('chair', 90, 3, 1.0, 'chair', array([7.860443  , 0.38061038, 8.041011  ], dtype=float32)), ('chair', 180, 8, 1.0, 'chair', array([7.112501  , 0.49567136, 2.7322915 ], dtype=float32)), ('laptop', 0, 29, 1.0, 'laptop', array([ 7.6354885,  0.9170662, 10.0352125], dtype=float32)), ('tv', 270, 46, 0.8397394418716431, 'tv', array([0.47341067, 1.0578212 , 7.1917553 ], dtype=float32)), ('floorlamp', 180, 22, 0.7215485572814941, 'floorlamp', array([7.8611965 , 0.92367643, 7.275919  ], dtype=float32)), ('statue', 90, 44, 0.627722442150116, 'statue', array([7.630681  , 0.96019053, 9.146948  ], dtype=float32))]
[Debug] resolved target tuple: ('sofa', 180, 41, 1.0, 'sofa', array([3.4744134 , 0.50392896, 7.191756  ], dtype=float32)) from representative place 0
[Debug] resolved source place: 0 for representative place 0
0
final_goal:sofa,sub_goal:sofa,place:0,trajectory: sofa in Place 0.
sub_target_id:41
target:sofa
final_goal:sofa
final_length:0
[Timing] pathfinder to-subgoal elapsed=0.549s found=True
[Debug] sub-goal visible on screen: label=sofa ratio=0.072453 bbox=443x290
[Debug] calling detection service: position_id=goal-visible-1-0-1 angle=225 prompt='sofa .'
[Debug] received detection service result: position_id=goal-visible-1-0-1 angle=225
[Debug] final goal visible on screen: label=sofa ratio=0.072453 semantic_bbox=443x290 rgb_bbox=447x293
[Debug] saved final goal bbox: tmp/navigation_images/final_goal_visible_step_1.png
[Debug] final goal detected; approaching GT coordinates before stopping
[Timing] pathfinder final-approach elapsed=0.547s found=True
[Debug] close enough to final goal coordinates: label=sofa distance=1.411
[Timing] episode elapsed=16.128s sr=1 spl=1.0000 final_length=2.4749
[Timing] val_auto episode total elapsed=16.128s goal=sofa sr=1 spl=1.0000 completed_eval_episodes=1/10
[Debug] episode success: final_goal=sofa sr=1 spl=1.0000 final_length=2.4749
[Debug] selectable goal names count=64 sample=['apple', 'baseballbat', 'basketball', 'bed', 'book', 'bowl', 'box', 'bread', 'butterknife', 'candle']
[Debug] using requested target object=sofa
[Debug] reachable_positions=3342 candidate_objects_for_sofa=2
[Debug] starting independent environment episode=1/1
[Debug] experiment setup: seed=7 goal_instance_index=random start_index=random start_rotation=270.0 start_point=(10.250, 0.901, 9.750)
[Timing] pathfinder goal-distance elapsed=19.758s found=True
real_distance:15.881727983645293
[Debug] observation rotation: angle=0 pause=0.25s
[Debug] observation rotation: angle=90 pause=0.25s
[Debug] observation rotation: angle=180 pause=0.25s
[Debug] observation rotation: angle=270 pause=0.25s
[Debug] calling detection service: position_id=big+0+0 angle=0 prompt='sofa .'
[Debug] received detection service result: position_id=big+0+0 angle=0
[Debug] calling detection service: position_id=big+0+0 angle=90 prompt='sofa . doorway . table . floor .'
[Debug] received detection service result: position_id=big+0+0 angle=90
[Debug] calling detection service: position_id=big+0+0 angle=180 prompt='sofa . doorway . ceiling .'
[Debug] received detection service result: position_id=big+0+0 angle=180
[Debug] calling detection service: position_id=big+0+0 angle=270 prompt='sofa . vertical object . black object .'
[Debug] received detection service result: position_id=big+0+0 angle=270
[Debug] box_info_list_sum: [[], [{'label': 'doorway', 'box': [442, 433, 589, 759]}, {'label': 'floor', 'box': [370, 643, 1023, 1023]}, {'label': 'table', 'box': [732, 579, 861, 680]}], [{'label': 'doorway', 'box': [316, 425, 469, 806]}, {'label': 'ceiling', 'box': [0, 0, 1001, 203]}], [{'label': 'black object', 'box': [229, 752, 749, 1021]}, {'label': 'vertical object', 'box': [397, 84, 532, 1020]}]]
doorway
floor
doorway
wall
tv
Setting `pad_token_id` to `eos_token_id`:151645 for open-end generation.
Setting `pad_token_id` to `eos_token_id`:151645 for open-end generation.
Setting `pad_token_id` to `eos_token_id`:151645 for open-end generation.
Setting `pad_token_id` to `eos_token_id`:151645 for open-end generation.
Setting `pad_token_id` to `eos_token_id`:151645 for open-end generation.
Setting `pad_token_id` to `eos_token_id`:151645 for open-end generation.
Setting `pad_token_id` to `eos_token_id`:151645 for open-end generation.
Setting `pad_token_id` to `eos_token_id`:151645 for open-end generation.
Setting `pad_token_id` to `eos_token_id`:151645 for open-end generation.
[Debug] max_similar_objs_list: [[('doorway', 90, 58, 1.0, 'doorway', array([14.478235 ,  1.0376704,  9.763346 ], dtype=float32))], [('floor', 90, 97, 1.0, 'floor', array([8.1485   , 0.       , 5.0930004], dtype=float32))], [('doorway', 180, 57, 1.0, 'doorway', array([11.081314 ,  1.0459483,  6.5430164], dtype=float32))], [('wall', 180, 214, 0.6041585206985474, 'wall', array([4.074499 , 1.8875161, 5.0929995], dtype=float32))], [('tv', 270, 180, 0.5620273351669312, 'tv', array([9.025491 , 1.2942309, 9.712589 ], dtype=float32))]]
[Debug] empty_position: []
Place 0 : {
    "Angle": 0,
    "Objects": [
        "shadow",
        "background"
    ]
}{
    "Angle": 90,
    "Objects": [
        "ceiling",
        "floor",
        "doorway"
    ]
}{
    "Angle": 180,
    "Objects": [
        "wall",
        "doorway"
    ]
}{
    "Angle": 270,
    "Objects": [
        "tv"
    ]
}
[Debug] allowed planner objects: ['doorway', 'tv']
[Debug] allowed planner objects by place: {0: ['doorway', 'tv']}
The above is a description of different places in different angles in the environment.Your can get to any place described in the json data. Your goal is to find the sofa. Based on the above json data, please choose one specific object to travel to as your target. If your goal is already in the description, please choose it as the target. You must choose an object only from this allowed list: doorway, tv. Do not output any object name that is not in the allowed list. Valid choosable objects by place are: Place 0: doorway, tv. The Objects field must contain exactly one object from the chosen place list.Note that you can travel to door or door frame to other spaces if there are no clear evidence to choose the target.  Return exactly one JSON object by referring to the following template.
            {"Place": x, "Angle": x, "Objects": ["xxxx"] }
            If your goal is already in the description, please choose it as the target. You should not output any explanation, markdown, prose, examples, or extra text before or after the JSON. Note that your should choose only one object in one angle of one place in the json data as the target.
{"Place": "tv", "Angle": 270, "Objects": ["tv"]}
[Timing] planning mode=no-kv elapsed=1.057s
{"Place": 0, "Angle": 270, "Objects": ["tv"]}
[Debug] planner selected: place=0, angle=270, objects=['tv']
last_key:[]
[Debug] allowed_targets_by_place[0] candidates: [('doorway', 90, 58, 1.0, 'doorway', array([14.478235 ,  1.0376704,  9.763346 ], dtype=float32)), ('doorway', 180, 57, 1.0, 'doorway', array([11.081314 ,  1.0459483,  6.5430164], dtype=float32)), ('tv', 270, 180, 0.5620273351669312, 'tv', array([9.025491 , 1.2942309, 9.712589 ], dtype=float32))]
[Debug] resolved target tuple: ('tv', 270, 180, 0.5620273351669312, 'tv', array([9.025491 , 1.2942309, 9.712589 ], dtype=float32)) from representative place 0
[Debug] resolved source place: 0 for representative place 0
0
final_goal:sofa,sub_goal:tv,place:0,trajectory: tv in Place 0.
sub_target_id:180
target:tv
final_goal:sofa
final_length:0
[Timing] pathfinder to-subgoal elapsed=0.716s found=True
[Debug] sub-goal visible on screen: label=tv ratio=0.080317 bbox=154x645
[Debug] observation rotation: angle=0 pause=0.25s
[Debug] observation rotation: angle=90 pause=0.25s
[Debug] observation rotation: angle=180 pause=0.25s
[Debug] observation rotation: angle=270 pause=0.25s
[Debug] calling detection service: position_id=big+1+1 angle=0 prompt='sofa . building . wall .'
[Debug] received detection service result: position_id=big+1+1 angle=0
[Debug] calling detection service: position_id=big+1+1 angle=90 prompt='sofa . doorway . table . floor .'
[Debug] received detection service result: position_id=big+1+1 angle=90
[Debug] calling detection service: position_id=big+1+1 angle=180 prompt='sofa . doorway . floor .'
[Debug] received detection service result: position_id=big+1+1 angle=180
[Debug] calling detection service: position_id=big+1+1 angle=270 prompt='sofa . tv . light source .'
[Debug] received detection service result: position_id=big+1+1 angle=270
[Debug] box_info_list_sum: [[], [{'label': 'floor', 'box': [127, 619, 1023, 1023]}, {'label': 'table', 'box': [635, 569, 728, 645]}, {'label': 'doorway', 'box': [376, 455, 485, 691]}], [{'label': 'doorway', 'box': [76, 392, 233, 920]}, {'label': 'floor', 'box': [0, 788, 787, 1023]}], [{'label': 'tv', 'box': [930, 256, 1024, 1023]}, {'label': 'light source', 'box': [516, 640, 779, 1023]}]]
[Debug] max_similar_objs_list: []
[Debug] empty_position: [2, 3]
Place 0 : {
    "Angle": 0,
    "Objects": [
        "shadow",
        "background"
    ]
}{
    "Angle": 90,
    "Objects": [
        "ceiling",
        "floor",
        "doorway"
    ]
}{
    "Angle": 180,
    "Objects": [
        "wall",
        "doorway"
    ]
}Place 1 : {
    "Angle": 0,
    "Objects": [
        "wall",
        "building"
    ]
}{
    "Angle": 270,
    "Objects": [
        "light source"
    ]
}
[Debug] allowed planner objects: ['doorway']
[Debug] allowed planner objects by place: {0: ['doorway']}
[Debug] bypassing planner because only one target is allowed: {"Place": 0, "Angle": 90, "Objects": ["doorway"]}
{"Place": 0, "Angle": 90, "Objects": ["doorway"]}
[Debug] planner selected: place=0, angle=90, objects=['doorway']
last_key:['Place 0']
[Debug] allowed_targets_by_place[0] candidates: [('doorway', 90, 58, 1.0, 'doorway', array([14.478235 ,  1.0376704,  9.763346 ], dtype=float32)), ('doorway', 180, 57, 1.0, 'doorway', array([11.081314 ,  1.0459483,  6.5430164], dtype=float32))]
[Debug] resolved target tuple: ('doorway', 90, 58, 1.0, 'doorway', array([14.478235 ,  1.0376704,  9.763346 ], dtype=float32)) from representative place 0
[Debug] resolved source place: 0 for representative place 0
0
final_goal:sofa,sub_goal:doorway,place:0,trajectory: tv in Place 0.doorway in Place 0.
sub_target_id:58
target:doorway
final_goal:sofa
final_length:1.9142136573791504
[Timing] pathfinder to-subgoal elapsed=3.304s found=True
[Debug] sub-goal visible on screen: label=doorway ratio=0.039315 bbox=91x474
Agent is within 1m of the target. Stopping.
[Debug] observation rotation: angle=0 pause=0.25s
[Debug] observation rotation: angle=90 pause=0.25s
[Debug] observation rotation: angle=180 pause=0.25s
[Debug] observation rotation: angle=270 pause=0.25s
[Debug] calling detection service: position_id=big+2+2 angle=0 prompt='sofa . table . bathroom sink .'
[Debug] received detection service result: position_id=big+2+2 angle=0
[Debug] calling detection service: position_id=big+2+2 angle=90 prompt='sofa . doorway . wall .'
[Debug] received detection service result: position_id=big+2+2 angle=90
[Debug] calling detection service: position_id=big+2+2 angle=180 prompt='sofa . chair . table .'
[Debug] received detection service result: position_id=big+2+2 angle=180
[Debug] calling detection service: position_id=big+2+2 angle=270 prompt='sofa . doorway . ceiling .'
[Debug] received detection service result: position_id=big+2+2 angle=270
[Debug] box_info_list_sum: [[{'label': 'table', 'box': [359, 572, 512, 651]}, {'label': 'bathroom sink', 'box': [772, 588, 956, 874]}, {'label': 'sofa', 'box': [292, 577, 326, 656]}], [{'label': 'doorway', 'box': [177, 298, 620, 1021]}], [{'label': 'table', 'box': [53, 651, 373, 871]}, {'label': 'chair', 'box': [105, 618, 320, 927]}], [{'label': 'doorway', 'box': [24, 444, 165, 738]}, {'label': 'ceiling', 'box': [0, 0, 1022, 327]}]]
floor
sink
[Debug] dropped verified goal candidate: label=sofa angle=0 box=[292, 577, 326, 656] overlaps=bed#5:0.746, floor#102:0.109, doorway#55:0.092, wall#235:0.052
bed
chair
wall
[Debug] max_similar_objs_list: [[('floor', 0, 102, 0.6794582009315491, 'floor', array([8.1485, 0.    , 9.167 ], dtype=float32))], [('sink', 0, 164, 0.8100252747535706, 'sink', array([15.910654 ,  0.4880426, 11.919998 ], dtype=float32))], [('bed', 0, 5, 0.6829032301902771, 'bed', array([11.041425  ,  0.41503024, 15.152356  ], dtype=float32))], [('chair', 180, 33, 0.7113682627677917, 'chair', array([15.677233  ,  0.43747374,  7.344473  ], dtype=float32))], [('wall', 270, 230, 0.6041585206985474, 'wall', array([8.1485   , 1.8875163, 5.093    ], dtype=float32))]]Setting `pad_token_id` to `eos_token_id`:151645 for open-end generation.
Setting `pad_token_id` to `eos_token_id`:151645 for open-end generation.
Setting `pad_token_id` to `eos_token_id`:151645 for open-end generation.
Setting `pad_token_id` to `eos_token_id`:151645 for open-end generation.
Setting `pad_token_id` to `eos_token_id`:151645 for open-end generation.
Setting `pad_token_id` to `eos_token_id`:151645 for open-end generation.
Setting `pad_token_id` to `eos_token_id`:151645 for open-end generation.
Setting `pad_token_id` to `eos_token_id`:151645 for open-end generation.
Setting `pad_token_id` to `eos_token_id`:151645 for open-end generation.

[Debug] empty_position: [2]
Place 0 : {
    "Angle": 0,
    "Objects": [
        "shadow",
        "background"
    ]
}{
    "Angle": 180,
    "Objects": [
        "wall",
        "doorway"
    ]
}Place 1 : {
    "Angle": 0,
    "Objects": [
        "wall",
        "building"
    ]
}{
    "Angle": 270,
    "Objects": [
        "light source"
    ]
}Place 2 : {
    "Angle": 0,
    "Objects": [
        "sink",
        "floor"
    ]
}{
    "Angle": 180,
    "Objects": [
        "chair",
        "chair"
    ]
}
[Debug] allowed planner objects: ['chair', 'sink']
[Debug] allowed planner objects by place: {0: [], 2: ['sink', 'chair']}
The above is a description of different places in different angles in the environment.Your can get to any place described in the json data. Your goal is to find the sofa. Based on the above json data, please choose one specific object to travel to as your target. If your goal is already in the description, please choose it as the target. You must choose an object only from this allowed list: chair, sink. Do not output any object name that is not in the allowed list. Valid choosable objects by place are: Place 2: sink, chair. The Objects field must contain exactly one object from the chosen place list.Note that you can travel to door or door frame to other spaces if there are no clear evidence to choose the target.  Return exactly one JSON object by referring to the following template.
            {"Place": x, "Angle": x, "Objects": ["xxxx"] }
            If your goal is already in the description, please choose it as the target. You should not output any explanation, markdown, prose, examples, or extra text before or after the JSON. Note that your should choose only one object in one angle of one place in the json data as the target.
{"Place": "sink", "Angle": 0, "Objects": ["sink"]}
[Timing] planning mode=no-kv elapsed=1.032s
{"Place": 2, "Angle": 0, "Objects": ["sink"]}
[Debug] planner selected: place=2, angle=0, objects=['sink']
last_key:['Place 0', 'Place 0']
[Debug] allowed_targets_by_place[2] candidates: [('sink', 0, 164, 0.8100252747535706, 'sink', array([15.910654 ,  0.4880426, 11.919998 ], dtype=float32)), ('chair', 180, 33, 0.7113682627677917, 'chair', array([15.677233  ,  0.43747374,  7.344473  ], dtype=float32))]
[Debug] resolved target tuple: ('sink', 0, 164, 0.8100252747535706, 'sink', array([15.910654 ,  0.4880426, 11.919998 ], dtype=float32)) from representative place 2
[Debug] resolved source place: 2 for representative place 2
2
final_goal:sofa,sub_goal:sink,place:2,trajectory: tv in Place 0.doorway in Place 0.sink in Place 2.
sub_target_id:164
target:sink
final_goal:sofa
final_length:7.46751594543457
[Timing] pathfinder to-subgoal elapsed=2.203s found=True
[Debug] sub-goal visible on screen: label=sink ratio=0.027146 bbox=165x281
[Debug] observation rotation: angle=0 pause=0.25s
[Debug] observation rotation: angle=90 pause=0.25s
[Debug] observation rotation: angle=180 pause=0.25s
[Debug] observation rotation: angle=270 pause=0.25s
[Debug] calling detection service: position_id=big+3+3 angle=0 prompt='sofa . faucet . wall .'
[Debug] received detection service result: position_id=big+3+3 angle=0
[Debug] calling detection service: position_id=big+3+3 angle=90 prompt='sofa . wall .'
[Debug] received detection service result: position_id=big+3+3 angle=90
[Debug] calling detection service: position_id=big+3+3 angle=180 prompt='sofa . doorway . wall .'
[Debug] received detection service result: position_id=big+3+3 angle=180
[Debug] calling detection service: position_id=big+3+3 angle=270 prompt='sofa . doorway . toilet .'
[Debug] received detection service result: position_id=big+3+3 angle=270
[Debug] box_info_list_sum: [[{'label': 'wall', 'box': [0, 0, 1023, 1019]}], [{'label': 'wall', 'box': [0, 0, 1023, 1023]}, {'label': 'sofa', 'box': [0, 909, 354, 1023]}], [{'label': 'wall', 'box': [1, 0, 1023, 1023]}], [{'label': 'toilet', 'box': [424, 572, 486, 692]}]]
wall
wall
[Debug] dropped verified goal candidate: label=sofa angle=90 box=[0, 909, 354, 1023] overlaps=sink#164:0.648, wall#259:0.168, sinkbasin#168:0.095, wall#262:0.064, faucet#92:0.025
toilet
[Debug] max_similar_objs_list: [[('wall', 0, 262, 1.0, 'wall', array([8.1485   , 1.8875163, 6.1115   ], dtype=float32))], [('wall', 90, 259, 1.0, 'wall', array([8.148499 , 1.8875161, 6.1114993], dtype=float32))], [('toilet', 270, 186, 1.0, 'toilet', array([10.642204 ,  0.4727599, 10.986129 ], dtype=float32))]]
[Debug] empty_position: []
Place 0 : {
    "Angle": 0,
    "Objects": [
        "shadow",
        "background"
    ]
}{
    "Angle": 180,
    "Objects": [
        "wall",
        "doorway"
    ]
}Place 1 : {
    "Angle": 0,
    "Objects": [
        "wall",
        "building"
    ]
}{
    "Angle": 270,
    "Objects": [
        "light source"
    ]
}Place 2 : {
    "Angle": 180,
    "Objects": [
        "chair",
        "chair"
    ]
}Place 3 : {
    "Angle": 0,
    "Objects": [
        "wall",
        "faucet"
    ]
}{
    "Angle": 90,
    "Objects": [
        "wall",
        "shadow"
    ]
}{
    "Angle": 180,
    "Objects": [
        "doorway"
    ]
}{
    "Angle": 270,
    "Objects": [
        "toilet",
        "doorway"
    ]
}
[Debug] allowed planner objects: ['toilet']
[Debug] allowed planner objects by place: {0: [], 2: [], 3: ['toilet']}
[Debug] bypassing planner because only one target is allowed: {"Place": 3, "Angle": 270, "Objects": ["toilet"]}
{"Place": 3, "Angle": 270, "Objects": ["toilet"]}
[Debug] planner selected: place=3, angle=270, objects=['toilet']
last_key:['Place 0', 'Place 0', 'Place 2']
[Debug] allowed_targets_by_place[3] candidates: [('toilet', 270, 186, 1.0, 'toilet', array([10.642204 ,  0.4727599, 10.986129 ], dtype=float32))]
[Debug] resolved target tuple: ('toilet', 270, 186, 1.0, 'toilet', array([10.642204 ,  0.4727599, 10.986129 ], dtype=float32)) from representative place 3
[Debug] resolved source place: 3 for representative place 3
3
final_goal:sofa,sub_goal:toilet,place:3,trajectory: tv in Place 0.doorway in Place 0.sink in Place 2.toilet in Place 3.
sub_target_id:186
target:toilet
final_goal:sofa
final_length:10.192389488220215
[Timing] pathfinder to-subgoal elapsed=5.482s found=True
[Debug] sub-goal visible on screen: label=toilet ratio=0.012595 bbox=105x169
[Debug] observation rotation: angle=0 pause=0.25s
[Debug] observation rotation: angle=90 pause=0.25s
[Debug] observation rotation: angle=180 pause=0.25s
[Debug] observation rotation: angle=270 pause=0.25s
[Debug] calling detection service: position_id=big+4+4 angle=0 prompt='sofa . tiled wall . wall .'
[Debug] received detection service result: position_id=big+4+4 angle=0
[Debug] calling detection service: position_id=big+4+4 angle=90 prompt='sofa . doorway . floor . wall .'
[Debug] received detection service result: position_id=big+4+4 angle=90
[Debug] calling detection service: position_id=big+4+4 angle=180 prompt='sofa . brick . wall .'
[Debug] received detection service result: position_id=big+4+4 angle=180
[Debug] calling detection service: position_id=big+4+4 angle=270 prompt='sofa . brick . wall .'
[Debug] received detection service result: position_id=big+4+4 angle=270
[Debug] box_info_list_sum: [[], [{'label': 'sofa', 'box': [65, 591, 150, 678]}, {'label': 'wall', 'box': [0, 0, 1023, 1022]}, {'label': 'floor', 'box': [0, 654, 613, 1022]}, {'label': 'doorway', 'box': [45, 376, 290, 935]}], [{'label': 'wall', 'box': [0, 0, 1024, 1024]}], [{'label': 'wall', 'box': [0, 0, 1024, 1023]}]]
[Debug] dropped verified goal candidate: label=sofa angle=90 box=[65, 591, 150, 678] overlaps=chair#2:0.684, wall#255:0.205, floor#102:0.074, doorway#55:0.037
chair
doorway
wall
[Debug] max_similar_objs_list: [[('chair', 90, 2, 0.6756638288497925, 'chair', array([15.864725 ,  0.3625995, 14.481242 ], dtype=float32))], [('doorway', 90, 55, 1.0, 'doorway', array([13.581179 ,  1.0376704, 12.645655 ], dtype=float32))], [('wall', 180, 260, 1.0, 'wall', array([8.1485   , 1.8875163, 5.093    ], dtype=float32))]]
[Debug] empty_position: []
Setting `pad_token_id` to `eos_token_id`:151645 for open-end generation.
Setting `pad_token_id` to `eos_token_id`:151645 for open-end generation.
Setting `pad_token_id` to `eos_token_id`:151645 for open-end generation.
Setting `pad_token_id` to `eos_token_id`:151645 for open-end generation.
Place 0 : {
    "Angle": 0,
    "Objects": [
        "shadow",
        "background"
    ]
}{
    "Angle": 180,
    "Objects": [
        "wall",
        "doorway"
    ]
}Place 1 : {
    "Angle": 0,
    "Objects": [
        "wall",
        "building"
    ]
}{
    "Angle": 270,
    "Objects": [
        "light source"
    ]
}Place 2 : {
    "Angle": 180,
    "Objects": [
        "chair",
        "chair"
    ]
}Place 3 : {
    "Angle": 0,
    "Objects": [
        "wall",
        "faucet"
    ]
}{
    "Angle": 90,
    "Objects": [
        "wall",
        "shadow"
    ]
}{
    "Angle": 180,
    "Objects": [
        "doorway"
    ]
}Place 4 : {
    "Angle": 90,
    "Objects": [
        "doorway"
    ]
}{
    "Angle": 180,
    "Objects": [
        "wall",
        "brick"
    ]
}{
    "Angle": 270,
    "Objects": [
        "brick"
    ]
}
[Debug] resolver candidates place=3: exact=1 relaxed_or_synthesized=1
[Debug] allowed planner objects: ['doorway']
[Debug] allowed planner objects by place: {0: ['doorway'], 2: ['doorway'], 3: ['doorway']}
[Debug] bypassing planner because only one target is allowed: {"Place": 0, "Angle": 180, "Objects": ["doorway"]}
{"Place": 0, "Angle": 180, "Objects": ["doorway"]}
[Debug] planner selected: place=0, angle=180, objects=['doorway']
last_key:['Place 0', 'Place 0', 'Place 2', 'Place 3']
[Debug] allowed_targets_by_place[0] candidates: [('doorway', 180, 57, 1.0, 'doorway', array([11.081314 ,  1.0459483,  6.5430164], dtype=float32))]
[Debug] resolved target tuple: ('doorway', 180, 57, 1.0, 'doorway', array([11.081314 ,  1.0459483,  6.5430164], dtype=float32)) from representative place 0
[Debug] resolved source place: 0 for representative place 0
0
final_goal:sofa,sub_goal:doorway,place:0,trajectory: tv in Place 0.doorway in Place 0.sink in Place 2.toilet in Place 3.
sub_target_id:57
target:doorway
final_goal:sofa
final_length:15.563709259033203
[Timing] pathfinder to-subgoal elapsed=2.539s found=True
[Debug] sub-goal visible on screen: label=doorway ratio=0.029178 bbox=223x539
[Debug] calling detection service: position_id=goal-visible-5-4-16 angle=225 prompt='sofa .'
[Debug] received detection service result: position_id=goal-visible-5-4-16 angle=225
[Debug] final goal visible on screen: label=sofa ratio=0.016972 semantic_bbox=150x188 rgb_bbox=150x174
[Debug] saved final goal bbox: tmp/navigation_images/final_goal_visible_step_16.png
[Debug] final goal detected; approaching GT coordinates before stopping
[Timing] pathfinder final-approach elapsed=9.594s found=True
[Debug] close enough to final goal coordinates: label=sofa distance=1.491
[Timing] episode elapsed=142.886s sr=1 spl=0.6574 final_length=24.1599
[Timing] val_auto episode total elapsed=142.886s goal=sofa sr=1 spl=0.6574 completed_eval_episodes=2/10
[Debug] episode success: final_goal=sofa sr=1 spl=0.6574 final_length=24.1599
[Debug] selectable goal names count=41 sample=['apple', 'basketball', 'bed', 'book', 'bowl', 'box', 'butterknife', 'candle', 'cd', 'chair']
[Debug] requested EFFICIENTNAV_TARGET_OBJECT='sofa' not found in current house; skipping house
[Debug] skipping house because no target object could be selected
[Debug] selectable goal names count=29 sample=['alarmclock', 'baseballbat', 'bed', 'book', 'bowl', 'box', 'cellphone', 'chair', 'desk', 'dogbed']
[Debug] requested EFFICIENTNAV_TARGET_OBJECT='sofa' not found in current house; skipping house
[Debug] skipping house because no target object could be selected
[Debug] selectable goal names count=25 sample=['apple', 'bed', 'bottle', 'bowl', 'bread', 'cellphone', 'countertop', 'doorway', 'floor', 'microwave']
[Debug] requested EFFICIENTNAV_TARGET_OBJECT='sofa' not found in current house; skipping house
[Debug] skipping house because no target object could be selected
[Debug] selectable goal names count=36 sample=['apple', 'bottle', 'bowl', 'butterknife', 'candle', 'cart', 'countertop', 'creditcard', 'desklamp', 'diningtable']
[Debug] requested EFFICIENTNAV_TARGET_OBJECT='sofa' not found in current house; skipping house
[Debug] skipping house because no target object could be selected
[Debug] selectable goal names count=35 sample=['basketball', 'bed', 'bowl', 'cellphone', 'chair', 'creditcard', 'diningtable', 'dishsponge', 'doorway', 'drawer']
[Debug] requested EFFICIENTNAV_TARGET_OBJECT='sofa' not found in current house; skipping house
[Debug] skipping house because no target object could be selected
[Debug] selectable goal names count=28 sample=['cart', 'cellphone', 'chair', 'coffeemachine', 'countertop', 'creditcard', 'desklamp', 'diningtable', 'dogbed', 'doorway']
[Debug] using requested target object=sofa
[Debug] reachable_positions=375 candidate_objects_for_sofa=1
[Debug] starting independent environment episode=1/1
[Debug] experiment setup: seed=7 goal_instance_index=random start_index=random start_rotation=270.0 start_point=(2.500, 0.901, 0.750)
[Timing] pathfinder goal-distance elapsed=0.314s found=True
real_distance:4.914213562373096
[Debug] observation rotation: angle=0 pause=0.25s
[Debug] observation rotation: angle=90 pause=0.25s
[Debug] observation rotation: angle=180 pause=0.25s
[Debug] observation rotation: angle=270 pause=0.25s
[Debug] calling detection service: position_id=big+0+0 angle=0 prompt='sofa . tv . lamp . rack .'
[Debug] received detection service result: position_id=big+0+0 angle=0
[Debug] calling detection service: position_id=big+0+0 angle=90 prompt='sofa . window . wall .'
[Debug] received detection service result: position_id=big+0+0 angle=90
[Debug] calling detection service: position_id=big+0+0 angle=180 prompt='sofa . window . trees . sun .'
[Debug] received detection service result: position_id=big+0+0 angle=180
[Debug] calling detection service: position_id=big+0+0 angle=270 prompt='sofa . doorway . light fixture . wall .'
[Debug] received detection service result: position_id=big+0+0 angle=270
[Debug] box_info_list_sum: [[{'label': 'sofa', 'box': [448, 575, 706, 681]}, {'label': 'tv', 'box': [273, 475, 437, 590]}, {'label': 'lamp', 'box': [183, 523, 270, 661]}, {'label': 'rack', 'box': [670, 575, 887, 982]}], [], [{'label': 'window', 'box': [44, 280, 1021, 875]}, {'label': 'trees', 'box': [103, 487, 1019, 810]}], [{'label': 'doorway', 'box': [56, 203, 671, 1020]}, {'label': 'wall', 'box': [50, 1, 1004, 1021]}]]
[Debug] preserving goal candidate: label=sofa angle=0 obj_id=33 visible_ratio=0.022966 bbox=258x105 box_match=0.8739 detection_bbox=258x106
sofa
tv
desklamp
fridge
window
doorway
wall
[Debug] max_similar_objs_list: [[('sofa', 0, 33, 1.0, 'sofa', array([3.1042576, 0.4549118, 5.9278355], dtype=float32))], [('tv', 0, 35, 1.0, 'tv', array([0.87649107, 1.3574086 , 6.090242  ], dtype=float32))], [('desklamp', 0, 7, 0.7352255582809448, 'desklamp', array([0.64783376, 1.0595828 , 4.0880322 ], dtype=float32))], [('fridge', 0, 14, 0.5748386979103088, 'fridge', array([5.7898664 , 0.93250525, 6.0596185 ], dtype=float32))], [('window', 180, 59, 1.0, 'window', array([2.4305038, 1.5      , 0.       ], dtype=float32))], [('doorway', 270, 10, 1.0, 'doorway', array([1.6039999, 1.0371888, 0.5069809], dtype=float32))], [('wall', 270, 39, 1.0, 'wall', array([0.8019998 , 1.6639733 , 0.80199987], dtype=float32))]]
[Debug] empty_position: []
Place 0 : {
    "Angle": 0,
    "Objects": [
        "fridge",
        "tv",
        "desklamp",
        "sofa"
    ]
}{
    "Angle": 90,
    "Objects": [
        "wall",
        "window"
    ]
}{
    "Angle": 180,
    "Objects": [
        "sun",
        "tiles",
        "window"
    ]
}{
    "Angle": 270,
    "Objects": [
        "wall",
        "light fixture",
        "doorway"
    ]
}
[Debug] allowed planner objects: ['sofa', 'doorway', 'window', 'tv', 'fridge', 'desklamp']
[Debug] allowed planner objects by place: {0: ['sofa', 'doorway', 'window', 'tv', 'desklamp', 'fridge']}
[Debug] bypassing planner because goal is already observed: {"Place": 0, "Angle": 0, "Objects": ["sofa"]}
{"Place": 0, "Angle": 0, "Objects": ["sofa"]}
[Debug] planner selected: place=0, angle=0, objects=['sofa']
last_key:[]
Setting `pad_token_id` to `eos_token_id`:151645 for open-end generation.
Setting `pad_token_id` to `eos_token_id`:151645 for open-end generation.
Setting `pad_token_id` to `eos_token_id`:151645 for open-end generation.
Setting `pad_token_id` to `eos_token_id`:151645 for open-end generation.
[Debug] allowed_targets_by_place[0] candidates: [('sofa', 0, 33, 1.0, 'sofa', array([3.1042576, 0.4549118, 5.9278355], dtype=float32)), ('doorway', 270, 10, 1.0, 'doorway', array([1.6039999, 1.0371888, 0.5069809], dtype=float32)), ('window', 180, 59, 1.0, 'window', array([2.4305038, 1.5      , 0.       ], dtype=float32)), ('tv', 0, 35, 1.0, 'tv', array([0.87649107, 1.3574086 , 6.090242  ], dtype=float32)), ('desklamp', 0, 7, 0.7352255582809448, 'desklamp', array([0.64783376, 1.0595828 , 4.0880322 ], dtype=float32)), ('fridge', 0, 14, 0.5748386979103088, 'fridge', array([5.7898664 , 0.93250525, 6.0596185 ], dtype=float32))]
[Debug] resolved target tuple: ('sofa', 0, 33, 1.0, 'sofa', array([3.1042576, 0.4549118, 5.9278355], dtype=float32)) from representative place 0
[Debug] resolved source place: 0 for representative place 0
0
final_goal:sofa,sub_goal:sofa,place:0,trajectory: sofa in Place 0.
sub_target_id:33
target:sofa
final_goal:sofa
final_length:0
[Timing] pathfinder to-subgoal elapsed=0.343s found=True
[Debug] sub-goal visible on screen: label=sofa ratio=0.010205 bbox=85x158
[Debug] calling detection service: position_id=goal-visible-1-0-1 angle=314 prompt='sofa .'
[Debug] received detection service result: position_id=goal-visible-1-0-1 angle=314
[Debug] final goal visible on screen: label=sofa ratio=0.010205 semantic_bbox=85x158 rgb_bbox=85x160
[Debug] saved final goal bbox: tmp/navigation_images/final_goal_visible_step_1.png
[Debug] final goal detected; approaching GT coordinates before stopping
[Timing] pathfinder final-approach elapsed=0.334s found=True
[Debug] close enough to final goal coordinates: label=sofa distance=1.491
[Timing] episode elapsed=17.216s sr=1 spl=1.0000 final_length=3.8314
[Timing] val_auto episode total elapsed=17.216s goal=sofa sr=1 spl=1.0000 completed_eval_episodes=3/10
[Debug] episode success: final_goal=sofa sr=1 spl=1.0000 final_length=3.8314
[Debug] selectable goal names count=16 sample=['book', 'candle', 'cellphone', 'diningtable', 'doorway', 'floor', 'floorlamp', 'painting', 'pillow', 'plant']
[Debug] using requested target object=sofa
[Debug] reachable_positions=117 candidate_objects_for_sofa=1
[Debug] starting independent environment episode=1/1
[Debug] experiment setup: seed=7 goal_instance_index=random start_index=random start_rotation=270.0 start_point=(1.500, 0.901, 2.000)
[Timing] pathfinder goal-distance elapsed=0.008s found=True
real_distance:0.7071067811865476
[Debug] observation rotation: angle=0 pause=0.25s
[Debug] observation rotation: angle=90 pause=0.25s
[Debug] observation rotation: angle=180 pause=0.25s
[Debug] observation rotation: angle=270 pause=0.25s
[Debug] calling detection service: position_id=big+0+0 angle=0 prompt='sofa . tv . lamp .'
[Debug] received detection service result: position_id=big+0+0 angle=0
[Debug] calling detection service: position_id=big+0+0 angle=90 prompt='sofa . window . potted plant .'
[Debug] received detection service result: position_id=big+0+0 angle=90
[Debug] calling detection service: position_id=big+0+0 angle=180 prompt='sofa . doorway . ceiling .'
[Debug] received detection service result: position_id=big+0+0 angle=180
[Debug] calling detection service: position_id=big+0+0 angle=270 prompt='sofa . tv .'
[Debug] received detection service result: position_id=big+0+0 angle=270
[Debug] box_info_list_sum: [[{'label': 'lamp', 'box': [482, 393, 676, 1022]}, {'label': 'tv', 'box': [0, 521, 405, 947]}], [{'label': 'window', 'box': [772, 392, 998, 775]}, {'label': 'potted plant', 'box': [601, 650, 810, 986]}], [{'label': 'doorway', 'box': [75, 374, 351, 925]}, {'label': 'ceiling', 'box': [1, 0, 1022, 259]}, {'label': 'sofa', 'box': [800, 840, 1023, 1022]}], [{'label': 'sofa', 'box': [0, 760, 625, 1023]}]]
floorlamp
tv
window
plant
doorway
[Debug] preserving goal candidate: label=sofa angle=180 obj_id=13 visible_ratio=0.033769 bbox=222x181 box_match=0.8619 detection_bbox=223x182
sofa
[Debug] preserving goal candidate: label=sofa angle=270 obj_id=13 visible_ratio=0.128789 bbox=625x262 box_match=0.8199 detection_bbox=625x263
[Debug] max_similar_objs_list: [[('floorlamp', 0, 8, 0.7215485572814941, 'floorlamp', array([1.6834859, 0.9319567, 3.4196246], dtype=float32))], [('tv', 0, 14, 1.0, 'tv', array([0.634272 , 1.1199262, 3.229589 ], dtype=float32))], [('window', 90, 25, 1.0, 'window', array([3.703    , 1.2805686, 0.4486292], dtype=float32))], [('plant', 90, 9, 0.7787491083145142, 'plant', array([3.1971116, 0.4924464, 1.3034129], dtype=float32))], [('doorway', 180, 5, 1.0, 'doorway', array([2.6443048, 1.0459483, 0.       ], dtype=float32))], [('sofa', 180, 13, 1.0, 'sofa', array([0.36471945, 0.4475542 , 1.3980304 ], dtype=float32))]]
[Debug] empty_position: []
Place 0 : {
    "Angle": 0,
    "Objects": [
        "tv",
        "floorlamp"
    ]
}{
    "Angle": 90,
    "Objects": [
        "plant",
        "window"
    ]
}{
    "Angle": 180,
    "Objects": [
        "ceiling",
        "doorway"
    ]
}{
    "Angle": 270,
    "Objects": [
        "tv"
    ]
}
[Debug] resolver candidates place=0: exact=5 relaxed_or_synthesized=1
[Debug] allowed planner objects: ['sofa', 'doorway', 'window', 'tv', 'plant', 'floorlamp']
[Debug] allowed planner objects by place: {0: ['sofa', 'doorway', 'window', 'tv', 'plant', 'floorlamp']}
[Debug] bypassing planner because goal is already observed: {"Place": 0, "Angle": 180, "Objects": ["sofa"]}
{"Place": 0, "Angle": 180, "Objects": ["sofa"]}
[Debug] planner selected: place=0, angle=180, objects=['sofa']
last_key:[]
[Debug] allowed_targets_by_place[0] candidates: [('sofa', 180, 13, 1.0, 'sofa', array([0.36471945, 0.4475542 , 1.3980304 ], dtype=float32)), ('doorway', 180, 5, 1.0, 'doorway', array([2.6443048, 1.0459483, 0.       ], dtype=float32)), ('window', 90, 25, 1.0, 'window', array([3.703    , 1.2805686, 0.4486292], dtype=float32)), ('tv', 0, 14, 1.0, 'tv', array([0.634272 , 1.1199262, 3.229589 ], dtype=float32)), ('plant', 90, 9, 0.7787491083145142, 'plant', array([3.1971116, 0.4924464, 1.3034129], dtype=float32)), ('floorlamp', 0, 8, 0.7215485572814941, 'floorlamp', array([1.6834859, 0.9319567, 3.4196246], dtype=float32))]
[Debug] resolved target tuple: ('sofa', 180, 13, 1.0, 'sofa', array([0.36471945, 0.4475542 , 1.3980304 ], dtype=float32)) from representative place 0
[Debug] resolved source place: 0 for representative place 0
0
final_goal:sofa,sub_goal:sofa,place:0,trajectory: sofa in Place 0.
sub_target_id:13
target:sofa
final_goal:sofa
final_length:0
[Timing] pathfinder to-subgoal elapsed=0.008s found=True
[Debug] sub-goal visible on screen: label=sofa ratio=0.115230 bbox=679x284
[Debug] calling detection service: position_id=goal-visible-1-0-1 angle=225 prompt='sofa .'
[Debug] received detection service result: position_id=goal-visible-1-0-1 angle=225
[Debug] final goal visible on screen: label=sofa ratio=0.115230 semantic_bbox=679x284 rgb_bbox=679x285
[Debug] saved final goal bbox: tmp/navigation_images/final_goal_visible_step_1.png
[Debug] final goal detected; approaching GT coordinates before stopping
[Timing] pathfinder final-approach elapsed=0.003s found=True
[Debug] close enough to final goal coordinates: label=sofa distance=0.937
[Timing] episode elapsed=13.480s sr=1 spl=1.0000 final_length=0.2500
[Timing] val_auto episode total elapsed=13.480s goal=sofa sr=1 spl=1.0000 completed_eval_episodes=4/10
[Debug] episode success: final_goal=sofa sr=1 spl=1.0000 final_length=0.2500
[Debug] selectable goal names count=21 sample=['baseballbat', 'basketball', 'bed', 'book', 'box', 'cellphone', 'chair', 'desklamp', 'diningtable', 'doorway']
[Debug] requested EFFICIENTNAV_TARGET_OBJECT='sofa' not found in current house; skipping house
[Debug] skipping house because no target object could be selected
[Debug] selectable goal names count=40 sample=['apple', 'baseballbat', 'bed', 'book', 'box', 'cd', 'chair', 'countertop', 'creditcard', 'desk']
[Debug] requested EFFICIENTNAV_TARGET_OBJECT='sofa' not found in current house; skipping house
[Debug] skipping house because no target object could be selected
Setting `pad_token_id` to `eos_token_id`:151645 for open-end generation.
Setting `pad_token_id` to `eos_token_id`:151645 for open-end generation.
Setting `pad_token_id` to `eos_token_id`:151645 for open-end generation.
Setting `pad_token_id` to `eos_token_id`:151645 for open-end generation.
Setting `pad_token_id` to `eos_token_id`:151645 for open-end generation.
Setting `pad_token_id` to `eos_token_id`:151645 for open-end generation.
Setting `pad_token_id` to `eos_token_id`:151645 for open-end generation.
Setting `pad_token_id` to `eos_token_id`:151645 for open-end generation.
[Debug] selectable goal names count=43 sample=['baseballbat', 'bed', 'book', 'boots', 'bowl', 'box', 'chair', 'countertop', 'desk', 'desklamp']
[Debug] using requested target object=sofa
[Debug] reachable_positions=347 candidate_objects_for_sofa=1
[Debug] starting independent environment episode=1/1
[Debug] experiment setup: seed=7 goal_instance_index=random start_index=random start_rotation=270.0 start_point=(1.250, 0.901, 2.000)
[Timing] pathfinder goal-distance elapsed=0.116s found=True
real_distance:2.517766952966369
[Debug] observation rotation: angle=0 pause=0.25s
[Debug] observation rotation: angle=90 pause=0.25s
[Debug] observation rotation: angle=180 pause=0.25s
[Debug] observation rotation: angle=270 pause=0.25s
[Debug] calling detection service: position_id=big+0+0 angle=0 prompt='sofa . table . lamp . floor lamp .'
[Debug] received detection service result: position_id=big+0+0 angle=0
[Debug] calling detection service: position_id=big+0+0 angle=90 prompt='sofa . chair . table . bowl .'
[Debug] received detection service result: position_id=big+0+0 angle=90
[Debug] calling detection service: position_id=big+0+0 angle=180 prompt='sofa . doorway . counter . toaster .'
[Debug] received detection service result: position_id=big+0+0 angle=180
[Debug] calling detection service: position_id=big+0+0 angle=270 prompt='sofa . cave . wall .'
[Debug] received detection service result: position_id=big+0+0 angle=270
[Debug] box_info_list_sum: [[{'label': 'table', 'box': [250, 657, 476, 849]}, {'label': 'sofa', 'box': [593, 628, 974, 842]}], [{'label': 'chair', 'box': [361, 726, 443, 1009]}, {'label': 'table', 'box': [416, 657, 926, 1022]}], [{'label': 'doorway', 'box': [294, 373, 569, 930]}, {'label': 'counter', 'box': [620, 734, 1023, 1023]}], [{'label': 'wall', 'box': [1, 0, 1022, 829]}]]
floor
[Debug] preserving goal candidate: label=sofa angle=0 obj_id=75 visible_ratio=0.066417 bbox=377x210 box_match=0.8542 detection_bbox=381x214
sofa
chair
floor
doorway
countertop
wall
[Debug] max_similar_objs_list: [[('floor', 0, 30, 0.6794582009315491, 'floor', array([2.54, 0.  , 2.54], dtype=float32))], [('sofa', 0, 75, 1.0, 'sofa', array([2.5741389, 0.4475542, 4.7152805], dtype=float32))], [('chair', 90, 11, 1.0, 'chair', array([3.1250348, 0.3868456, 2.290052 ], dtype=float32))], [('floor', 90, 28, 0.6794582009315491, 'floor', array([2.54  , 0.    , 1.6935], dtype=float32))], [('doorway', 180, 19, 1.0, 'doorway', array([1.5510572, 1.0500227, 0.       ], dtype=float32))], [('countertop', 180, 12, 0.8331171870231628, 'countertop', array([0.48542398, 0.4709986 , 1.7771144 ], dtype=float32))], [('wall', 270, 84, 1.0, 'wall', array([0.       , 2.0083504, 1.6935   ], dtype=float32))]]
[Debug] empty_position: []
Place 0 : {
    "Angle": 0,
    "Objects": [
        "floor lamp",
        "floor",
        "lamp",
        "sofa"
    ]
}{
    "Angle": 90,
    "Objects": [
        "bowl",
        "floor",
        "chair",
        "apple"
    ]
}{
    "Angle": 180,
    "Objects": [
        "doorway",
        "countertop",
        "toaster"
    ]
}{
    "Angle": 270,
    "Objects": [
        "wall",
        "cave"
    ]
}
[Debug] allowed planner objects: ['sofa', 'doorway', 'chair', 'countertop']
[Debug] allowed planner objects by place: {0: ['sofa', 'doorway', 'chair', 'countertop']}
[Debug] bypassing planner because goal is already observed: {"Place": 0, "Angle": 0, "Objects": ["sofa"]}
{"Place": 0, "Angle": 0, "Objects": ["sofa"]}
[Debug] planner selected: place=0, angle=0, objects=['sofa']
last_key:[]
[Debug] allowed_targets_by_place[0] candidates: [('sofa', 0, 75, 1.0, 'sofa', array([2.5741389, 0.4475542, 4.7152805], dtype=float32)), ('doorway', 180, 19, 1.0, 'doorway', array([1.5510572, 1.0500227, 0.       ], dtype=float32)), ('chair', 90, 11, 1.0, 'chair', array([3.1250348, 0.3868456, 2.290052 ], dtype=float32)), ('countertop', 180, 12, 0.8331171870231628, 'countertop', array([0.48542398, 0.4709986 , 1.7771144 ], dtype=float32))]
[Debug] resolved target tuple: ('sofa', 0, 75, 1.0, 'sofa', array([2.5741389, 0.4475542, 4.7152805], dtype=float32)) from representative place 0
[Debug] resolved source place: 0 for representative place 0
0
final_goal:sofa,sub_goal:sofa,place:0,trajectory: sofa in Place 0.
sub_target_id:75
target:sofa
final_goal:sofa
final_length:0
[Timing] pathfinder to-subgoal elapsed=0.117s found=True
[Debug] sub-goal visible on screen: label=sofa ratio=0.076015 bbox=380x324
[Debug] calling detection service: position_id=goal-visible-1-0-1 angle=45 prompt='sofa .'
[Debug] received detection service result: position_id=goal-visible-1-0-1 angle=45
[Debug] final goal visible on screen: label=sofa ratio=0.076015 semantic_bbox=380x324 rgb_bbox=383x326
[Debug] saved final goal bbox: tmp/navigation_images/final_goal_visible_step_1.png
[Debug] final goal detected; approaching GT coordinates before stopping
[Timing] pathfinder final-approach elapsed=0.105s found=True
[Debug] close enough to final goal coordinates: label=sofa distance=1.419
[Timing] episode elapsed=15.469s sr=1 spl=1.0000 final_length=1.6850
[Timing] val_auto episode total elapsed=15.469s goal=sofa sr=1 spl=1.0000 completed_eval_episodes=5/10
[Debug] episode success: final_goal=sofa sr=1 spl=1.0000 final_length=1.6850
[Debug] selectable goal names count=31 sample=['apple', 'butterknife', 'cellphone', 'chair', 'countertop', 'cup', 'diningtable', 'doorway', 'egg', 'floor']
[Debug] requested EFFICIENTNAV_TARGET_OBJECT='sofa' not found in current house; skipping house
[Debug] skipping house because no target object could be selected
[Debug] selectable goal names count=54 sample=['alarmclock', 'apple', 'baseballbat', 'basketball', 'bed', 'book', 'bowl', 'box', 'bread', 'butterknife']
[Debug] using requested target object=sofa
[Debug] reachable_positions=581 candidate_objects_for_sofa=1
[Debug] starting independent environment episode=1/1
[Debug] experiment setup: seed=7 goal_instance_index=random start_index=random start_rotation=270.0 start_point=(6.750, 0.901, 2.250)
[Timing] pathfinder goal-distance elapsed=0.483s found=True
real_distance:4.207106781186548
[Debug] observation rotation: angle=0 pause=0.25s
[Debug] observation rotation: angle=90 pause=0.25s
[Debug] observation rotation: angle=180 pause=0.25s
[Debug] observation rotation: angle=270 pause=0.25s
[Debug] calling detection service: position_id=big+0+0 angle=0 prompt='sofa . tv . chair . table .'
[Debug] received detection service result: position_id=big+0+0 angle=0
[Debug] calling detection service: position_id=big+0+0 angle=90 prompt='sofa . window . wall .'
[Debug] received detection service result: position_id=big+0+0 angle=90
[Debug] calling detection service: position_id=big+0+0 angle=180 prompt='sofa . doorway . brown block .'
[Debug] received detection service result: position_id=big+0+0 angle=180
[Debug] calling detection service: position_id=big+0+0 angle=270 prompt='sofa . chair . table .'
[Debug] received detection service result: position_id=big+0+0 angle=270
[Debug] box_info_list_sum: [[{'label': 'chair', 'box': [0, 752, 149, 1023]}, {'label': 'tv', 'box': [628, 556, 666, 627]}, {'label': 'sofa', 'box': [613, 604, 792, 765]}, {'label': 'table', 'box': [0, 653, 1023, 1022]}], [{'label': 'window', 'box': [237, 395, 511, 670]}], [{'label': 'brown block', 'box': [59, 842, 210, 942]}], [{'label': 'chair', 'box': [896, 832, 1023, 1023]}, {'label': 'table', 'box': [636, 667, 1023, 1022]}]]
chair
tv
[Debug] preserving goal candidate: label=sofa angle=0 obj_id=72 visible_ratio=0.008787 bbox=180x159 box_match=0.3195 detection_bbox=179x161
sofa
floor
window
box
Setting `pad_token_id` to `eos_token_id`:151645 for open-end generation.
Setting `pad_token_id` to `eos_token_id`:151645 for open-end generation.
Setting `pad_token_id` to `eos_token_id`:151645 for open-end generation.
Setting `pad_token_id` to `eos_token_id`:151645 for open-end generation.
[Debug] max_similar_objs_list: [[('chair', 0, 18, 1.0, 'chair', array([5.360173 , 0.4160972, 3.731972 ], dtype=float32))], [('tv', 0, 76, 1.0, 'tv', array([8.222912 , 0.7234955, 7.8260574], dtype=float32))], [('sofa', 0, 72, 1.0, 'sofa', array([8.081959  , 0.36126214, 6.2046223 ], dtype=float32))], [('floor', 0, 36, 0.6794582009315491, 'floor', array([4.253, 0.   , 4.253], dtype=float32))], [('window', 90, 108, 1.0, 'window', array([8.506    , 1.4992062, 2.7094953], dtype=float32))], [('box', 180, 10, 0.6283895373344421, 'box', array([8.204102  , 0.09551702, 0.2497543 ], dtype=float32))]]
[Debug] empty_position: [3]
Place 0 : {
    "Angle": 0,
    "Objects": [
        "tv",
        "floor",
        "chair",
        "lamp"
    ]
}{
    "Angle": 90,
    "Objects": [
        "wall",
        "window"
    ]
}{
    "Angle": 180,
    "Objects": [
        "box",
        "doorway"
    ]
}{
    "Angle": 270,
    "Objects": [
        "table"
    ]
}
[Debug] resolver candidates place=0: exact=4 relaxed_or_synthesized=1
[Debug] allowed planner objects: ['sofa', 'window', 'tv', 'chair', 'box']
[Debug] allowed planner objects by place: {0: ['sofa', 'window', 'tv', 'chair', 'box']}
[Debug] bypassing planner because goal is already observed: {"Place": 0, "Angle": 0, "Objects": ["sofa"]}
{"Place": 0, "Angle": 0, "Objects": ["sofa"]}
[Debug] planner selected: place=0, angle=0, objects=['sofa']
last_key:[]
[Debug] allowed_targets_by_place[0] candidates: [('sofa', 0, 72, 1.0, 'sofa', array([8.081959  , 0.36126214, 6.2046223 ], dtype=float32)), ('window', 90, 108, 1.0, 'window', array([8.506    , 1.4992062, 2.7094953], dtype=float32)), ('tv', 0, 76, 1.0, 'tv', array([8.222912 , 0.7234955, 7.8260574], dtype=float32)), ('chair', 0, 18, 1.0, 'chair', array([5.360173 , 0.4160972, 3.731972 ], dtype=float32)), ('box', 180, 10, 0.6283895373344421, 'box', array([8.204102  , 0.09551702, 0.2497543 ], dtype=float32))]
[Debug] resolved target tuple: ('sofa', 0, 72, 1.0, 'sofa', array([8.081959  , 0.36126214, 6.2046223 ], dtype=float32)) from representative place 0
[Debug] resolved source place: 0 for representative place 0
0
final_goal:sofa,sub_goal:sofa,place:0,trajectory: sofa in Place 0.
sub_target_id:72
target:sofa
final_goal:sofa
final_length:0
[Timing] pathfinder to-subgoal elapsed=0.518s found=True
[Debug] sub-goal visible on screen: label=sofa ratio=0.010798 bbox=204x195
[Debug] calling detection service: position_id=goal-visible-1-0-1 angle=44 prompt='sofa .'
[Debug] received detection service result: position_id=goal-visible-1-0-1 angle=44
[Debug] final goal visible on screen: label=sofa ratio=0.010798 semantic_bbox=204x195 rgb_bbox=204x196
[Debug] saved final goal bbox: tmp/navigation_images/final_goal_visible_step_1.png
[Debug] final goal detected; approaching GT coordinates before stopping
[Timing] pathfinder final-approach elapsed=0.515s found=True
[Debug] close enough to final goal coordinates: label=sofa distance=1.399
[Timing] episode elapsed=17.706s sr=1 spl=1.0000 final_length=3.0814
[Timing] val_auto episode total elapsed=17.706s goal=sofa sr=1 spl=1.0000 completed_eval_episodes=6/10
[Debug] episode success: final_goal=sofa sr=1 spl=1.0000 final_length=3.0814
[Debug] selectable goal names count=40 sample=['book', 'boots', 'bottle', 'bowl', 'box', 'bread', 'butterknife', 'cart', 'chair', 'countertop']
[Debug] using requested target object=sofa
[Debug] reachable_positions=680 candidate_objects_for_sofa=1
[Debug] starting independent environment episode=1/1
[Debug] experiment setup: seed=7 goal_instance_index=random start_index=random start_rotation=270.0 start_point=(5.750, 0.901, 3.500)
[Timing] pathfinder goal-distance elapsed=0.813s found=True
real_distance:2.914213562373095
[Debug] observation rotation: angle=0 pause=0.25s
[Debug] observation rotation: angle=90 pause=0.25s
[Debug] observation rotation: angle=180 pause=0.25s
[Debug] observation rotation: angle=270 pause=0.25s
[Debug] calling detection service: position_id=big+0+0 angle=0 prompt='sofa . tv . box . table .'
[Debug] received detection service result: position_id=big+0+0 angle=0
[Debug] calling detection service: position_id=big+0+0 angle=90 prompt='sofa . chairs . refrigerator . dining table .'
[Debug] received detection service result: position_id=big+0+0 angle=90
[Debug] calling detection service: position_id=big+0+0 angle=180 prompt='sofa . stool . lamp .'
[Debug] received detection service result: position_id=big+0+0 angle=180
[Debug] calling detection service: position_id=big+0+0 angle=270 prompt='sofa . tv . doorway . lamp .'
[Debug] received detection service result: position_id=big+0+0 angle=270
[Debug] box_info_list_sum: [[{'label': 'tv', 'box': [0, 545, 128, 694]}, {'label': 'table', 'box': [0, 652, 521, 853]}, {'label': 'box', 'box': [114, 624, 352, 698]}], [{'label': 'dining table', 'box': [402, 609, 660, 730]}, {'label': 'chairs', 'box': [355, 590, 701, 721]}, {'label': 'refrigerator', 'box': [160, 475, 320, 698]}], [{'label': 'sofa', 'box': [891, 640, 1023, 801]}, {'label': 'stool', 'box': [107, 658, 208, 766]}, {'label': 'lamp', 'box': [799, 477, 937, 783]}], [{'label': 'lamp', 'box': [72, 464, 152, 727]}, {'label': 'tv', 'box': [942, 540, 1023, 665]}, {'label': 'sofa', 'box': [122, 542, 556, 1022]}, {'label': 'doorway', 'box': [384, 464, 564, 653]}]]
tv
floor
box
diningtable
floor
fridge
[Debug] dropped verified goal candidate: label=sofa angle=180 box=[891, 640, 1023, 801] overlaps=chair#2:0.764, floor#27:0.198, wall#68:0.036, floorlamp#31:0.001
chair
stool
floorlamp
floorlamp
[Debug] preserving goal candidate: label=sofa angle=270 obj_id=50 visible_ratio=0.075416 bbox=280x361 box_match=0.3769 detection_bbox=434x480
sofa
doorway
[Debug] max_similar_objs_list: [[('tv', 0, 57, 1.0, 'tv', array([3.2308428 , 0.99582875, 6.1510773 ], dtype=float32))], [('floor', 0, 27, 0.6794582009315491, 'floor', array([3.246, 0.   , 3.246], dtype=float32))], [('box', 0, 10, 1.0, 'box', array([4.744398 , 0.8742349, 6.0334864], dtype=float32))], [('diningtable', 90, 23, 0.8550149202346802, 'diningtable', array([9.878312 , 0.3391091, 3.374147 ], dtype=float32))], [('floor', 90, 29, 0.6032482385635376, 'floor', array([5.41 , 0.   , 3.246], dtype=float32))], [('fridge', 90, 32, 0.9570007920265198, 'fridge', array([10.405422  ,  0.94130385,  5.9258485 ], dtype=float32))], [('chair', 180, 2, 0.6756638288497925, 'chair', array([2.7897317 , 0.36259934, 0.40902707], dtype=float32))], [('stool', 180, 56, 1.0, 'stool', array([8.040551  , 0.29430223, 0.17260718], dtype=float32))], [('floorlamp', 180, 31, 0.7215485572814941, 'floorlamp', array([3.6161063 , 0.88298374, 0.4086036 ], dtype=float32))], [('floorlamp', 270, 30, 0.7215485572814941, 'floorlamp', array([1.9034214 , 0.95253056, 0.51877165], dtype=float32))], [('sofa', 270, 50, 1.0, 'sofa', array([3.2308426 , 0.30490473, 3.221068  ], dtype=float32))], [('doorway', 270, 25, 1.0, 'doorway', array([-5.2154064e-08,  1.0524567e+00,  3.0977569e+00], dtype=float32))]]
[Debug] empty_position: []
Place 0 : {
    "Angle": 0,
    "Objects": [
        "picture",
        "box",
        "tv",
        "floor"
    ]
}{
    "Angle": 90,
    "Objects": [
        "floor",
        "diningtable",
        "fridge"
    ]
}{
    "Angle": 180,
    "Objects": [
        "stool",
        "floorlamp",
        "chair"
    ]
}{
    "Angle": 270,
    "Objects": [
        "floorlamp",
        "sofa",
        "doorway"
    ]
}
[Debug] allowed planner objects: ['sofa', 'doorway', 'tv', 'chair', 'box', 'stool', 'fridge', 'floorlamp', 'diningtable']
[Debug] allowed planner objects by place: {0: ['sofa', 'doorway', 'tv', 'box', 'stool', 'fridge', 'diningtable', 'floorlamp', 'chair']}
[Debug] bypassing planner because goal is already observed: {"Place": 0, "Angle": 270, "Objects": ["sofa"]}
{"Place": 0, "Angle": 270, "Objects": ["sofa"]}
[Debug] planner selected: place=0, angle=270, objects=['sofa']
last_key:[]
Setting `pad_token_id` to `eos_token_id`:151645 for open-end generation.
Setting `pad_token_id` to `eos_token_id`:151645 for open-end generation.
Setting `pad_token_id` to `eos_token_id`:151645 for open-end generation.
Setting `pad_token_id` to `eos_token_id`:151645 for open-end generation.
Setting `pad_token_id` to `eos_token_id`:151645 for open-end generation.
[Debug] allowed_targets_by_place[0] candidates: [('sofa', 270, 50, 1.0, 'sofa', array([3.2308426 , 0.30490473, 3.221068  ], dtype=float32)), ('doorway', 270, 25, 1.0, 'doorway', array([-5.2154064e-08,  1.0524567e+00,  3.0977569e+00], dtype=float32)), ('tv', 0, 57, 1.0, 'tv', array([3.2308428 , 0.99582875, 6.1510773 ], dtype=float32)), ('box', 0, 10, 1.0, 'box', array([4.744398 , 0.8742349, 6.0334864], dtype=float32)), ('stool', 180, 56, 1.0, 'stool', array([8.040551  , 0.29430223, 0.17260718], dtype=float32)), ('fridge', 90, 32, 0.9570007920265198, 'fridge', array([10.405422  ,  0.94130385,  5.9258485 ], dtype=float32)), ('diningtable', 90, 23, 0.8550149202346802, 'diningtable', array([9.878312 , 0.3391091, 3.374147 ], dtype=float32)), ('floorlamp', 180, 31, 0.7215485572814941, 'floorlamp', array([3.6161063 , 0.88298374, 0.4086036 ], dtype=float32)), ('floorlamp', 270, 30, 0.7215485572814941, 'floorlamp', array([1.9034214 , 0.95253056, 0.51877165], dtype=float32)), ('chair', 180, 2, 0.6756638288497925, 'chair', array([2.7897317 , 0.36259934, 0.40902707], dtype=float32))]
[Debug] resolved target tuple: ('sofa', 270, 50, 1.0, 'sofa', array([3.2308426 , 0.30490473, 3.221068  ], dtype=float32)) from representative place 0
[Debug] resolved source place: 0 for representative place 0
0
final_goal:sofa,sub_goal:sofa,place:0,trajectory: sofa in Place 0.
sub_target_id:50
target:sofa
final_goal:sofa
final_length:0
[Timing] pathfinder to-subgoal elapsed=0.873s found=True
[Debug] sub-goal visible on screen: label=sofa ratio=0.065491 bbox=286x316
[Debug] calling detection service: position_id=goal-visible-1-0-1 angle=224 prompt='sofa .'
[Debug] received detection service result: position_id=goal-visible-1-0-1 angle=224
[Debug] final goal visible on screen: label=sofa ratio=0.065491 semantic_bbox=286x316 rgb_bbox=286x317
[Debug] saved final goal bbox: tmp/navigation_images/final_goal_visible_step_1.png
[Debug] final goal detected; approaching GT coordinates before stopping
[Timing] pathfinder final-approach elapsed=0.740s found=True
[Debug] close enough to final goal coordinates: label=sofa distance=1.479
[Timing] episode elapsed=19.463s sr=1 spl=1.0000 final_length=1.4350
[Timing] val_auto episode total elapsed=19.463s goal=sofa sr=1 spl=1.0000 completed_eval_episodes=7/10
[Debug] episode success: final_goal=sofa sr=1 spl=1.0000 final_length=1.4350
[Debug] selectable goal names count=11 sample=['dishsponge', 'doorway', 'faucet', 'floor', 'garbagecan', 'plunger', 'sink', 'sinkbasin', 'toilet', 'toiletpaper']
[Debug] requested EFFICIENTNAV_TARGET_OBJECT='sofa' not found in current house; skipping house
[Debug] skipping house because no target object could be selected
[Debug] selectable goal names count=30 sample=['apple', 'book', 'bottle', 'bread', 'chair', 'countertop', 'creditcard', 'cup', 'diningtable', 'dishsponge']
[Debug] requested EFFICIENTNAV_TARGET_OBJECT='sofa' not found in current house; skipping house
[Debug] skipping house because no target object could be selected
[Debug] selectable goal names count=66 sample=['alarmclock', 'apple', 'basketball', 'bed', 'book', 'bowl', 'box', 'bread', 'butterknife', 'cart']
[Debug] using requested target object=sofa
[Debug] reachable_positions=1866 candidate_objects_for_sofa=3
[Debug] starting independent environment episode=1/1
[Debug] experiment setup: seed=7 goal_instance_index=random start_index=random start_rotation=270.0 start_point=(11.500, 0.901, 4.750)
[Timing] pathfinder goal-distance elapsed=4.387s found=True
real_distance:16.417261889578025
[Debug] observation rotation: angle=0 pause=0.25s
[Debug] observation rotation: angle=90 pause=0.25s
[Debug] observation rotation: angle=180 pause=0.25s
[Debug] observation rotation: angle=270 pause=0.25s
[Debug] calling detection service: position_id=big+0+0 angle=0 prompt='sofa . doorway . wall . ceiling .'
[Debug] received detection service result: position_id=big+0+0 angle=0
[Debug] calling detection service: position_id=big+0+0 angle=90 prompt='sofa . bed . basketball . teddy bear .'
[Debug] received detection service result: position_id=big+0+0 angle=90
[Debug] calling detection service: position_id=big+0+0 angle=180 prompt='sofa . tree . window .'
[Debug] received detection service result: position_id=big+0+0 angle=180
[Debug] calling detection service: position_id=big+0+0 angle=270 prompt='sofa . doorway . basketball .'
[Debug] received detection service result: position_id=big+0+0 angle=270
[Debug] box_info_list_sum: [[{'label': 'ceiling', 'box': [343, 0, 1022, 106]}, {'label': 'doorway', 'box': [56, 376, 350, 968]}], [{'label': 'teddy bear', 'box': [611, 675, 735, 813]}, {'label': 'basketball', 'box': [710, 688, 749, 744]}, {'label': 'bed', 'box': [415, 676, 1023, 1023]}], [{'label': 'window', 'box': [244, 175, 832, 937]}], [{'label': 'basketball', 'box': [865, 795, 929, 856]}, {'label': 'sofa', 'box': [540, 598, 677, 722]}, {'label': 'doorway', 'box': [863, 445, 1000, 738]}]]
doorway
teddybear
wall
bed
window
basketball
[Debug] dropped verified goal candidate: label=sofa angle=270 box=[540, 598, 677, 722] overlaps=drawer#57:0.287, drawer#65:0.280, dresser#71:0.230, wall#209:0.081, floor#82:0.076
wall
doorway
[Debug] max_similar_objs_list: [[('doorway', 0, 48, 1.0, 'doorway', array([10.433346 ,  1.0376706,  5.645851 ], dtype=float32))], [('teddybear', 90, 181, 0.976365864276886, 'teddybear', array([13.324614 ,  0.7895727,  4.1530056], dtype=float32))], [('wall', 90, 239, 0.5779960751533508, 'wall', array([7.237    , 1.775805 , 1.8095002], dtype=float32))], [('bed', 90, 10, 1.0, 'bed', array([13.51161   ,  0.32426813,  4.329874  ], dtype=float32))], [('window', 180, 278, 1.0, 'window', array([11.450363 ,  1.4993188,  3.619    ], dtype=float32))], [('basketball', 270, 6, 1.0, 'basketball', array([9.122098  , 0.11968711, 6.5354424 ], dtype=float32))], [('wall', 270, 209, 0.5670872926712036, 'wall', array([3.6184993, 1.775805 , 3.6184998], dtype=float32))], [('doorway', 270, 50, 1.0, 'doorway', array([8.814249 , 1.0524565, 7.6607213], dtype=float32))]]
[Debug] empty_position: []
Place 0 : {
    "Angle": 0,
    "Objects": [
        "wall",
        "ceiling",
        "doorway"
    ]
}{
    "Angle": 90,
    "Objects": [
        "bed",
        "teddybear",
        "wall",
        "potted plant"
    ]
}{
    "Angle": 180,
    "Objects": [
        "window",
        "tree"
    ]
}{
    "Angle": 270,
    "Objects": [
        "basketball",
        "doorway"
    ]
}
[Debug] allowed planner objects: ['doorway', 'window', 'bed', 'basketball', 'teddybear']
[Debug] allowed planner objects by place: {0: ['doorway', 'window', 'bed', 'basketball', 'teddybear']}
The above is a description of different places in different angles in the environment.Your can get to any place described in the json data. Your goal is to find the sofa. Based on the above json data, please choose one specific object to travel to as your target. If your goal is already in the description, please choose it as the target. You must choose an object only from this allowed list: doorway, window, bed, basketball, teddybear. Do not output any object name that is not in the allowed list. Valid choosable objects by place are: Place 0: doorway, window, bed, basketball, teddybear. The Objects field must contain exactly one object from the chosen place list.Note that you can travel to door or door frame to other spaces if there are no clear evidence to choose the target.  Return exactly one JSON object by referring to the following template.
            {"Place": x, "Angle": x, "Objects": ["xxxx"] }
            If your goal is already in the description, please choose it as the target. You should not output any explanation, markdown, prose, examples, or extra text before or after the JSON. Note that your should choose only one object in one angle of one place in the json data as the target.
{"Place": "bed", "Angle": 90, "Objects": ["bed"]}
[Timing] planning mode=no-kv elapsed=1.308s
{"Place": 0, "Angle": 90, "Objects": ["bed"]}
[Debug] planner selected: place=0, angle=90, objects=['bed']
last_key:[]
Setting `pad_token_id` to `eos_token_id`:151645 for open-end generation.
Setting `pad_token_id` to `eos_token_id`:151645 for open-end generation.
Setting `pad_token_id` to `eos_token_id`:151645 for open-end generation.
Setting `pad_token_id` to `eos_token_id`:151645 for open-end generation.
Setting `pad_token_id` to `eos_token_id`:151645 for open-end generation.
Setting `pad_token_id` to `eos_token_id`:151645 for open-end generation.
Setting `pad_token_id` to `eos_token_id`:151645 for open-end generation.
Setting `pad_token_id` to `eos_token_id`:151645 for open-end generation.
[Debug] allowed_targets_by_place[0] candidates: [('doorway', 0, 48, 1.0, 'doorway', array([10.433346 ,  1.0376706,  5.645851 ], dtype=float32)), ('doorway', 270, 50, 1.0, 'doorway', array([8.814249 , 1.0524565, 7.6607213], dtype=float32)), ('window', 180, 278, 1.0, 'window', array([11.450363 ,  1.4993188,  3.619    ], dtype=float32)), ('bed', 90, 10, 1.0, 'bed', array([13.51161   ,  0.32426813,  4.329874  ], dtype=float32)), ('basketball', 270, 6, 1.0, 'basketball', array([9.122098  , 0.11968711, 6.5354424 ], dtype=float32)), ('teddybear', 90, 181, 0.976365864276886, 'teddybear', array([13.324614 ,  0.7895727,  4.1530056], dtype=float32))]
[Debug] resolved target tuple: ('bed', 90, 10, 1.0, 'bed', array([13.51161   ,  0.32426813,  4.329874  ], dtype=float32)) from representative place 0
[Debug] resolved source place: 0 for representative place 0
0
final_goal:sofa,sub_goal:bed,place:0,trajectory: bed in Place 0.
sub_target_id:10
target:bed
final_goal:sofa
final_length:0
[Timing] pathfinder to-subgoal elapsed=0.864s found=True
[Debug] sub-goal visible on screen: label=bed ratio=0.010547 bbox=77x274
[Debug] observation rotation: angle=0 pause=0.25s
[Debug] observation rotation: angle=90 pause=0.25s
[Debug] observation rotation: angle=180 pause=0.25s
[Debug] observation rotation: angle=270 pause=0.25s
[Debug] calling detection service: position_id=big+1+1 angle=0 prompt='sofa . tv . plant .'
[Debug] received detection service result: position_id=big+1+1 angle=0
[Debug] calling detection service: position_id=big+1+1 angle=90 prompt='sofa . plant . cabinet .'
[Debug] received detection service result: position_id=big+1+1 angle=90
[Debug] calling detection service: position_id=big+1+1 angle=180 prompt='sofa . bed . bowl . bear .'
[Debug] received detection service result: position_id=big+1+1 angle=180
[Debug] calling detection service: position_id=big+1+1 angle=270 prompt='sofa . doorway . window .'
[Debug] received detection service result: position_id=big+1+1 angle=270
[Debug] box_info_list_sum: [[{'label': 'plant', 'box': [877, 375, 1023, 766]}, {'label': 'tv', 'box': [409, 481, 773, 663]}], [{'label': 'plant', 'box': [0, 349, 179, 766]}, {'label': 'cabinet', 'box': [0, 698, 415, 1023]}], [{'label': 'bear', 'box': [519, 754, 663, 1023]}, {'label': 'sofa', 'box': [147, 851, 364, 1023]}], [{'label': 'sofa', 'box': [488, 571, 577, 651]}, {'label': 'window', 'box': [0, 280, 207, 796]}, {'label': 'doorway', 'box': [400, 411, 784, 823]}]]
plant
tv
dresser
[Debug] dropped verified goal candidate: label=sofa angle=180 box=[147, 851, 364, 1023] overlaps=pillow#138:0.708, bed#10:0.267, wall#239:0.019, wall#235:0.006
pillow
[Debug] dropped verified goal candidate: label=sofa angle=270 box=[488, 571, 577, 651] overlaps=drawer#57:0.296, drawer#65:0.296, dresser#71:0.200, wall#209:0.092, floor#82:0.087
floor
[Debug] max_similar_objs_list: [[('plant', 0, 97, 1.0, 'plant', array([14.261866 ,  1.5220935,  5.982865 ], dtype=float32))], [('tv', 0, 184, 1.0, 'tv', array([13.786259 ,  1.3598171,  7.147625 ], dtype=float32))], [('dresser', 90, 69, 0.7273175120353699, 'dresser', array([14.253271  ,  0.61419606,  5.882782  ], dtype=float32))], [('pillow', 180, 138, 0.6884168982505798, 'pillow', array([14.040954 ,  0.6285952,  4.086984 ], dtype=float32))], [('floor', 270, 82, 0.5941644310951233, 'floor', array([5.428 , 0.    , 3.6185], dtype=float32))]]
[Debug] empty_position: [3]
Place 0 : {
    "Angle": 0,
    "Objects": [
        "wall",
        "ceiling",
        "doorway"
    ]
}{
    "Angle": 180,
    "Objects": [
        "window",
        "tree"
    ]
}{
    "Angle": 270,
    "Objects": [
        "basketball",
        "doorway"
    ]
}Place 1 : {
    "Angle": 0,
    "Objects": [
        "plant",
        "tv"
    ]
}{
    "Angle": 90,
    "Objects": [
        "dresser"
    ]
}{
    "Angle": 180,
    "Objects": [
        "bed",
        "basketball",
        "bowl"
    ]
}{
    "Angle": 270,
    "Objects": [
        "doorway"
    ]
}
[Debug] resolver candidates place=0: exact=4 relaxed_or_synthesized=1
[Debug] allowed planner objects: ['doorway']
[Debug] allowed planner objects by place: {0: ['doorway']}
[Debug] bypassing planner because only one target is allowed: {"Place": 0, "Angle": 0, "Objects": ["doorway"]}
{"Place": 0, "Angle": 0, "Objects": ["doorway"]}
[Debug] planner selected: place=0, angle=0, objects=['doorway']
last_key:['Place 0']
[Debug] allowed_targets_by_place[0] candidates: [('doorway', 0, 48, 1.0, 'doorway', array([10.433346 ,  1.0376706,  5.645851 ], dtype=float32)), ('doorway', 270, 50, 1.0, 'doorway', array([8.814249 , 1.0524565, 7.6607213], dtype=float32)), ('window', 180, 278, 1.0, 'window', array([11.450363 ,  1.4993188,  3.619    ], dtype=float32)), ('tv', 0, 184, 1.0, 'tv', array([13.786259 ,  1.3598171,  7.147625 ], dtype=float32)), ('plant', 0, 97, 1.0, 'plant', array([14.261866 ,  1.5220935,  5.982865 ], dtype=float32)), ('basketball', 270, 6, 1.0, 'basketball', array([9.122098  , 0.11968711, 6.5354424 ], dtype=float32)), ('dresser', 90, 69, 0.7273175120353699, 'dresser', array([14.253271  ,  0.61419606,  5.882782  ], dtype=float32)), ('teddybear', 90, 181, 0.976365864276886, 'teddybear', array([13.324614 ,  0.7895727,  4.1530056], dtype=float32))]
[Debug] resolved target tuple: ('doorway', 0, 48, 1.0, 'doorway', array([10.433346 ,  1.0376706,  5.645851 ], dtype=float32)) from representative place 0
[Debug] resolved source place: 0 for representative place 0
0
final_goal:sofa,sub_goal:doorway,place:0,trajectory: bed in Place 0.doorway in Place 0.
sub_target_id:48
target:doorway
final_goal:sofa
final_length:2.8284270763397217
[Timing] pathfinder to-subgoal elapsed=0.273s found=True
[Debug] sub-goal visible on screen: label=doorway ratio=0.212755 bbox=621x1024
Agent is within 1m of the target. Stopping.
[Debug] observation rotation: angle=0 pause=0.25s
[Debug] observation rotation: angle=90 pause=0.25s
[Debug] observation rotation: angle=180 pause=0.25s
[Debug] observation rotation: angle=270 pause=0.25s
[Debug] calling detection service: position_id=big+2+2 angle=0 prompt='sofa . doorway . wall .'
[Debug] received detection service result: position_id=big+2+2 angle=0
[Debug] calling detection service: position_id=big+2+2 angle=90 prompt='sofa . tv . bed . dresser .'
[Debug] received detection service result: position_id=big+2+2 angle=90
[Debug] calling detection service: position_id=big+2+2 angle=180 prompt='sofa . doorway . window .'
[Debug] received detection service result: position_id=big+2+2 angle=180
[Debug] calling detection service: position_id=big+2+2 angle=270 prompt='sofa . bed . basketball . nightstand .'
[Debug] received detection service result: position_id=big+2+2 angle=270
[Debug] box_info_list_sum: [[{'label': 'doorway', 'box': [104, 281, 593, 1021]}, {'label': 'wall', 'box': [589, 0, 1022, 982]}], [{'label': 'tv', 'box': [159, 488, 290, 627]}, {'label': 'bed', 'box': [579, 640, 1023, 962]}, {'label': 'dresser', 'box': [381, 557, 525, 755]}], [{'label': 'window', 'box': [139, 311, 400, 757]}, {'label': 'doorway', 'box': [516, 310, 988, 1008]}], [{'label': 'bed', 'box': [48, 593, 241, 792]}, {'label': 'basketball', 'box': [794, 921, 884, 1021]}, {'label': 'nightstand', 'box': [428, 618, 592, 773]}]]
wall
bed
dresser
[Debug] max_similar_objs_list: [[('wall', 0, 256, 1.0, 'wall', array([7.237   , 1.775805, 4.523   ], dtype=float32))], [('bed', 270, 9, 1.0, 'bed', array([6.664797  , 0.44970202, 2.9055238 ], dtype=float32))], [('dresser', 270, 71, 0.6982331275939941, 'dresser', array([7.455586  , 0.41011748, 5.4915514 ], dtype=float32))]]
[Debug] empty_position: [2]
Setting `pad_token_id` to `eos_token_id`:151645 for open-end generation.
Setting `pad_token_id` to `eos_token_id`:151645 for open-end generation.
Setting `pad_token_id` to `eos_token_id`:151645 for open-end generation.
Setting `pad_token_id` to `eos_token_id`:151645 for open-end generation.
Setting `pad_token_id` to `eos_token_id`:151645 for open-end generation.
Setting `pad_token_id` to `eos_token_id`:151645 for open-end generation.
Setting `pad_token_id` to `eos_token_id`:151645 for open-end generation.
Setting `pad_token_id` to `eos_token_id`:151645 for open-end generation.
Place 0 : {
    "Angle": 180,
    "Objects": [
        "window",
        "tree"
    ]
}{
    "Angle": 270,
    "Objects": [
        "basketball",
        "doorway"
    ]
}Place 1 : {
    "Angle": 0,
    "Objects": [
        "plant",
        "tv"
    ]
}{
    "Angle": 90,
    "Objects": [
        "dresser"
    ]
}{
    "Angle": 180,
    "Objects": [
        "bed",
        "basketball",
        "bowl"
    ]
}{
    "Angle": 270,
    "Objects": [
        "doorway"
    ]
}Place 2 : {
    "Angle": 90,
    "Objects": [
        "plant"
    ]
}{
    "Angle": 180,
    "Objects": [
        "doorway"
    ]
}{
    "Angle": 270,
    "Objects": [
        "bed",
        "dresser"
    ]
}
[Debug] resolver candidates place=0: exact=3 relaxed_or_synthesized=1
[Debug] allowed planner objects: ['doorway']
[Debug] allowed planner objects by place: {0: ['doorway']}
[Debug] bypassing planner because only one target is allowed: {"Place": 0, "Angle": 270, "Objects": ["doorway"]}
{"Place": 0, "Angle": 270, "Objects": ["doorway"]}
[Debug] planner selected: place=0, angle=270, objects=['doorway']
last_key:['Place 0', 'Place 0']
[Debug] allowed_targets_by_place[0] candidates: [('doorway', 270, 50, 1.0, 'doorway', array([8.814249 , 1.0524565, 7.6607213], dtype=float32)), ('window', 180, 278, 1.0, 'window', array([11.450363 ,  1.4993188,  3.619    ], dtype=float32)), ('tv', 0, 184, 1.0, 'tv', array([13.786259 ,  1.3598171,  7.147625 ], dtype=float32)), ('bed', 270, 9, 1.0, 'bed', array([6.664797  , 0.44970202, 2.9055238 ], dtype=float32)), ('plant', 0, 97, 1.0, 'plant', array([14.261866 ,  1.5220935,  5.982865 ], dtype=float32)), ('basketball', 270, 6, 1.0, 'basketball', array([9.122098  , 0.11968711, 6.5354424 ], dtype=float32)), ('dresser', 90, 69, 0.7273175120353699, 'dresser', array([14.253271  ,  0.61419606,  5.882782  ], dtype=float32)), ('dresser', 270, 71, 0.6982331275939941, 'dresser', array([7.455586  , 0.41011748, 5.4915514 ], dtype=float32)), ('teddybear', 90, 181, 0.976365864276886, 'teddybear', array([13.324614 ,  0.7895727,  4.1530056], dtype=float32))]
[Debug] resolved target tuple: ('doorway', 270, 50, 1.0, 'doorway', array([8.814249 , 1.0524565, 7.6607213], dtype=float32)) from representative place 0
[Debug] resolved source place: 0 for representative place 0
0
final_goal:sofa,sub_goal:doorway,place:0,trajectory: bed in Place 0.doorway in Place 0.
sub_target_id:50
target:doorway
final_goal:sofa
final_length:3.889087200164795
[Timing] pathfinder to-subgoal elapsed=1.573s found=True
[Debug] sub-goal visible on screen: label=doorway ratio=0.024856 bbox=149x292
Agent is within 1m of the target. Stopping.
[Debug] observation rotation: angle=0 pause=0.25s
[Debug] observation rotation: angle=90 pause=0.25s
[Debug] observation rotation: angle=180 pause=0.25s
[Debug] observation rotation: angle=270 pause=0.25s
[Debug] calling detection service: position_id=big+3+3 angle=0 prompt='sofa . fire . rock .'
[Debug] received detection service result: position_id=big+3+3 angle=0
[Debug] calling detection service: position_id=big+3+3 angle=90 prompt='sofa . doorway . mirror .'
[Debug] received detection service result: position_id=big+3+3 angle=90
[Debug] calling detection service: position_id=big+3+3 angle=180 prompt='sofa . bed . box . dresser .'
[Debug] received detection service result: position_id=big+3+3 angle=180
[Debug] calling detection service: position_id=big+3+3 angle=270 prompt='sofa . doorway . wall .'
[Debug] received detection service result: position_id=big+3+3 angle=270
[Debug] box_info_list_sum: [[{'label': 'rock', 'box': [797, 437, 1023, 626]}], [], [{'label': 'bed', 'box': [610, 590, 746, 717]}, {'label': 'dresser', 'box': [787, 664, 1023, 1023]}, {'label': 'box', 'box': [689, 684, 764, 742]}], [{'label': 'doorway', 'box': [383, 294, 825, 1021]}]]
painting
box
[Debug] max_similar_objs_list: [[('painting', 0, 122, 0.6272103190422058, 'painting', array([10.24517  ,  1.5127478,  9.025129 ], dtype=float32))], [('box', 180, 20, 1.0, 'box', array([7.490234  , 0.13906023, 3.8793082 ], dtype=float32))]]
[Debug] empty_position: []
Place 0 : {
    "Angle": 180,
    "Objects": [
        "window",
        "tree"
    ]
}Place 1 : {
    "Angle": 0,
    "Objects": [
        "plant",
        "tv"
    ]
}{
    "Angle": 90,
    "Objects": [
        "dresser"
    ]
}{
    "Angle": 180,
    "Objects": [
        "bed",
        "basketball",
        "bowl"
    ]
}{
    "Angle": 270,
    "Objects": [
        "doorway"
    ]
}Place 2 : {
    "Angle": 90,
    "Objects": [
        "plant"
    ]
}{
    "Angle": 180,
    "Objects": [
        "doorway"
    ]
}{
    "Angle": 270,
    "Objects": [
        "bed",
        "dresser"
    ]
}Place 3 : {
    "Angle": 0,
    "Objects": [
        "fire",
        "painting"
    ]
}{
    "Angle": 90,
    "Objects": [
        "mirror",
        "doorway"
    ]
}{
    "Angle": 180,
    "Objects": [
        "box",
        "window"
    ]
}
[Debug] resolver candidates place=0: exact=1 relaxed_or_synthesized=2
[Debug] allowed planner objects: []
[Debug] allowed planner objects by place: {0: []}
[Debug] resolver candidates place=0: exact=1 relaxed_or_synthesized=2
[Debug] bypassing planner because allowed target list is empty: {"Place": 0, "Angle": 180, "Objects": ["window"]}
{"Place": 0, "Angle": 180, "Objects": ["window"]}
[Debug] planner selected: place=0, angle=180, objects=['window']
last_key:['Place 0', 'Place 0', 'Place 0']
[Debug] allowed_targets_by_place[0] candidates: [('window', 180, 278, 1.0, 'window', array([11.450363 ,  1.4993188,  3.619    ], dtype=float32)), ('tv', 0, 184, 1.0, 'tv', array([13.786259 ,  1.3598171,  7.147625 ], dtype=float32)), ('bed', 270, 9, 1.0, 'bed', array([6.664797  , 0.44970202, 2.9055238 ], dtype=float32)), ('box', 180, 20, 1.0, 'box', array([7.490234  , 0.13906023, 3.8793082 ], dtype=float32)), ('plant', 0, 97, 1.0, 'plant', array([14.261866 ,  1.5220935,  5.982865 ], dtype=float32)), ('dresser', 90, 69, 0.7273175120353699, 'dresser', array([14.253271  ,  0.61419606,  5.882782  ], dtype=float32)), ('dresser', 270, 71, 0.6982331275939941, 'dresser', array([7.455586  , 0.41011748, 5.4915514 ], dtype=float32)), ('painting', 0, 122, 0.6272103190422058, 'painting', array([10.24517  ,  1.5127478,  9.025129 ], dtype=float32)), ('basketball', 270, 6, 1.0, 'basketball', array([9.122098  , 0.11968711, 6.5354424 ], dtype=float32)), ('teddybear', 90, 181, 0.976365864276886, 'teddybear', array([13.324614 ,  0.7895727,  4.1530056], dtype=float32))]
[Debug] resolved target tuple: ('window', 180, 278, 1.0, 'window', array([11.450363 ,  1.4993188,  3.619    ], dtype=float32)) from representative place 0
[Debug] resolved source place: 0 for representative place 0
0
final_goal:sofa,sub_goal:window,place:0,trajectory: bed in Place 0.doorway in Place 0.window in Place 0.
sub_target_id:278
target:window
final_goal:sofa
final_length:7.8210673332214355
[Timing] pathfinder to-subgoal elapsed=0.261s found=True
[Debug] sub-goal visible on screen: label=window ratio=0.308129 bbox=363x1024
[Debug] observation rotation: angle=0 pause=0.25s
[Debug] observation rotation: angle=90 pause=0.25s
[Debug] observation rotation: angle=180 pause=0.25s
[Debug] observation rotation: angle=270 pause=0.25s
[Debug] calling detection service: position_id=big+4+4 angle=0 prompt='sofa . doorway . mirror .'
[Debug] received detection service result: position_id=big+4+4 angle=0
[Debug] calling detection service: position_id=big+4+4 angle=90 prompt='sofa . bed . laptop . dresser .'
[Debug] received detection service result: position_id=big+4+4 angle=90
[Debug] calling detection service: position_id=big+4+4 angle=180 prompt='sofa . park bench . tree . parking lot .'
[Debug] received detection service result: position_id=big+4+4 angle=180
[Debug] calling detection service: position_id=big+4+4 angle=270 prompt='sofa . window . wall .'
[Debug] received detection service result: position_id=big+4+4 angle=270
Setting `pad_token_id` to `eos_token_id`:151645 for open-end generation.
Setting `pad_token_id` to `eos_token_id`:151645 for open-end generation.
Setting `pad_token_id` to `eos_token_id`:151645 for open-end generation.
Setting `pad_token_id` to `eos_token_id`:151645 for open-end generation.
[Debug] box_info_list_sum: [[{'label': 'mirror', 'box': [569, 425, 739, 763]}, {'label': 'sofa', 'box': [303, 758, 1023, 1022]}], [{'label': 'dresser', 'box': [42, 570, 263, 828]}, {'label': 'laptop', 'box': [244, 731, 389, 825]}, {'label': 'bed', 'box': [94, 673, 691, 1023]}], [{'label': 'parking lot', 'box': [0, 635, 1023, 1022]}, {'label': 'park bench', 'box': [512, 544, 645, 576]}], [{'label': 'window', 'box': [0, 0, 195, 1023]}, {'label': 'wall', 'box': [221, 0, 1023, 1024]}]]
doorway
[Debug] dropped verified goal candidate: label=sofa angle=0 box=[303, 758, 1023, 1022] overlaps=floor#77:0.910, floor#82:0.039, doorway#48:0.037, wall#230:0.006, wall#235:0.003
floor
laptop
wall
[Debug] max_similar_objs_list: [[('doorway', 0, 49, 0.642623782157898, 'doorway', array([12.3610325,  1.0534253,  7.6742926], dtype=float32))], [('floor', 0, 77, 0.5941644310951233, 'floor', array([7.237 , 0.    , 3.6185], dtype=float32))], [('laptop', 90, 101, 1.0, 'laptop', array([13.287224 ,  0.7156192,  4.654652 ], dtype=float32))], [('wall', 270, 215, 1.0, 'wall', array([5.428   , 1.775805, 3.6185  ], dtype=float32))]]
[Debug] empty_position: []
 Place 1 : {
    "Angle": 0,
    "Objects": [
        "plant",
        "tv"
    ]
}{
    "Angle": 90,
    "Objects": [
        "dresser"
    ]
}{
    "Angle": 180,
    "Objects": [
        "bed",
        "basketball",
        "bowl"
    ]
}{
    "Angle": 270,
    "Objects": [
        "doorway"
    ]
}Place 2 : {
    "Angle": 90,
    "Objects": [
        "plant"
    ]
}{
    "Angle": 180,
    "Objects": [
        "doorway"
    ]
}{
    "Angle": 270,
    "Objects": [
        "bed",
        "dresser"
    ]
}Place 3 : {
    "Angle": 0,
    "Objects": [
        "fire",
        "painting"
    ]
}{
    "Angle": 90,
    "Objects": [
        "mirror",
        "doorway"
    ]
}{
    "Angle": 180,
    "Objects": [
        "box",
        "window"
    ]
}Place 4 : {
    "Angle": 0,
    "Objects": [
        "doorway",
        "doorway"
    ]
}{
    "Angle": 90,
    "Objects": [
        "laptop",
        "plant"
    ]
}{
    "Angle": 180,
    "Objects": [
        "tree"
    ]
}
[Debug] resolver candidates place=0: exact=0 relaxed_or_synthesized=2
[Debug] allowed planner objects: ['doorway']
[Debug] allowed planner objects by place: {0: ['doorway']}
[Debug] bypassing planner because only one target is allowed: {"Place": 0, "Angle": 0, "Objects": ["doorway"]}
{"Place": 0, "Angle": 0, "Objects": ["doorway"]}
[Debug] planner selected: place=0, angle=0, objects=['doorway']
last_key:['Place 0', 'Place 0', 'Place 0', 'Place 0']
[Debug] allowed_targets_by_place[0] candidates: [('doorway', 0, 49, 0.642623782157898, 'doorway', array([12.3610325,  1.0534253,  7.6742926], dtype=float32)), ('tv', 0, 184, 1.0, 'tv', array([13.786259 ,  1.3598171,  7.147625 ], dtype=float32)), ('bed', 270, 9, 1.0, 'bed', array([6.664797  , 0.44970202, 2.9055238 ], dtype=float32)), ('laptop', 90, 101, 1.0, 'laptop', array([13.287224 ,  0.7156192,  4.654652 ], dtype=float32)), ('box', 180, 20, 1.0, 'box', array([7.490234  , 0.13906023, 3.8793082 ], dtype=float32)), ('plant', 0, 97, 1.0, 'plant', array([14.261866 ,  1.5220935,  5.982865 ], dtype=float32)), ('dresser', 90, 69, 0.7273175120353699, 'dresser', array([14.253271  ,  0.61419606,  5.882782  ], dtype=float32)), ('dresser', 270, 71, 0.6982331275939941, 'dresser', array([7.455586  , 0.41011748, 5.4915514 ], dtype=float32)), ('painting', 0, 122, 0.6272103190422058, 'painting', array([10.24517  ,  1.5127478,  9.025129 ], dtype=float32)), ('basketball', 270, 6, 1.0, 'basketball', array([9.122098  , 0.11968711, 6.5354424 ], dtype=float32)), ('teddybear', 90, 181, 0.976365864276886, 'teddybear', array([13.324614 ,  0.7895727,  4.1530056], dtype=float32))]
[Debug] resolved target tuple: ('doorway', 0, 49, 0.642623782157898, 'doorway', array([12.3610325,  1.0534253,  7.6742926], dtype=float32)) from representative place 0
[Debug] resolved source place: 4 for representative place 0
0
final_goal:sofa,sub_goal:doorway,place:0,trajectory: bed in Place 0.doorway in Place 0.window in Place 0.
sub_target_id:49
target:doorway
final_goal:sofa
final_length:8.77817440032959
[Timing] pathfinder to-subgoal elapsed=1.892s found=True
[Debug] sub-goal visible on screen: label=doorway ratio=0.014711 bbox=182x366
Agent is within 1m of the target. Stopping.
[Debug] observation rotation: angle=0 pause=0.25s
[Debug] observation rotation: angle=90 pause=0.25s
[Debug] observation rotation: angle=180 pause=0.25s
[Debug] observation rotation: angle=270 pause=0.25s
[Debug] calling detection service: position_id=big+5+5 angle=0 prompt='sofa . sun . wooden door .'
[Debug] received detection service result: position_id=big+5+5 angle=0
[Debug] calling detection service: position_id=big+5+5 angle=90 prompt='sofa . toilet . potted plant .'
[Debug] received detection service result: position_id=big+5+5 angle=90
[Debug] calling detection service: position_id=big+5+5 angle=180 prompt='sofa . bed . laptop . window .'
[Debug] received detection service result: position_id=big+5+5 angle=180
[Debug] calling detection service: position_id=big+5+5 angle=270 prompt='sofa . wooden structure . wall .'
[Debug] received detection service result: position_id=big+5+5 angle=270
[Debug] box_info_list_sum: [[{'label': 'sun', 'box': [542, 45, 667, 193]}, {'label': 'wooden door', 'box': [0, 0, 296, 1023]}], [{'label': 'toilet', 'box': [326, 656, 563, 965]}, {'label': 'potted plant', 'box': [837, 447, 941, 603]}], [{'label': 'window', 'box': [540, 415, 696, 626]}, {'label': 'bed', 'box': [76, 635, 471, 835]}], [{'label': 'wall', 'box': [18, 0, 1024, 1024]}]]
toilet
[Debug] max_similar_objs_list: [[('toilet', 90, 190, 1.0, 'toilet', array([14.179147 ,  0.4727595,  7.693205 ], dtype=float32))]]
[Debug] empty_position: [0]
 Place 1 : {
    "Angle": 0,
    "Objects": [
        "plant",
        "tv"
    ]
}{
    "Angle": 90,
    "Objects": [
        "dresser"
    ]
}{
    "Angle": 180,
    "Objects": [
        "bed",
        "basketball",
        "bowl"
    ]
}{
    "Angle": 270,
    "Objects": [
        "doorway"
    ]
}Place 2 : {
    "Angle": 90,
    "Objects": [
        "plant"
    ]
}{
    "Angle": 180,
    "Objects": [
        "doorway"
    ]
}{
    "Angle": 270,
    "Objects": [
        "bed",
        "dresser"
    ]
}Place 3 : {
    "Angle": 0,
    "Objects": [
        "fire",
        "painting"
    ]
}{
    "Angle": 90,
    "Objects": [
        "mirror",
        "doorway"
    ]
}{
    "Angle": 180,
    "Objects": [
        "box",
        "window"
    ]
}Place 4 : {
    "Angle": 90,
    "Objects": [
        "laptop",
        "plant"
    ]
}{
    "Angle": 180,
    "Objects": [
        "tree"
    ]
}Place 5 : {
    "Angle": 0,
    "Objects": [
        "wooden door"
    ]
}{
    "Angle": 90,
    "Objects": [
        "toilet"
    ]
}{
    "Angle": 180,
    "Objects": [
        "laptop",
        "picture frame"
    ]
}{
    "Angle": 270,
    "Objects": [
        "wooden structure"
    ]
}
[Debug] resolver candidates place=0: exact=0 relaxed_or_synthesized=2
[Debug] allowed planner objects: ['toilet']
[Debug] allowed planner objects by place: {0: [], 5: ['toilet']}
[Debug] bypassing planner because only one target is allowed: {"Place": 5, "Angle": 90, "Objects": ["toilet"]}
{"Place": 5, "Angle": 90, "Objects": ["toilet"]}
[Debug] planner selected: place=5, angle=90, objects=['toilet']
last_key:['Place 0', 'Place 0', 'Place 0', 'Place 0', 'Place 4']
[Debug] allowed_targets_by_place[5] candidates: [('toilet', 90, 190, 1.0, 'toilet', array([14.179147 ,  0.4727595,  7.693205 ], dtype=float32))]
[Debug] resolved target tuple: ('toilet', 90, 190, 1.0, 'toilet', array([14.179147 ,  0.4727595,  7.693205 ], dtype=float32)) from representative place 5
[Debug] resolved source place: 5 for representative place 5
5
final_goal:sofa,sub_goal:toilet,place:5,trajectory: bed in Place 0.doorway in Place 0.window in Place 0.toilet in Place 5.
sub_target_id:190
target:toilet
final_goal:sofa
final_length:13.417261123657227
[Timing] pathfinder to-subgoal elapsed=0.824s found=True
[Debug] sub-goal visible on screen: label=toilet ratio=0.064394 bbox=302x311
Setting `pad_token_id` to `eos_token_id`:151645 for open-end generation.
Setting `pad_token_id` to `eos_token_id`:151645 for open-end generation.
Setting `pad_token_id` to `eos_token_id`:151645 for open-end generation.
Setting `pad_token_id` to `eos_token_id`:151645 for open-end generation.
Setting `pad_token_id` to `eos_token_id`:151645 for open-end generation.
Setting `pad_token_id` to `eos_token_id`:151645 for open-end generation.
Setting `pad_token_id` to `eos_token_id`:151645 for open-end generation.
Setting `pad_token_id` to `eos_token_id`:151645 for open-end generation.
Setting `pad_token_id` to `eos_token_id`:151645 for open-end generation.
[Debug] observation rotation: angle=0 pause=0.25s
[Debug] observation rotation: angle=90 pause=0.25s
[Debug] observation rotation: angle=180 pause=0.25s
[Debug] observation rotation: angle=270 pause=0.25s
[Debug] calling detection service: position_id=big+6+6 angle=0 prompt='sofa . light source . wall .'
[Debug] received detection service result: position_id=big+6+6 angle=0
[Debug] calling detection service: position_id=big+6+6 angle=90 prompt='sofa . clouds . sun .'
[Debug] received detection service result: position_id=big+6+6 angle=90
[Debug] calling detection service: position_id=big+6+6 angle=180 prompt='sofa . spraybottle . spray nozzle .'
[Debug] received detection service result: position_id=big+6+6 angle=180
[Debug] calling detection service: position_id=big+6+6 angle=270 prompt='sofa . doorway . trash bin .'
[Debug] received detection service result: position_id=big+6+6 angle=270
[Debug] box_info_list_sum: [[{'label': 'wall', 'box': [1, 1, 1023, 1021]}, {'label': 'sofa', 'box': [687, 930, 854, 1022]}], [{'label': 'sun', 'box': [356, 0, 516, 183]}, {'label': 'sofa', 'box': [639, 960, 876, 1023]}], [{'label': 'spray nozzle', 'box': [86, 917, 179, 1023]}], [{'label': 'trash bin', 'box': [679, 701, 768, 832]}, {'label': 'doorway', 'box': [359, 379, 629, 966]}]]
[Debug] dropped verified goal candidate: label=sofa angle=0 box=[687, 930, 854, 1022] overlaps=sidetable#160:0.598, wall#262:0.189, dishsponge#42:0.167, wall#256:0.045
wall
[Debug] dropped verified goal candidate: label=sofa angle=90 box=[639, 960, 876, 1023] overlaps=toilet#190:0.701, wall#262:0.254, cloth#31:0.041, wall#258:0.004
spraybottle
garbagecan
[Debug] max_similar_objs_list: [[('wall', 0, 262, 0.5670872926712036, 'wall', array([7.236998 , 1.775805 , 4.5229983], dtype=float32))], [('spraybottle', 180, 173, 0.7600278854370117, 'spraybottle', array([14.115976 ,  1.0560261,  7.2965918], dtype=float32))], [('garbagecan', 270, 91, 0.6123936772346497, 'garbagecan', array([11.088791 ,  0.2500035,  8.840496 ], dtype=float32))]]
[Debug] empty_position: []
 Place 1 : {
    "Angle": 0,
    "Objects": [
        "plant",
        "tv"
    ]
}{
    "Angle": 90,
    "Objects": [
        "dresser"
    ]
}{
    "Angle": 180,
    "Objects": [
        "bed",
        "basketball",
        "bowl"
    ]
}{
    "Angle": 270,
    "Objects": [
        "doorway"
    ]
}Place 2 : {
    "Angle": 90,
    "Objects": [
        "plant"
    ]
}{
    "Angle": 180,
    "Objects": [
        "doorway"
    ]
}{
    "Angle": 270,
    "Objects": [
        "bed",
        "dresser"
    ]
}Place 3 : {
    "Angle": 0,
    "Objects": [
        "fire",
        "painting"
    ]
}{
    "Angle": 90,
    "Objects": [
        "mirror",
        "doorway"
    ]
}{
    "Angle": 180,
    "Objects": [
        "box",
        "window"
    ]
}Place 4 : {
    "Angle": 90,
    "Objects": [
        "laptop",
        "plant"
    ]
}{
    "Angle": 180,
    "Objects": [
        "tree"
    ]
}Place 5 : {
    "Angle": 0,
    "Objects": [
        "wooden door"
    ]
}{
    "Angle": 180,
    "Objects": [
        "laptop",
        "picture frame"
    ]
}{
    "Angle": 270,
    "Objects": [
        "wooden structure"
    ]
}Place 6 : {
    "Angle": 0,
    "Objects": [
        "light source"
    ]
}{
    "Angle": 90,
    "Objects": [
        "clouds"
    ]
}{
    "Angle": 180,
    "Objects": [
        "spraybottle",
        "spraybottle"
    ]
}{
    "Angle": 270,
    "Objects": [
        "garbagecan"
    ]
}
[Debug] resolver candidates place=0: exact=0 relaxed_or_synthesized=2
[Debug] resolver candidates place=5: exact=1 relaxed_or_synthesized=1
[Debug] allowed planner objects: ['spraybottle', 'garbagecan']
[Debug] allowed planner objects by place: {0: [], 5: [], 6: ['spraybottle', 'garbagecan']}
The above is a description of different places in different angles in the environment.Your can get to any place described in the json data. Your goal is to find the sofa. Based on the above json data, please choose one specific object to travel to as your target. If your goal is already in the description, please choose it as the target. You must choose an object only from this allowed list: spraybottle, garbagecan. Do not output any object name that is not in the allowed list. Valid choosable objects by place are: Place 6: spraybottle, garbagecan. The Objects field must contain exactly one object from the chosen place list.Note that you can travel to door or door frame to other spaces if there are no clear evidence to choose the target.  Return exactly one JSON object by referring to the following template.
            {"Place": x, "Angle": x, "Objects": ["xxxx"] }
            If your goal is already in the description, please choose it as the target. You should not output any explanation, markdown, prose, examples, or extra text before or after the JSON. Note that your should choose only one object in one angle of one place in the json data as the target.
{"Place": "garbagecan", "Angle": 270, "Objects": ["garbagecan"]}
[Timing] planning mode=no-kv elapsed=1.560s
{"Place": 6, "Angle": 270, "Objects": ["garbagecan"]}
[Debug] planner selected: place=6, angle=270, objects=['garbagecan']
last_key:['Place 0', 'Place 0', 'Place 0', 'Place 0', 'Place 4', 'Place 5']
[Debug] allowed_targets_by_place[6] candidates: [('spraybottle', 180, 173, 0.7600278854370117, 'spraybottle', array([14.115976 ,  1.0560261,  7.2965918], dtype=float32)), ('garbagecan', 270, 91, 0.6123936772346497, 'garbagecan', array([11.088791 ,  0.2500035,  8.840496 ], dtype=float32))]
[Debug] resolved target tuple: ('garbagecan', 270, 91, 0.6123936772346497, 'garbagecan', array([11.088791 ,  0.2500035,  8.840496 ], dtype=float32)) from representative place 6
[Debug] resolved source place: 6 for representative place 6
6
final_goal:sofa,sub_goal:garbagecan,place:6,trajectory: bed in Place 0.doorway in Place 0.window in Place 0.toilet in Place 5.garbagecan in Place 6.
sub_target_id:91
target:garbagecan
final_goal:sofa
final_length:15.227921485900879
[Timing] pathfinder to-subgoal elapsed=11.492s found=True
[Debug] sub-goal visible on screen: label=garbagecan ratio=0.014535 bbox=124x167
[Debug] calling detection service: position_id=goal-visible-7-6-80 angle=0 prompt='sofa .'
[Debug] received detection service result: position_id=goal-visible-7-6-80 angle=0
[Debug] final goal visible on screen: label=sofa ratio=0.018459 semantic_bbox=109x252 rgb_bbox=176x120
[Debug] saved final goal bbox: tmp/navigation_images/final_goal_visible_step_80.png
[Debug] final goal detected; approaching GT coordinates before stopping
[Timing] pathfinder final-approach elapsed=1.647s found=True
[Debug] close enough to final goal coordinates: label=sofa distance=1.288
[Timing] episode elapsed=201.680s sr=1 spl=0.4638 final_length=35.3952
[Timing] val_auto episode total elapsed=201.680s goal=sofa sr=1 spl=0.4638 completed_eval_episodes=8/10
[Debug] episode success: final_goal=sofa sr=1 spl=0.4638 final_length=35.3952
[Debug] selectable goal names count=55 sample=['basketball', 'bed', 'book', 'boots', 'bottle', 'bowl', 'box', 'cellphone', 'chair', 'countertop']
[Debug] using requested target object=sofa
[Debug] reachable_positions=756 candidate_objects_for_sofa=1
[Debug] starting independent environment episode=1/1
[Debug] experiment setup: seed=7 goal_instance_index=random start_index=random start_rotation=270.0 start_point=(5.750, 0.901, 3.250)
[Timing] pathfinder goal-distance elapsed=1.205s found=True
real_distance:6.3461940777125605
[Debug] observation rotation: angle=0 pause=0.25s
[Debug] observation rotation: angle=90 pause=0.25s
[Debug] observation rotation: angle=180 pause=0.25s
[Debug] observation rotation: angle=270 pause=0.25s
[Debug] calling detection service: position_id=big+0+0 angle=0 prompt='sofa . tv . doorway .'
[Debug] received detection service result: position_id=big+0+0 angle=0
[Debug] calling detection service: position_id=big+0+0 angle=90 prompt='sofa . bed . picture .'
[Debug] received detection service result: position_id=big+0+0 angle=90
[Debug] calling detection service: position_id=big+0+0 angle=180 prompt='sofa . dresser . window . lamp .'
Setting `pad_token_id` to `eos_token_id`:151645 for open-end generation.
Setting `pad_token_id` to `eos_token_id`:151645 for open-end generation.
Setting `pad_token_id` to `eos_token_id`:151645 for open-end generation.
Setting `pad_token_id` to `eos_token_id`:151645 for open-end generation.
[Debug] received detection service result: position_id=big+0+0 angle=180
[Debug] calling detection service: position_id=big+0+0 angle=270 prompt='sofa . tv . window .'
[Debug] received detection service result: position_id=big+0+0 angle=270
[Debug] box_info_list_sum: [[{'label': 'sofa', 'box': [639, 556, 667, 657]}], [{'label': 'sofa', 'box': [163, 607, 425, 852]}, {'label': 'picture', 'box': [0, 437, 109, 631]}, {'label': 'bed', 'box': [611, 442, 1023, 798]}], [{'label': 'lamp', 'box': [591, 493, 657, 607]}, {'label': 'dresser', 'box': [554, 583, 706, 879]}, {'label': 'window', 'box': [112, 292, 1023, 849]}], [{'label': 'window', 'box': [0, 290, 1023, 848]}]]
[Debug] preserving goal candidate: label=sofa angle=0 obj_id=94 visible_ratio=0.001519 bbox=24x98 box_match=0.5633 detection_bbox=28x101
sofa
[Debug] dropped verified goal candidate: label=sofa angle=90 box=[163, 607, 425, 852] overlaps=chair#1:0.772, wall#108:0.123, floor#49:0.052, wall#109:0.040, floorlamp#50:0.013
chair
painting
bed
desklamp
dresser
window
[Debug] max_similar_objs_list: [[('sofa', 0, 94, 1.0, 'sofa', array([8.529711  , 0.53121847, 9.191469  ], dtype=float32))], [('chair', 90, 1, 0.6756638288497925, 'chair', array([8.646162  , 0.49878928, 4.348521  ], dtype=float32))], [('painting', 90, 66, 0.7150622606277466, 'painting', array([7.3754554, 1.5039241, 4.8633256], dtype=float32))], [('bed', 90, 3, 1.0, 'bed', array([9.149617  , 0.98131794, 1.2398783 ], dtype=float32))], [('desklamp', 180, 30, 0.7352255582809448, 'desklamp', array([5.1976757 , 1.3790573 , 0.79026324], dtype=float32))], [('dresser', 180, 44, 1.0, 'dresser', array([5.191082  , 0.56354374, 0.5396031 ], dtype=float32))], [('window', 180, 132, 1.0, 'window', array([4.8779993, 1.5000001, 2.4356863], dtype=float32))]]
[Debug] empty_position: []
Place 0 : {
    "Angle": 0,
    "Objects": [
        "tv",
        "doorway"
    ]
}{
    "Angle": 90,
    "Objects": [
        "bed",
        "painting",
        "chair"
    ]
}{
    "Angle": 180,
    "Objects": [
        "desklamp",
        "dresser",
        "window"
    ]
}{
    "Angle": 270,
    "Objects": [
        "tv"
    ]
}
[Debug] resolver candidates place=0: exact=6 relaxed_or_synthesized=1
[Debug] allowed planner objects: ['sofa', 'window', 'bed', 'chair', 'dresser', 'painting', 'desklamp']
[Debug] allowed planner objects by place: {0: ['sofa', 'window', 'bed', 'dresser', 'desklamp', 'painting', 'chair']}
[Debug] bypassing planner because goal is already observed: {"Place": 0, "Angle": 0, "Objects": ["sofa"]}
{"Place": 0, "Angle": 0, "Objects": ["sofa"]}
[Debug] planner selected: place=0, angle=0, objects=['sofa']
last_key:[]
[Debug] allowed_targets_by_place[0] candidates: [('sofa', 0, 94, 1.0, 'sofa', array([8.529711  , 0.53121847, 9.191469  ], dtype=float32)), ('window', 180, 132, 1.0, 'window', array([4.8779993, 1.5000001, 2.4356863], dtype=float32)), ('bed', 90, 3, 1.0, 'bed', array([9.149617  , 0.98131794, 1.2398783 ], dtype=float32)), ('dresser', 180, 44, 1.0, 'dresser', array([5.191082  , 0.56354374, 0.5396031 ], dtype=float32)), ('desklamp', 180, 30, 0.7352255582809448, 'desklamp', array([5.1976757 , 1.3790573 , 0.79026324], dtype=float32)), ('painting', 90, 66, 0.7150622606277466, 'painting', array([7.3754554, 1.5039241, 4.8633256], dtype=float32)), ('chair', 90, 1, 0.6756638288497925, 'chair', array([8.646162  , 0.49878928, 4.348521  ], dtype=float32))]
[Debug] resolved target tuple: ('sofa', 0, 94, 1.0, 'sofa', array([8.529711  , 0.53121847, 9.191469  ], dtype=float32)) from representative place 0
[Debug] resolved source place: 0 for representative place 0
0
final_goal:sofa,sub_goal:sofa,place:0,trajectory: sofa in Place 0.
sub_target_id:94
target:sofa
final_goal:sofa
final_length:0
[Timing] pathfinder to-subgoal elapsed=1.385s found=True
[Debug] sub-goal visible on screen: label=sofa ratio=0.003919 bbox=43x129
[Debug] calling detection service: position_id=goal-visible-1-0-9 angle=0 prompt='sofa .'
[Debug] received detection service result: position_id=goal-visible-1-0-9 angle=0
[Debug] final goal visible on screen: label=sofa ratio=0.015385 semantic_bbox=113x147 rgb_bbox=115x149
[Debug] saved final goal bbox: tmp/navigation_images/final_goal_visible_step_9.png
[Debug] final goal detected; approaching GT coordinates before stopping
[Timing] pathfinder final-approach elapsed=1.110s found=True
[Debug] close enough to final goal coordinates: label=sofa distance=1.364
[Timing] episode elapsed=24.829s sr=1 spl=1.0000 final_length=5.6391
[Timing] val_auto episode total elapsed=24.829s goal=sofa sr=1 spl=1.0000 completed_eval_episodes=9/10
[Debug] episode success: final_goal=sofa sr=1 spl=1.0000 final_length=5.6391
[Debug] selectable goal names count=64 sample=['baseballbat', 'basketball', 'bed', 'book', 'bottle', 'bowl', 'box', 'bread', 'candle', 'cd']
[Debug] using requested target object=sofa
[Debug] reachable_positions=960 candidate_objects_for_sofa=1
[Debug] starting independent environment episode=1/1
[Debug] experiment setup: seed=7 goal_instance_index=random start_index=random start_rotation=270.0 start_point=(3.750, 0.901, 8.750)
[Timing] pathfinder goal-distance elapsed=0.100s found=True
real_distance:0.9571067811865475
[Debug] observation rotation: angle=0 pause=0.25s
[Debug] observation rotation: angle=90 pause=0.25s
[Debug] observation rotation: angle=180 pause=0.25s
[Debug] observation rotation: angle=270 pause=0.25s
[Debug] calling detection service: position_id=big+0+0 angle=0 prompt='sofa . table . paper .'
[Debug] received detection service result: position_id=big+0+0 angle=0
[Debug] calling detection service: position_id=big+0+0 angle=90 prompt='sofa . desk . box .'
[Debug] received detection service result: position_id=big+0+0 angle=90
[Debug] calling detection service: position_id=big+0+0 angle=180 prompt='sofa . table . bottle . plant .'
[Debug] received detection service result: position_id=big+0+0 angle=180
[Debug] calling detection service: position_id=big+0+0 angle=270 prompt='sofa . tv . window .'
[Debug] received detection service result: position_id=big+0+0 angle=270
[Debug] box_info_list_sum: [[{'label': 'table', 'box': [807, 824, 1023, 1023]}], [{'label': 'desk', 'box': [0, 694, 397, 1023]}], [{'label': 'plant', 'box': [179, 507, 224, 584]}, {'label': 'table', 'box': [63, 569, 377, 702]}, {'label': 'sofa', 'box': [606, 834, 946, 1023]}, {'label': 'bottle', 'box': [121, 546, 274, 584]}], [{'label': 'tv', 'box': [310, 555, 491, 684]}, {'label': 'window', 'box': [551, 457, 679, 586]}]]
diningtable
box
wall
countertop
[Debug] preserving goal candidate: label=sofa angle=180 obj_id=117 visible_ratio=0.048750 bbox=339x188 box_match=0.7905 detection_bbox=340x189
sofa
wall
tv
window
[Debug] max_similar_objs_list: [[('diningtable', 0, 37, 0.6230829358100891, 'diningtable', array([5.2956924 , 0.37110275, 9.6889715 ], dtype=float32))], [('box', 90, 12, 0.6824224591255188, 'box', array([5.103216 , 0.9039136, 9.93354  ], dtype=float32))], [('wall', 180, 139, 0.5858284831047058, 'wall', array([4.055    , 1.9025515, 1.0135001], dtype=float32))], [('countertop', 180, 29, 0.6580907702445984, 'countertop', array([6.560998  , 0.46919155, 3.2715907 ], dtype=float32))], [('sofa', 180, 117, 1.0, 'sofa', array([3.009137  , 0.30490494, 7.9970174 ], dtype=float32))], [('wall', 180, 140, 0.5774183869361877, 'wall', array([4.0549984, 1.9025515, 2.0274994], dtype=float32))], [('tv', 270, 127, 1.0, 'tv', array([0.2101106, 0.8611783, 7.997017 ], dtype=float32))], [('window', 270, 175, 1.0, 'window', array([-2.2351742e-08,  1.4992062e+00,  9.5028582e+00], dtype=float32))]]
[Debug] empty_position: []
Place 0 : {
    "Angle": 0,
    "Objects": [
        "diningtable",
        "paper"
    ]
}{
    "Angle": 90,
    "Objects": [
        "box",
        "box"
    ]
}{
    "Angle": 180,
    "Objects": [
        "wall",
        "countertop",
        "mirror",
        "wall"
    ]
}{
    "Angle": 270,
    "Objects": [
        "tv",
        "window"
    ]
}
[Debug] resolver candidates place=0: exact=5 relaxed_or_synthesized=1
[Debug] allowed planner objects: ['sofa', 'window', 'tv', 'box', 'countertop', 'diningtable']
[Debug] allowed planner objects by place: {0: ['sofa', 'window', 'tv', 'box', 'countertop', 'diningtable']}
[Debug] bypassing planner because goal is already observed: {"Place": 0, "Angle": 180, "Objects": ["sofa"]}
{"Place": 0, "Angle": 180, "Objects": ["sofa"]}
[Debug] planner selected: place=0, angle=180, objects=['sofa']
last_key:[]
[Debug] allowed_targets_by_place[0] candidates: [('sofa', 180, 117, 1.0, 'sofa', array([3.009137  , 0.30490494, 7.9970174 ], dtype=float32)), ('window', 270, 175, 1.0, 'window', array([-2.2351742e-08,  1.4992062e+00,  9.5028582e+00], dtype=float32)), ('tv', 270, 127, 1.0, 'tv', array([0.2101106, 0.8611783, 7.997017 ], dtype=float32)), ('box', 90, 12, 0.6824224591255188, 'box', array([5.103216 , 0.9039136, 9.93354  ], dtype=float32)), ('countertop', 180, 29, 0.6580907702445984, 'countertop', array([6.560998  , 0.46919155, 3.2715907 ], dtype=float32)), ('diningtable', 0, 37, 0.6230829358100891, 'diningtable', array([5.2956924 , 0.37110275, 9.6889715 ], dtype=float32))]
[Debug] resolved target tuple: ('sofa', 180, 117, 1.0, 'sofa', array([3.009137  , 0.30490494, 7.9970174 ], dtype=float32)) from representative place 0
[Debug] resolved source place: 0 for representative place 0
0
final_goal:sofa,sub_goal:sofa,place:0,trajectory: sofa in Place 0.
sub_target_id:117
target:sofa
final_goal:sofa
final_length:0
[Timing] pathfinder to-subgoal elapsed=0.085s found=True
[Debug] sub-goal visible on screen: label=sofa ratio=0.037344 bbox=317x128
[Debug] calling detection service: position_id=goal-visible-1-0-2 angle=180 prompt='sofa .'
[Debug] received detection service result: position_id=goal-visible-1-0-2 angle=180
[Debug] final goal visible on screen: label=sofa ratio=0.037344 semantic_bbox=317x128 rgb_bbox=318x130
[Debug] saved final goal bbox: tmp/navigation_images/final_goal_visible_step_2.png
[Debug] final goal detected; approaching GT coordinates before stopping
[Timing] pathfinder final-approach elapsed=0.060s found=True
[Debug] close enough to final goal coordinates: label=sofa distance=1.184
[Timing] episode elapsed=15.655s sr=1 spl=1.0000 final_length=0.3536
[Timing] val_auto episode total elapsed=15.655s goal=sofa sr=1 spl=1.0000 completed_eval_episodes=10/10
[Debug] episode success: final_goal=sofa sr=1 spl=1.0000 final_length=0.3536
