[EfficientNav] running file: /home/min/test/EfficientNav/efficientnav.py
[EfficientNav] units module: /home/min/test/EfficientNav/units.py
[EfficientNav] planner model: /home/min/test/models/InternVL3-1B
[EfficientNav] H2O cache: enabled=False budget=2048 recent=256 heavy=256 protected_prefix=0
FlashAttention2 is not installed.
[AI2-THOR WARNING] There has been an update to ProcTHOR-10K that must be used with AI2-THOR version 5.0+. To use the new version of ProcTHOR-10K, please update AI2-THOR to version 5.0+ by running:
    pip install --upgrade ai2thor
Alternatively, to downgrade to the old version of ProcTHOR-10K, run:
   prior.load_dataset("procthor-10k", revision="ab3cacd0fc17754d4c080a3fd50b18395fae8647")
Loading train:   0%|          | 0/10000 [00:00<?, ?it/s]Loading train:   8%|▊         | 823/10000 [00:00<00:01, 8222.70it/s]Loading train:  17%|█▋        | 1657/10000 [00:00<00:01, 8286.16it/s]Loading train:  25%|██▌       | 2529/10000 [00:00<00:00, 8481.18it/s]Loading train:  34%|███▍      | 3386/10000 [00:00<00:00, 8513.27it/s]Loading train:  42%|████▏     | 4238/10000 [00:00<00:00, 8209.68it/s]Loading train:  51%|█████     | 5061/10000 [00:00<00:00, 8047.36it/s]Loading train:  59%|█████▊    | 5868/10000 [00:00<00:00, 7811.91it/s]Loading train:  67%|██████▋   | 6658/10000 [00:00<00:00, 7835.45it/s]Loading train:  74%|███████▍  | 7443/10000 [00:00<00:00, 7799.54it/s]Loading train:  83%|████████▎ | 8270/10000 [00:01<00:00, 7940.62it/s]Loading train:  91%|█████████ | 9118/10000 [00:01<00:00, 8101.59it/s]Loading train: 100%|█████████▉| 9978/10000 [00:01<00:00, 8250.70it/s]Loading train: 100%|██████████| 10000/10000 [00:01<00:00, 8122.29it/s]
Loading val:   0%|          | 0/1000 [00:00<?, ?it/s]Loading val:  89%|████████▉ | 892/1000 [00:00<00:00, 8907.29it/s]Loading val: 100%|██████████| 1000/1000 [00:00<00:00, 8798.73it/s]
Loading test:   0%|          | 0/1000 [00:00<?, ?it/s]Loading test:  87%|████████▋ | 870/1000 [00:00<00:00, 8690.62it/s]Loading test: 100%|██████████| 1000/1000 [00:00<00:00, 8605.48it/s]
Setting `pad_token_id` to `eos_token_id`:151645 for open-end generation.
Setting `pad_token_id` to `eos_token_id`:151645 for open-end generation.
Setting `pad_token_id` to `eos_token_id`:151645 for open-end generation.
Setting `pad_token_id` to `eos_token_id`:151645 for open-end generation.
Setting `pad_token_id` to `eos_token_id`:151645 for open-end generation.
Setting `pad_token_id` to `eos_token_id`:151645 for open-end generation.
Setting `pad_token_id` to `eos_token_id`:151645 for open-end generation.
Setting `pad_token_id` to `eos_token_id`:151645 for open-end generation.
[Debug] selectable goal names count=35 sample=['apple', 'bowl', 'cellphone', 'chair', 'countertop', 'creditcard', 'cup', 'diningtable', 'doorway', 'egg']
[Debug] using requested target object=chair
[Debug] reachable_positions=992 candidate_objects_for_chair=5
[Debug] starting independent environment episode=1/1
[Debug] experiment setup: seed=7 goal_instance_index=random start_index=random start_rotation=90.0 start_point=(6.750, 0.901, 9.000)
[Timing] pathfinder goal-distance elapsed=2.377s found=True
real_distance:9.588834764831844
[Debug] observation rotation: angle=0 pause=0.25s
[Debug] observation rotation: angle=90 pause=0.25s
[Debug] observation rotation: angle=180 pause=0.25s
[Debug] observation rotation: angle=270 pause=0.25s
[Debug] calling detection service: position_id=big+0+0 angle=0 prompt='chair . laptop . window .'
[Debug] received detection service result: position_id=big+0+0 angle=0
[Debug] calling detection service: position_id=big+0+0 angle=90 prompt='chair . table .'
[Debug] received detection service result: position_id=big+0+0 angle=90
[Debug] calling detection service: position_id=big+0+0 angle=180 prompt='chair . desk . sofa . lamp .'
[Debug] received detection service result: position_id=big+0+0 angle=180
[Debug] calling detection service: position_id=big+0+0 angle=270 prompt='chair . sofa . tv stand .'
[Debug] received detection service result: position_id=big+0+0 angle=270
[Debug] box_info_list_sum: [[{'label': 'laptop', 'box': [824, 749, 1023, 962]}, {'label': 'window', 'box': [9, 261, 446, 826]}], [{'label': 'chair', 'box': [716, 771, 1023, 1023]}, {'label': 'table', 'box': [0, 761, 700, 1022]}], [{'label': 'lamp', 'box': [80, 422, 273, 1008]}, {'label': 'chair', 'box': [455, 554, 586, 646]}, {'label': 'sofa', 'box': [973, 620, 1023, 785]}, {'label': 'desk', 'box': [409, 566, 552, 640]}], [{'label': 'sofa', 'box': [0, 608, 437, 798]}, {'label': 'tv stand', 'box': [298, 575, 422, 644]}, {'label': 'chair', 'box': [477, 560, 724, 805]}]]
laptop
window
[Debug] preserving goal candidate: label=chair angle=90 obj_id=3 visible_ratio=0.054467 bbox=307x252 box_match=0.7346 detection_bbox=307x252
chair
statue
floorlamp
[Debug] preserving goal candidate: label=chair angle=180 obj_id=7 visible_ratio=0.001060 bbox=46x79 box_match=0.0923 detection_bbox=131x92
[Debug] preserving goal candidate: label=chair angle=180 obj_id=8 visible_ratio=0.002201 bbox=53x84 box_match=0.1914 detection_bbox=131x92
[Debug] preserving goal candidate: label=chair angle=180 obj_id=9 visible_ratio=0.000553 bbox=41x73 box_match=0.0422 detection_bbox=131x92
chair
sofa
tv
[Debug] preserving goal candidate: label=chair angle=270 obj_id=2 visible_ratio=0.040995 bbox=244x244 box_match=0.7103 detection_bbox=247x245
chair
[Debug] max_similar_objs_list: [[('laptop', 0, 29, 1.0, 'laptop', array([ 7.6354885,  0.9170662, 10.0352125], dtype=float32))], [('window', 0, 65, 1.0, 'window', array([ 5.970752 ,  1.4993188, 10.508999 ], dtype=float32))], [('chair', 90, 3, 1.0, 'chair', array([7.860443  , 0.38061038, 8.041011  ], dtype=float32))], [('statue', 90, 44, 0.627722442150116, 'statue', array([7.630681  , 0.96019053, 9.146948  ], dtype=float32))], [('floorlamp', 180, 22, 0.7215485572814941, 'floorlamp', array([7.8611965 , 0.92367643, 7.275919  ], dtype=float32))], [('chair', 180, 8, 1.0, 'chair', array([7.112501  , 0.49567136, 2.7322915 ], dtype=float32))], [('sofa', 180, 41, 1.0, 'sofa', array([3.4744134 , 0.50392896, 7.191756  ], dtype=float32))], [('tv', 270, 46, 0.8397394418716431, 'tv', array([0.47341067, 1.0578212 , 7.1917553 ], dtype=float32))], [('chair', 270, 2, 1.0, 'chair', array([3.3287203, 0.6352806, 9.616457 ], dtype=float32))]]
[Debug] empty_position: []
 {
    "Place": 0,
    "Angle": 0,
    "Objects": [
        "laptop",
        "window"
    ]
}{
    "Place": 0,
    "Angle": 90,
    "Objects": [
        "statue",
        "chair"
    ]
}{
    "Place": 0,
    "Angle": 180,
    "Objects": [
        "sofa",
        "floorlamp",
        "chair"
    ]
}{
    "Place": 0,
    "Angle": 270,
    "Objects": [
        "tv"
    ]
}
[Debug] resolver candidates place=0: exact=8 relaxed_or_synthesized=1
[Debug] allowed planner objects: ['chair', 'window', 'sofa', 'tv', 'laptop', 'statue', 'floorlamp']
[Debug] allowed planner objects by place: {0: ['chair', 'window', 'sofa', 'laptop', 'tv', 'floorlamp', 'statue']}
[Debug] bypassing planner because goal is already observed: {"Place": 0, "Angle": 90, "Objects": ["chair"]}
{"Place": 0, "Angle": 90, "Objects": ["chair"]}
[Debug] planner selected: place=0, angle=90, objects=['chair']
last_key:[]
[Debug] allowed_targets_by_place[0] candidates: [('chair', 90, 3, 1.0, 'chair', array([7.860443  , 0.38061038, 8.041011  ], dtype=float32)), ('chair', 180, 8, 1.0, 'chair', array([7.112501  , 0.49567136, 2.7322915 ], dtype=float32)), ('chair', 270, 2, 1.0, 'chair', array([3.3287203, 0.6352806, 9.616457 ], dtype=float32)), ('window', 0, 65, 1.0, 'window', array([ 5.970752 ,  1.4993188, 10.508999 ], dtype=float32)), ('sofa', 180, 41, 1.0, 'sofa', array([3.4744134 , 0.50392896, 7.191756  ], dtype=float32)), ('laptop', 0, 29, 1.0, 'laptop', array([ 7.6354885,  0.9170662, 10.0352125], dtype=float32)), ('tv', 270, 46, 0.8397394418716431, 'tv', array([0.47341067, 1.0578212 , 7.1917553 ], dtype=float32)), ('floorlamp', 180, 22, 0.7215485572814941, 'floorlamp', array([7.8611965 , 0.92367643, 7.275919  ], dtype=float32)), ('statue', 90, 44, 0.627722442150116, 'statue', array([7.630681  , 0.96019053, 9.146948  ], dtype=float32))]
[Debug] resolved target tuple: ('chair', 90, 3, 1.0, 'chair', array([7.860443  , 0.38061038, 8.041011  ], dtype=float32)) from representative place 0
[Debug] resolved source place: 0 for representative place 0
0
final_goal:chair,sub_goal:chair,place:0,trajectory: chair in Place 0.
sub_target_id:3
target:chair
final_goal:chair
final_length:0
[Timing] pathfinder to-subgoal elapsed=0.392s found=True
[Debug] sub-goal visible on screen: label=chair ratio=0.070470 bbox=351x304
[Debug] calling detection service: position_id=goal-visible-1-0-4 angle=135 prompt='chair .'
[Debug] received detection service result: position_id=goal-visible-1-0-4 angle=135
[Debug] semantic goal candidate rejected by RGB detector: label=chair ratio=0.070470 semantic_bbox=351x304
[Debug] calling detection service: position_id=goal-visible-1-0-5 angle=135 prompt='chair .'
[Debug] received detection service result: position_id=goal-visible-1-0-5 angle=135
[Debug] final goal visible on screen: label=chair ratio=0.064292 semantic_bbox=362x275 rgb_bbox=100x129
[Debug] saved final goal bbox: tmp/navigation_images/final_goal_visible_step_5.png
[Debug] final goal detected; approaching GT coordinates before stopping
[Timing] pathfinder final-approach elapsed=0.209s found=True
[Debug] close enough to final goal coordinates: label=chair distance=1.364
[Timing] episode elapsed=19.416s sr=1 spl=1.0000 final_length=0.9571
[Timing] val_auto episode total elapsed=19.416s goal=chair sr=1 spl=1.0000 completed_eval_episodes=1/10
[Debug] episode success: final_goal=chair sr=1 spl=1.0000 final_length=0.9571
[Debug] selectable goal names count=64 sample=['apple', 'baseballbat', 'basketball', 'bed', 'book', 'bowl', 'box', 'bread', 'butterknife', 'candle']
[Debug] using requested target object=chair
[Debug] reachable_positions=3342 candidate_objects_for_chair=18
[Debug] starting independent environment episode=1/1
[Debug] experiment setup: seed=7 goal_instance_index=random start_index=random start_rotation=270.0 start_point=(10.250, 0.901, 9.750)
[Timing] pathfinder goal-distance elapsed=8.127s found=True
real_distance:8.699747468305834
[Debug] observation rotation: angle=0 pause=0.25s
[Debug] observation rotation: angle=90 pause=0.25s
[Debug] observation rotation: angle=180 pause=0.25s
[Debug] observation rotation: angle=270 pause=0.25s
[Debug] calling detection service: position_id=big+0+0 angle=0 prompt='chair .'
[Debug] received detection service result: position_id=big+0+0 angle=0
[Debug] calling detection service: position_id=big+0+0 angle=90 prompt='chair . table . doorway . floor .'
[Debug] received detection service result: position_id=big+0+0 angle=90
Setting `pad_token_id` to `eos_token_id`:151645 for open-end generation.
Setting `pad_token_id` to `eos_token_id`:151645 for open-end generation.
Setting `pad_token_id` to `eos_token_id`:151645 for open-end generation.
Setting `pad_token_id` to `eos_token_id`:151645 for open-end generation.
[Debug] calling detection service: position_id=big+0+0 angle=180 prompt='chair . doorway . ceiling .'
[Debug] received detection service result: position_id=big+0+0 angle=180
[Debug] calling detection service: position_id=big+0+0 angle=270 prompt='chair . vertical object . black object .'
[Debug] received detection service result: position_id=big+0+0 angle=270
[Debug] box_info_list_sum: [[{'label': 'chair', 'box': [0, 614, 310, 1023]}], [{'label': 'floor', 'box': [370, 643, 1023, 1023]}, {'label': 'doorway', 'box': [442, 433, 589, 759]}, {'label': 'table', 'box': [732, 579, 860, 680]}, {'label': 'chair', 'box': [711, 577, 861, 665]}], [{'label': 'doorway', 'box': [316, 425, 469, 807]}, {'label': 'ceiling', 'box': [0, 0, 1001, 203]}, {'label': 'chair', 'box': [359, 575, 408, 651]}], [{'label': 'black object', 'box': [229, 752, 750, 1021]}, {'label': 'vertical object', 'box': [397, 84, 532, 1020]}]]
[Debug] dropped verified goal candidate: label=chair angle=0 box=[0, 614, 310, 1023] overlaps=wall#213:1.000
wall
floor
doorway
[Debug] preserving goal candidate: label=chair angle=90 obj_id=30 visible_ratio=0.000890 bbox=60x88 box_match=0.0705 detection_bbox=150x88
[Debug] preserving goal candidate: label=chair angle=90 obj_id=33 visible_ratio=0.001043 bbox=57x88 box_match=0.0826 detection_bbox=150x88
chair
doorway
wall
[Debug] preserving goal candidate: label=chair angle=180 obj_id=41 visible_ratio=0.000927 bbox=49x81 box_match=0.2567 detection_bbox=49x76
chair
tv
[Debug] max_similar_objs_list: [[('wall', 0, 213, 0.5325323939323425, 'wall', array([5.0929995, 1.8875161, 5.093    ], dtype=float32))], [('floor', 90, 97, 1.0, 'floor', array([8.1485   , 0.       , 5.0930004], dtype=float32))], [('doorway', 90, 58, 1.0, 'doorway', array([14.478235 ,  1.0376704,  9.763346 ], dtype=float32))], [('chair', 90, 33, 1.0, 'chair', array([15.677233  ,  0.43747374,  7.344473  ], dtype=float32))], [('doorway', 180, 57, 1.0, 'doorway', array([11.081314 ,  1.0459483,  6.5430164], dtype=float32))], [('wall', 180, 214, 0.6041585206985474, 'wall', array([4.074499 , 1.8875161, 5.0929995], dtype=float32))], [('chair', 180, 41, 1.0, 'chair', array([11.68861   ,  0.43745252,  3.9979107 ], dtype=float32))], [('tv', 270, 180, 0.5620273351669312, 'tv', array([9.025491 , 1.2942309, 9.712589 ], dtype=float32))]]
[Debug] empty_position: []
 {
    "Place": 0,
    "Angle": 0,
    "Objects": [
        "shadow",
        "background"
    ]
}{
    "Place": 0,
    "Angle": 90,
    "Objects": [
        "doorway",
        "ceiling",
        "floor"
    ]
}{
    "Place": 0,
    "Angle": 180,
    "Objects": [
        "wall",
        "doorway"
    ]
}{
    "Place": 0,
    "Angle": 270,
    "Objects": [
        "tv"
    ]
}
[Debug] resolver candidates place=0: exact=3 relaxed_or_synthesized=2
[Debug] allowed planner objects: ['chair', 'doorway', 'tv']
[Debug] allowed planner objects by place: {0: ['chair', 'doorway', 'tv']}
[Debug] bypassing planner because goal is already observed: {"Place": 0, "Angle": 90, "Objects": ["chair"]}
{"Place": 0, "Angle": 90, "Objects": ["chair"]}
[Debug] planner selected: place=0, angle=90, objects=['chair']
last_key:[]
[Debug] allowed_targets_by_place[0] candidates: [('chair', 90, 33, 1.0, 'chair', array([15.677233  ,  0.43747374,  7.344473  ], dtype=float32)), ('chair', 180, 41, 1.0, 'chair', array([11.68861   ,  0.43745252,  3.9979107 ], dtype=float32)), ('doorway', 90, 58, 1.0, 'doorway', array([14.478235 ,  1.0376704,  9.763346 ], dtype=float32)), ('doorway', 180, 57, 1.0, 'doorway', array([11.081314 ,  1.0459483,  6.5430164], dtype=float32)), ('tv', 270, 180, 0.5620273351669312, 'tv', array([9.025491 , 1.2942309, 9.712589 ], dtype=float32))]
[Debug] resolved target tuple: ('chair', 90, 33, 1.0, 'chair', array([15.677233  ,  0.43747374,  7.344473  ], dtype=float32)) from representative place 0
[Debug] resolved source place: 0 for representative place 0
0
final_goal:chair,sub_goal:chair,place:0,trajectory: chair in Place 0.
sub_target_id:33
target:chair
final_goal:chair
final_length:0
[Timing] pathfinder to-subgoal elapsed=5.123s found=True
[Debug] sub-goal visible on screen: label=chair ratio=0.002136 bbox=83x124
[Debug] calling detection service: position_id=goal-visible-1-0-31 angle=45 prompt='chair .'
[Debug] received detection service result: position_id=goal-visible-1-0-31 angle=45
[Debug] semantic goal candidate rejected by RGB detector: label=chair ratio=0.014080 semantic_bbox=151x245
[Debug] calling detection service: position_id=goal-visible-1-0-32 angle=45 prompt='chair .'
[Debug] received detection service result: position_id=goal-visible-1-0-32 angle=45
[Debug] semantic goal candidate rejected by RGB detector: label=chair ratio=0.014694 semantic_bbox=172x224
[Debug] observation rotation: angle=0 pause=0.25s
[Debug] observation rotation: angle=90 pause=0.25s
[Debug] observation rotation: angle=180 pause=0.25s
[Debug] observation rotation: angle=270 pause=0.25s
[Debug] calling detection service: position_id=big+1+1 angle=0 prompt='chair . doorway . window .'
[Debug] received detection service result: position_id=big+1+1 angle=0
[Debug] calling detection service: position_id=big+1+1 angle=90 prompt='chair . frame . clouds .'
[Debug] received detection service result: position_id=big+1+1 angle=90
[Debug] calling detection service: position_id=big+1+1 angle=180 prompt='chair . tv . laptop .'
[Debug] received detection service result: position_id=big+1+1 angle=180
[Debug] calling detection service: position_id=big+1+1 angle=270 prompt='chair . doorway . tv . floor .'
[Debug] received detection service result: position_id=big+1+1 angle=270
[Debug] box_info_list_sum: [[], [{'label': 'frame', 'box': [909, 0, 1024, 307]}], [{'label': 'laptop', 'box': [245, 732, 463, 957]}], [{'label': 'floor', 'box': [0, 619, 1022, 1023]}, {'label': 'tv', 'box': [645, 482, 696, 591]}, {'label': 'doorway', 'box': [904, 387, 1023, 937]}]]
painting
laptop
[Debug] max_similar_objs_list: [[('painting', 90, 136, 0.6225451231002808, 'painting', array([16.276129 ,  2.169989 ,  6.7006993], dtype=float32))], [('laptop', 180, 117, 1.0, 'laptop', array([15.822378 ,  0.8931596,  6.659296 ], dtype=float32))]]
[Debug] empty_position: []
 {
    "Place": 0,
    "Angle": 0,
    "Objects": [
        "shadow",
        "background"
    ]
}{
    "Place": 0,
    "Angle": 180,
    "Objects": [
        "wall",
        "doorway"
    ]
}{
    "Place": 0,
    "Angle": 270,
    "Objects": [
        "tv"
    ]
} {
    "Place": 1,
    "Angle": 0,
    "Objects": [
        "window",
        "doorway"
    ]
}{
    "Place": 1,
    "Angle": 90,
    "Objects": [
        "clouds",
        "painting"
    ]
}{
    "Place": 1,
    "Angle": 180,
    "Objects": [
        "tv",
        "laptop"
    ]
}
[Debug] resolver candidates place=0: exact=2 relaxed_or_synthesized=2
[Debug] allowed planner objects: ['doorway']
[Debug] allowed planner objects by place: {0: ['doorway']}
[Debug] bypassing planner because goal is already observed: {"Place": 0, "Angle": 180, "Objects": ["chair"]}
{"Place": 0, "Angle": 180, "Objects": ["chair"]}
[Debug] planner selected: place=0, angle=180, objects=['chair']
last_key:['Place 0']
[Debug] allowed_targets_by_place[0] candidates: [('chair', 180, 41, 1.0, 'chair', array([11.68861   ,  0.43745252,  3.9979107 ], dtype=float32)), ('doorway', 180, 57, 1.0, 'doorway', array([11.081314 ,  1.0459483,  6.5430164], dtype=float32)), ('laptop', 180, 117, 1.0, 'laptop', array([15.822378 ,  0.8931596,  6.659296 ], dtype=float32)), ('painting', 90, 136, 0.6225451231002808, 'painting', array([16.276129 ,  2.169989 ,  6.7006993], dtype=float32)), ('tv', 270, 180, 0.5620273351669312, 'tv', array([9.025491 , 1.2942309, 9.712589 ], dtype=float32)), ('doorway', 90, 58, 1.0, 'doorway', array([14.478235 ,  1.0376704,  9.763346 ], dtype=float32))]
[Debug] resolved target tuple: ('chair', 180, 41, 1.0, 'chair', array([11.68861   ,  0.43745252,  3.9979107 ], dtype=float32)) from representative place 0
[Debug] resolved source place: 0 for representative place 0
0
final_goal:chair,sub_goal:chair,place:0,trajectory: chair in Place 0.
sub_target_id:41
target:chair
final_goal:chair
Setting `pad_token_id` to `eos_token_id`:151645 for open-end generation.
Setting `pad_token_id` to `eos_token_id`:151645 for open-end generation.
Setting `pad_token_id` to `eos_token_id`:151645 for open-end generation.
Setting `pad_token_id` to `eos_token_id`:151645 for open-end generation.
Setting `pad_token_id` to `eos_token_id`:151645 for open-end generation.
Setting `pad_token_id` to `eos_token_id`:151645 for open-end generation.
Setting `pad_token_id` to `eos_token_id`:151645 for open-end generation.
Setting `pad_token_id` to `eos_token_id`:151645 for open-end generation.
final_length:7.1139631271362305
[Timing] pathfinder to-subgoal elapsed=4.830s found=True
[Debug] sub-goal visible on screen: label=chair ratio=0.002254 bbox=80x119
[Debug] calling detection service: position_id=goal-visible-2-1-19 angle=135 prompt='chair .'
[Debug] received detection service result: position_id=goal-visible-2-1-19 angle=135
[Debug] final goal visible on screen: label=chair ratio=0.014784 semantic_bbox=188x303 rgb_bbox=190x298
[Debug] saved final goal bbox: tmp/navigation_images/final_goal_visible_step_19.png
[Debug] final goal detected; approaching GT coordinates before stopping
[Timing] pathfinder final-approach elapsed=1.024s found=True
[Debug] close enough to final goal coordinates: label=chair distance=1.424
[Timing] episode elapsed=67.527s sr=1 spl=0.7259 final_length=11.9853
[Timing] val_auto episode total elapsed=67.527s goal=chair sr=1 spl=0.7259 completed_eval_episodes=2/10
[Debug] episode success: final_goal=chair sr=1 spl=0.7259 final_length=11.9853
[Debug] selectable goal names count=41 sample=['apple', 'basketball', 'bed', 'book', 'bowl', 'box', 'butterknife', 'candle', 'cd', 'chair']
[Debug] using requested target object=chair
[Debug] reachable_positions=252 candidate_objects_for_chair=1
[Debug] starting independent environment episode=1/1
[Debug] experiment setup: seed=7 goal_instance_index=random start_index=random start_rotation=90.0 start_point=(2.250, 0.901, 0.500)
[Timing] pathfinder goal-distance elapsed=0.206s found=True
real_distance:9.803300858899107
[Debug] observation rotation: angle=0 pause=0.25s
[Debug] observation rotation: angle=90 pause=0.25s
[Debug] observation rotation: angle=180 pause=0.25s
[Debug] observation rotation: angle=270 pause=0.25s
[Debug] calling detection service: position_id=big+0+0 angle=0 prompt='chair . desk . laptop . keychain .'
[Debug] received detection service result: position_id=big+0+0 angle=0
[Debug] calling detection service: position_id=big+0+0 angle=90 prompt='chair . picture frame . wall .'
[Debug] received detection service result: position_id=big+0+0 angle=90
[Debug] calling detection service: position_id=big+0+0 angle=180 prompt='chair . tile .'
[Debug] received detection service result: position_id=big+0+0 angle=180
[Debug] calling detection service: position_id=big+0+0 angle=270 prompt='chair . pillow . bed . remote .'
[Debug] received detection service result: position_id=big+0+0 angle=270
[Debug] box_info_list_sum: [[{'label': 'laptop', 'box': [640, 751, 812, 866]}, {'label': 'desk', 'box': [608, 727, 1023, 1023]}, {'label': 'keychain', 'box': [835, 790, 910, 817]}], [{'label': 'picture frame', 'box': [0, 139, 129, 404]}, {'label': 'wall', 'box': [0, 1, 1023, 1022]}], [{'label': 'tile', 'box': [0, 0, 1023, 1022]}], [{'label': 'remote', 'box': [425, 939, 454, 1016]}, {'label': 'pillow', 'box': [536, 857, 716, 1023]}]]
laptop
dresser
painting
wall
bed
pillow
[Debug] max_similar_objs_list: [[('laptop', 0, 37, 1.0, 'laptop', array([2.673609  , 0.99222696, 1.5374721 ], dtype=float32))], [('dresser', 0, 23, 0.7508470416069031, 'dresser', array([2.8636615 , 0.48569733, 1.5465158 ], dtype=float32))], [('painting', 90, 38, 0.5644656419754028, 'painting', array([3.2171295, 2.0282753, 1.5678673], dtype=float32))], [('wall', 90, 68, 1.0, 'wall', array([1.619    , 1.6391454, 0.       ], dtype=float32))], [('bed', 270, 3, 0.6064897179603577, 'bed', array([1.0177794 , 0.6060875 , 0.54806876], dtype=float32))], [('pillow', 270, 47, 1.0, 'pillow', array([1.0218773 , 0.5509214 , 0.76637924], dtype=float32))]]
[Debug] empty_position: []
 {
    "Place": 0,
    "Angle": 0,
    "Objects": [
        "dresser",
        "laptop",
        "remote"
    ]
}{
    "Place": 0,
    "Angle": 90,
    "Objects": [
        "painting",
        "wall"
    ]
}{
    "Place": 0,
    "Angle": 180,
    "Objects": [
        "shadows"
    ]
}{
    "Place": 0,
    "Angle": 270,
    "Objects": [
        "basketball",
        "bed",
        "bed",
        "pillow"
    ]
}
[Debug] allowed planner objects: ['dresser', 'laptop', 'pillow', 'bed', 'painting']
[Debug] allowed planner objects by place: {0: ['laptop', 'pillow', 'dresser', 'bed', 'painting']}
The above is a description of different places in different angles in the environment.Your can get to any place described in the json data. Your goal is to find the chair. Based on the above json data, please choose one specific object to travel to as your target. If your goal is already in the description, please choose it as the target. You must choose an object only from this allowed list: dresser, laptop, pillow, bed, painting. Do not output any object name that is not in the allowed list. Valid choosable objects by place are: Place 0: laptop, pillow, dresser, bed, painting. The Objects field must contain exactly one object from the chosen place list.Note that you can travel to door or door frame to other spaces if there are no clear evidence to choose the target.  Return exactly one JSON object by referring to the following template.
            {"Place": x, "Angle": x, "Objects": ["xxxx"] }
            If your goal is already in the description, please choose it as the target. You should not output any explanation, markdown, prose, examples, or extra text before or after the JSON. Note that your should choose only one object in one angle of one place in the json data as the target.
{"Place": "bed", "Angle": 270, "Objects": ["basketball", "pillow"]}
[Timing] planning mode=kv elapsed=1.225s
{"Place": 0, "Angle": 270, "Objects": ["bed"]}
[Debug] planner selected: place=0, angle=270, objects=['bed']
last_key:[]
[Debug] allowed_targets_by_place[0] candidates: [('laptop', 0, 37, 1.0, 'laptop', array([2.673609  , 0.99222696, 1.5374721 ], dtype=float32)), ('pillow', 270, 47, 1.0, 'pillow', array([1.0218773 , 0.5509214 , 0.76637924], dtype=float32)), ('dresser', 0, 23, 0.7508470416069031, 'dresser', array([2.8636615 , 0.48569733, 1.5465158 ], dtype=float32)), ('bed', 270, 3, 0.6064897179603577, 'bed', array([1.0177794 , 0.6060875 , 0.54806876], dtype=float32)), ('painting', 90, 38, 0.5644656419754028, 'painting', array([3.2171295, 2.0282753, 1.5678673], dtype=float32))]
[Debug] resolved target tuple: ('bed', 270, 3, 0.6064897179603577, 'bed', array([1.0177794 , 0.6060875 , 0.54806876], dtype=float32)) from representative place 0
[Debug] resolved source place: 0 for representative place 0
0
final_goal:chair,sub_goal:bed,place:0,trajectory: bed in Place 0.
sub_target_id:3
target:bed
final_goal:chair
final_length:0
[Timing] pathfinder to-subgoal elapsed=0.043s found=True
[Debug] sub-goal visible on screen: label=bed ratio=0.107143 bbox=308x403
[Debug] observation rotation: angle=0 pause=0.25s
[Debug] observation rotation: angle=90 pause=0.25s
[Debug] observation rotation: angle=180 pause=0.25s
[Debug] observation rotation: angle=270 pause=0.25s
[Debug] calling detection service: position_id=big+1+1 angle=0 prompt='chair . doorway . wall .'
[Debug] received detection service result: position_id=big+1+1 angle=0
[Debug] calling detection service: position_id=big+1+1 angle=90 prompt='chair . desk . lamp . plant .'
[Debug] received detection service result: position_id=big+1+1 angle=90
[Debug] calling detection service: position_id=big+1+1 angle=180 prompt='chair . bricks . wall .'
[Debug] received detection service result: position_id=big+1+1 angle=180
[Debug] calling detection service: position_id=big+1+1 angle=270 prompt='chair . wooden bench . wall .'
[Debug] received detection service result: position_id=big+1+1 angle=270
[Debug] box_info_list_sum: [[], [{'label': 'lamp', 'box': [400, 546, 504, 662]}, {'label': 'plant', 'box': [230, 755, 272, 804]}, {'label': 'desk', 'box': [209, 766, 292, 925]}], [{'label': 'wall', 'box': [1, 0, 1021, 1021]}], [{'label': 'wooden bench', 'box': [0, 702, 419, 1021]}, {'label': 'wall', 'box': [1, 1, 1022, 1021]}]]
wall
sidetable
wall
Setting `pad_token_id` to `eos_token_id`:151645 for open-end generation.
Setting `pad_token_id` to `eos_token_id`:151645 for open-end generation.
Setting `pad_token_id` to `eos_token_id`:151645 for open-end generation.
Setting `pad_token_id` to `eos_token_id`:151645 for open-end generation.
Setting `pad_token_id` to `eos_token_id`:151645 for open-end generation.
Setting `pad_token_id` to `eos_token_id`:151645 for open-end generation.
Setting `pad_token_id` to `eos_token_id`:151645 for open-end generation.
Setting `pad_token_id` to `eos_token_id`:151645 for open-end generation.
[Debug] max_similar_objs_list: [[('wall', 90, 67, 0.579981803894043, 'wall', array([1.6189996, 1.6391454, 1.6189998], dtype=float32))], [('sidetable', 90, 61, 0.6906325817108154, 'sidetable', array([3.0542097, 0.239983 , 2.2808166], dtype=float32))], [('wall', 270, 65, 1.0, 'wall', array([0.       , 1.6391454, 1.619    ], dtype=float32))]]
[Debug] empty_position: []
 {
    "Place": 0,
    "Angle": 0,
    "Objects": [
        "dresser",
        "laptop",
        "remote"
    ]
}{
    "Place": 0,
    "Angle": 90,
    "Objects": [
        "painting",
        "wall"
    ]
}{
    "Place": 0,
    "Angle": 180,
    "Objects": [
        "shadows"
    ]
} {
    "Place": 1,
    "Angle": 0,
    "Objects": [
        "wall",
        "doorway"
    ]
}{
    "Place": 1,
    "Angle": 90,
    "Objects": [
        "sidetable",
        "wall"
    ]
}{
    "Place": 1,
    "Angle": 180,
    "Objects": [
        "bricks"
    ]
}
[Debug] resolver candidates place=0: exact=3 relaxed_or_synthesized=1
[Debug] allowed planner objects: ['sidetable']
[Debug] allowed planner objects by place: {0: [], 1: ['sidetable']}
[Debug] bypassing planner because only one target is allowed: {"Place": 1, "Angle": 90, "Objects": ["sidetable"]}
{"Place": 1, "Angle": 90, "Objects": ["sidetable"]}
[Debug] planner selected: place=1, angle=90, objects=['sidetable']
last_key:['Place 0']
[Debug] allowed_targets_by_place[1] candidates: [('sidetable', 90, 61, 0.6906325817108154, 'sidetable', array([3.0542097, 0.239983 , 2.2808166], dtype=float32))]
[Debug] resolved target tuple: ('sidetable', 90, 61, 0.6906325817108154, 'sidetable', array([3.0542097, 0.239983 , 2.2808166], dtype=float32)) from representative place 1
[Debug] resolved source place: 1 for representative place 1
1
final_goal:chair,sub_goal:sidetable,place:1,trajectory: bed in Place 0.sidetable in Place 1.
sub_target_id:61
target:sidetable
final_goal:chair
final_length:2.4142136573791504
[Timing] pathfinder to-subgoal elapsed=0.063s found=True
[Debug] sub-goal visible on screen: label=sidetable ratio=0.003255 bbox=90x179
[Debug] observation rotation: angle=0 pause=0.25s
[Debug] observation rotation: angle=90 pause=0.25s
[Debug] observation rotation: angle=180 pause=0.25s
[Debug] observation rotation: angle=270 pause=0.25s
[Debug] calling detection service: position_id=big+2+2 angle=0 prompt='chair . painting . wall .'
[Debug] received detection service result: position_id=big+2+2 angle=0
[Debug] calling detection service: position_id=big+2+2 angle=90 prompt='chair . tiles . wall .'
[Debug] received detection service result: position_id=big+2+2 angle=90
[Debug] calling detection service: position_id=big+2+2 angle=180 prompt='chair . desk . tv . lamp .'
[Debug] received detection service result: position_id=big+2+2 angle=180
[Debug] calling detection service: position_id=big+2+2 angle=270 prompt='chair . doorway . bed .'
[Debug] received detection service result: position_id=big+2+2 angle=270
[Debug] box_info_list_sum: [[{'label': 'wall', 'box': [1, 1, 1021, 1021]}, {'label': 'painting', 'box': [856, 2, 1022, 802]}], [{'label': 'wall', 'box': [1, 1, 1022, 1021]}], [{'label': 'lamp', 'box': [258, 606, 369, 797]}, {'label': 'desk', 'box': [121, 743, 711, 1023]}, {'label': 'chair', 'box': [664, 695, 1023, 1023]}], [{'label': 'bed', 'box': [0, 579, 244, 1014]}, {'label': 'doorway', 'box': [651, 420, 838, 824]}]]
wall
painting
desklamp
[Debug] dropped verified goal candidate: label=chair angle=180 box=[664, 695, 1023, 1023] overlaps=bed#3:0.664, wall#68:0.167, floor#28:0.094, pillow#47:0.050, dresser#23:0.022
floor
doorway
[Debug] max_similar_objs_list: [[('wall', 0, 66, 1.0, 'wall', array([1.619    , 1.6391453, 1.619    ], dtype=float32))], [('painting', 0, 44, 1.0, 'painting', array([3.2250004, 1.6885716, 2.8293538], dtype=float32))], [('desklamp', 180, 15, 0.7352255582809448, 'desklamp', array([3.1228807, 1.2030637, 1.4979863], dtype=float32))], [('floor', 180, 28, 0.618403971195221, 'floor', array([1.619, 0.   , 1.619], dtype=float32))], [('doorway', 270, 19, 1.0, 'doorway', array([1.0515028, 1.0364102, 3.6505966], dtype=float32))]]
[Debug] empty_position: []
 {
    "Place": 0,
    "Angle": 0,
    "Objects": [
        "dresser",
        "laptop",
        "remote"
    ]
}{
    "Place": 0,
    "Angle": 90,
    "Objects": [
        "painting",
        "wall"
    ]
}{
    "Place": 0,
    "Angle": 180,
    "Objects": [
        "shadows"
    ]
} {
    "Place": 1,
    "Angle": 0,
    "Objects": [
        "wall",
        "doorway"
    ]
}{
    "Place": 1,
    "Angle": 180,
    "Objects": [
        "bricks"
    ]
} {
    "Place": 2,
    "Angle": 0,
    "Objects": [
        "painting",
        "wall"
    ]
}{
    "Place": 2,
    "Angle": 90,
    "Objects": [
        "tiles"
    ]
}{
    "Place": 2,
    "Angle": 180,
    "Objects": [
        "tv",
        "desklamp",
        "remote"
    ]
}{
    "Place": 2,
    "Angle": 270,
    "Objects": [
        "doorway"
    ]
}
[Debug] resolver candidates place=0: exact=3 relaxed_or_synthesized=1
[Debug] resolver candidates place=1: exact=1 relaxed_or_synthesized=1
[Debug] allowed planner objects: ['doorway']
[Debug] allowed planner objects by place: {0: ['doorway'], 1: ['doorway']}
[Debug] bypassing planner because only one target is allowed: {"Place": 0, "Angle": 270, "Objects": ["doorway"]}
{"Place": 0, "Angle": 270, "Objects": ["doorway"]}
[Debug] planner selected: place=0, angle=270, objects=['doorway']
last_key:['Place 0', 'Place 1']
[Debug] allowed_targets_by_place[0] candidates: [('doorway', 270, 19, 1.0, 'doorway', array([1.0515028, 1.0364102, 3.6505966], dtype=float32)), ('laptop', 0, 37, 1.0, 'laptop', array([2.673609  , 0.99222696, 1.5374721 ], dtype=float32)), ('painting', 0, 44, 1.0, 'painting', array([3.2250004, 1.6885716, 2.8293538], dtype=float32)), ('dresser', 0, 23, 0.7508470416069031, 'dresser', array([2.8636615 , 0.48569733, 1.5465158 ], dtype=float32)), ('desklamp', 180, 15, 0.7352255582809448, 'desklamp', array([3.1228807, 1.2030637, 1.4979863], dtype=float32)), ('painting', 90, 38, 0.5644656419754028, 'painting', array([3.2171295, 2.0282753, 1.5678673], dtype=float32)), ('pillow', 270, 47, 1.0, 'pillow', array([1.0218773 , 0.5509214 , 0.76637924], dtype=float32))]
[Debug] resolved target tuple: ('doorway', 270, 19, 1.0, 'doorway', array([1.0515028, 1.0364102, 3.6505966], dtype=float32)) from representative place 0
[Debug] resolved source place: 2 for representative place 0
0
final_goal:chair,sub_goal:doorway,place:0,trajectory: bed in Place 0.sidetable in Place 1.doorway in Place 0.
sub_target_id:19
target:doorway
final_goal:chair
final_length:4.889087677001953
[Timing] pathfinder to-subgoal elapsed=0.050s found=True
[Debug] sub-goal visible on screen: label=doorway ratio=0.155046 bbox=342x852
Agent is within 1m of the target. Stopping.
[Debug] observation rotation: angle=0 pause=0.25s
[Debug] observation rotation: angle=90 pause=0.25s
[Debug] observation rotation: angle=180 pause=0.25s
[Debug] observation rotation: angle=270 pause=0.25s
[Debug] calling detection service: position_id=big+3+3 angle=0 prompt='chair . table . lamp .'
[Debug] received detection service result: position_id=big+3+3 angle=0
[Debug] calling detection service: position_id=big+3+3 angle=90 prompt='chair . doorway . wall with tiles .'
[Debug] received detection service result: position_id=big+3+3 angle=90
[Debug] calling detection service: position_id=big+3+3 angle=180 prompt='chair . desk . lamp . bed .'
[Debug] received detection service result: position_id=big+3+3 angle=180
[Debug] calling detection service: position_id=big+3+3 angle=270 prompt='chair . doorway . wall with tiles .'
[Debug] received detection service result: position_id=big+3+3 angle=270
[Debug] box_info_list_sum: [[{'label': 'lamp', 'box': [791, 450, 890, 824]}, {'label': 'table', 'box': [204, 654, 643, 906]}], [{'label': 'doorway', 'box': [32, 170, 723, 1018]}, {'label': 'chair', 'box': [805, 795, 916, 987]}], [{'label': 'bed', 'box': [350, 565, 771, 844]}, {'label': 'lamp', 'box': [0, 555, 83, 660]}, {'label': 'desk', 'box': [0, 640, 234, 1018]}], [{'label': 'doorway', 'box': [377, 293, 818, 1021]}]]
floorlamp
floor
Setting `pad_token_id` to `eos_token_id`:151645 for open-end generation.
Setting `pad_token_id` to `eos_token_id`:151645 for open-end generation.
Setting `pad_token_id` to `eos_token_id`:151645 for open-end generation.
Setting `pad_token_id` to `eos_token_id`:151645 for open-end generation.
[Debug] dropped verified goal candidate: label=chair angle=90 box=[805, 795, 916, 987] overlaps=wall#67:0.380, floor#28:0.334, sidetable#61:0.212, plant#35:0.055, remotecontrol#51:0.019
[Debug] max_similar_objs_list: [[('floorlamp', 0, 29, 0.7215485572814941, 'floorlamp', array([2.9967155 , 0.93430954, 6.233019  ], dtype=float32))], [('floor', 0, 26, 0.6794582009315491, 'floor', array([1.619, 0.   , 3.238], dtype=float32))]]
[Debug] empty_position: []
 {
    "Place": 0,
    "Angle": 0,
    "Objects": [
        "dresser",
        "laptop",
        "remote"
    ]
}{
    "Place": 0,
    "Angle": 90,
    "Objects": [
        "painting",
        "wall"
    ]
}{
    "Place": 0,
    "Angle": 180,
    "Objects": [
        "shadows"
    ]
} {
    "Place": 1,
    "Angle": 0,
    "Objects": [
        "wall",
        "doorway"
    ]
}{
    "Place": 1,
    "Angle": 180,
    "Objects": [
        "bricks"
    ]
} {
    "Place": 2,
    "Angle": 0,
    "Objects": [
        "painting",
        "wall"
    ]
}{
    "Place": 2,
    "Angle": 90,
    "Objects": [
        "tiles"
    ]
}{
    "Place": 2,
    "Angle": 180,
    "Objects": [
        "tv",
        "desklamp",
        "remote"
    ]
} {
    "Place": 3,
    "Angle": 0,
    "Objects": [
        "floor",
        "floorlamp"
    ]
}{
    "Place": 3,
    "Angle": 90,
    "Objects": [
        "wall with tiles"
    ]
}{
    "Place": 3,
    "Angle": 180,
    "Objects": [
        "sports ball"
    ]
}{
    "Place": 3,
    "Angle": 270,
    "Objects": [
        "wall with tiles"
    ]
}
[Debug] resolver candidates place=0: exact=3 relaxed_or_synthesized=1
[Debug] resolver candidates place=1: exact=1 relaxed_or_synthesized=1
[Debug] allowed planner objects: ['floorlamp']
[Debug] allowed planner objects by place: {0: [], 1: [], 3: ['floorlamp']}
[Debug] bypassing planner because only one target is allowed: {"Place": 3, "Angle": 0, "Objects": ["floorlamp"]}
{"Place": 3, "Angle": 0, "Objects": ["floorlamp"]}
[Debug] planner selected: place=3, angle=0, objects=['floorlamp']
last_key:['Place 0', 'Place 1', 'Place 2']
[Debug] allowed_targets_by_place[3] candidates: [('floorlamp', 0, 29, 0.7215485572814941, 'floorlamp', array([2.9967155 , 0.93430954, 6.233019  ], dtype=float32))]
[Debug] resolved target tuple: ('floorlamp', 0, 29, 0.7215485572814941, 'floorlamp', array([2.9967155 , 0.93430954, 6.233019  ], dtype=float32)) from representative place 3
[Debug] resolved source place: 3 for representative place 3
3
final_goal:chair,sub_goal:floorlamp,place:3,trajectory: bed in Place 0.sidetable in Place 1.doorway in Place 0.floorlamp in Place 3.
sub_target_id:29
target:floorlamp
final_goal:chair
final_length:6.803300857543945
[Timing] pathfinder to-subgoal elapsed=0.151s found=True
[Debug] sub-goal visible on screen: label=floorlamp ratio=0.009425 bbox=78x348
[Debug] observation rotation: angle=0 pause=0.25s
[Debug] observation rotation: angle=90 pause=0.25s
[Debug] observation rotation: angle=180 pause=0.25s
[Debug] observation rotation: angle=270 pause=0.25s
[Debug] get_observation skip angle=0 reason=depth
[Debug] calling detection service: position_id=big+4+4 angle=90 prompt='chair . lamp . wall .'
[Debug] received detection service result: position_id=big+4+4 angle=90
[Debug] calling detection service: position_id=big+4+4 angle=180 prompt='chair . doorway . plant . ceiling .'
[Debug] received detection service result: position_id=big+4+4 angle=180
[Debug] calling detection service: position_id=big+4+4 angle=270 prompt='chair . table . tv . picture frame .'
[Debug] received detection service result: position_id=big+4+4 angle=270
[Debug] box_info_list_sum: [[{'label': 'lamp', 'box': [285, 1, 787, 1021]}, {'label': 'wall', 'box': [1, 0, 1022, 1023]}], [{'label': 'plant', 'box': [443, 635, 559, 828]}, {'label': 'chair', 'box': [647, 541, 758, 667]}, {'label': 'ceiling', 'box': [289, 0, 1023, 227]}], [{'label': 'picture frame', 'box': [576, 0, 882, 870]}, {'label': 'table', 'box': [69, 682, 634, 1023]}]]
wall
plant
[Debug] dropped verified goal candidate: label=chair angle=180 box=[647, 541, 758, 667] overlaps=bed#3:0.529, wall#68:0.274, floor#28:0.107, wall#65:0.049, pillow#47:0.031
painting
box
[Debug] max_similar_objs_list: [[('wall', 90, 73, 1.0, 'wall', array([1.619    , 1.6391454, 3.238    ], dtype=float32))], [('plant', 180, 34, 1.0, 'plant', array([2.5657938 , 0.44735244, 3.602463  ], dtype=float32))], [('painting', 270, 40, 0.5644656419754028, 'painting', array([1.7291131, 1.6870391, 6.4572864], dtype=float32))], [('box', 270, 8, 0.661896288394928, 'box', array([1.3299593, 0.877348 , 6.183116 ], dtype=float32))]]
[Debug] empty_position: []
 {
    "Place": 0,
    "Angle": 0,
    "Objects": [
        "dresser",
        "laptop",
        "remote"
    ]
}{
    "Place": 0,
    "Angle": 90,
    "Objects": [
        "painting",
        "wall"
    ]
}{
    "Place": 0,
    "Angle": 180,
    "Objects": [
        "shadows"
    ]
} {
    "Place": 1,
    "Angle": 0,
    "Objects": [
        "wall",
        "doorway"
    ]
}{
    "Place": 1,
    "Angle": 180,
    "Objects": [
        "bricks"
    ]
} {
    "Place": 2,
    "Angle": 0,
    "Objects": [
        "painting",
        "wall"
    ]
}{
    "Place": 2,
    "Angle": 90,
    "Objects": [
        "tiles"
    ]
}{
    "Place": 2,
    "Angle": 180,
    "Objects": [
        "tv",
        "desklamp",
        "remote"
    ]
} {
    "Place": 3,
    "Angle": 90,
    "Objects": [
        "wall with tiles"
    ]
}{
    "Place": 3,
    "Angle": 180,
    "Objects": [
        "sports ball"
    ]
}{
    "Place": 3,
    "Angle": 270,
    "Objects": [
        "wall with tiles"
    ]
} {
    "Place": 4,
    "Angle": 180,
    "Objects": [
        "plant",
        "ceiling",
        "wall",
        "doorway"
    ]
}{
    "Place": 4,
    "Angle": 270,
    "Objects": [
        "tv",
        "painting",
        "box",
        "wall"
    ]
}
[Debug] resolver candidates place=0: exact=3 relaxed_or_synthesized=1
[Debug] resolver candidates place=1: exact=1 relaxed_or_synthesized=1
[Debug] resolver candidates place=3: exact=0 relaxed_or_synthesized=1
[Debug] allowed planner objects: ['box', 'plant', 'painting']
[Debug] allowed planner objects by place: {0: [], 1: [], 3: [], 4: ['plant', 'box', 'painting']}
The above is a description of different places in different angles in the environment.Your can get to any place described in the json data. Your goal is to find the chair. Based on the above json data, please choose one specific object to travel to as your target. If your goal is already in the description, please choose it as the target. You must choose an object only from this allowed list: box, plant, painting. Do not output any object name that is not in the allowed list. Valid choosable objects by place are: Place 4: plant, box, painting. The Objects field must contain exactly one object from the chosen place list.Note that you can travel to door or door frame to other spaces if there are no clear evidence to choose the target.  Return exactly one JSON object by referring to the following template.
            {"Place": x, "Angle": x, "Objects": ["xxxx"] }
            If your goal is already in the description, please choose it as the target. You should not output any explanation, markdown, prose, examples, or extra text before or after the JSON. Note that your should choose only one object in one angle of one place in the json data as the target.
{"Place": 4, "Angle": 270, "Objects": ["plant", "ceiling", "wall", "doorway"]}
[Timing] planning mode=kv elapsed=1.381s
{"Place": 4, "Angle": 270, "Objects": ["plant"]}
[Debug] planner selected: place=4, angle=270, objects=['plant']
last_key:['Place 0', 'Place 1', 'Place 2', 'Place 3']
[Debug] allowed_targets_by_place[4] candidates: [('plant', 180, 34, 1.0, 'plant', array([2.5657938 , 0.44735244, 3.602463  ], dtype=float32)), ('box', 270, 8, 0.661896288394928, 'box', array([1.3299593, 0.877348 , 6.183116 ], dtype=float32)), ('painting', 270, 40, 0.5644656419754028, 'painting', array([1.7291131, 1.6870391, 6.4572864], dtype=float32))]
Setting `pad_token_id` to `eos_token_id`:151645 for open-end generation.
Setting `pad_token_id` to `eos_token_id`:151645 for open-end generation.
Setting `pad_token_id` to `eos_token_id`:151645 for open-end generation.
Setting `pad_token_id` to `eos_token_id`:151645 for open-end generation.
Setting `pad_token_id` to `eos_token_id`:151645 for open-end generation.
Setting `pad_token_id` to `eos_token_id`:151645 for open-end generation.
Setting `pad_token_id` to `eos_token_id`:151645 for open-end generation.
Setting `pad_token_id` to `eos_token_id`:151645 for open-end generation.
[Debug] resolved target tuple: ('plant', 180, 34, 1.0, 'plant', array([2.5657938 , 0.44735244, 3.602463  ], dtype=float32)) from representative place 4
[Debug] resolved source place: 4 for representative place 4
4
final_goal:chair,sub_goal:plant,place:4,trajectory: bed in Place 0.sidetable in Place 1.doorway in Place 0.floorlamp in Place 3.plant in Place 4.
sub_target_id:34
target:plant
final_goal:chair
final_length:10.071067810058594
[Timing] pathfinder to-subgoal elapsed=0.059s found=True
[Debug] sub-goal visible on screen: label=plant ratio=0.008072 bbox=138x210
[Debug] calling detection service: position_id=goal-visible-5-4-9 angle=135 prompt='chair .'
[Debug] received detection service result: position_id=goal-visible-5-4-9 angle=135
[Debug] final goal visible on screen: label=chair ratio=0.021804 semantic_bbox=147x232 rgb_bbox=149x231
[Debug] saved final goal bbox: tmp/navigation_images/final_goal_visible_step_9.png
[Debug] final goal detected; approaching GT coordinates before stopping
[Timing] pathfinder final-approach elapsed=0.189s found=True
[Debug] close enough to final goal coordinates: label=chair distance=1.428
[Timing] episode elapsed=101.107s sr=1 spl=0.6247 final_length=15.6924
[Timing] val_auto episode total elapsed=101.108s goal=chair sr=1 spl=0.6247 completed_eval_episodes=3/10
[Debug] episode success: final_goal=chair sr=1 spl=0.6247 final_length=15.6924
[Debug] selectable goal names count=29 sample=['alarmclock', 'baseballbat', 'bed', 'book', 'bowl', 'box', 'cellphone', 'chair', 'desk', 'dogbed']
[Debug] using requested target object=chair
[Debug] reachable_positions=82 candidate_objects_for_chair=1
[Debug] starting independent environment episode=1/1
[Debug] experiment setup: seed=7 goal_instance_index=random start_index=random start_rotation=270.0 start_point=(4.500, 0.901, 3.750)
[Timing] pathfinder goal-distance elapsed=0.021s found=True
real_distance:2.871320343559643
[Debug] observation rotation: angle=0 pause=0.25s
[Debug] observation rotation: angle=90 pause=0.25s
[Debug] observation rotation: angle=180 pause=0.25s
[Debug] observation rotation: angle=270 pause=0.25s
[Debug] calling detection service: position_id=big+0+0 angle=0 prompt='chair . doorway . cylindrical trash can .'
[Debug] received detection service result: position_id=big+0+0 angle=0
[Debug] calling detection service: position_id=big+0+0 angle=90 prompt='chair . doorway . wall .'
[Debug] received detection service result: position_id=big+0+0 angle=90
[Debug] calling detection service: position_id=big+0+0 angle=180 prompt='chair . bed . nightstand . plastic tray .'
[Debug] received detection service result: position_id=big+0+0 angle=180
[Debug] calling detection service: position_id=big+0+0 angle=270 prompt='chair . doorway . mirror .'
[Debug] received detection service result: position_id=big+0+0 angle=270
[Debug] box_info_list_sum: [[{'label': 'doorway', 'box': [852, 157, 1022, 1022]}], [{'label': 'doorway', 'box': [0, 156, 458, 1021]}], [{'label': 'plastic tray', 'box': [561, 697, 674, 737]}, {'label': 'bed', 'box': [239, 627, 897, 1022]}, {'label': 'nightstand', 'box': [788, 633, 976, 782]}], []]
doorway
laptop
bed
dresser
[Debug] max_similar_objs_list: [[('doorway', 0, 12, 1.0, 'doorway', array([5.323    , 1.0517943, 4.357685 ], dtype=float32))], [('laptop', 180, 25, 0.5926035642623901, 'laptop', array([4.0820193, 0.7397289, 1.6695709], dtype=float32))], [('bed', 180, 4, 1.0, 'bed', array([4.4675746 , 0.41503024, 1.1446434 ], dtype=float32))], [('dresser', 180, 17, 0.6982331275939941, 'dresser', array([2.1483593 , 0.3349687 , 0.39855504], dtype=float32))]]
[Debug] empty_position: []
 {
    "Place": 0,
    "Angle": 0,
    "Objects": [
        "cylindrical trash can",
        "doorway"
    ]
}{
    "Place": 0,
    "Angle": 180,
    "Objects": [
        "laptop",
        "dresser",
        "bed",
        "teddy bear"
    ]
}{
    "Place": 0,
    "Angle": 270,
    "Objects": [
        "doorway",
        "mirror"
    ]
}
[Debug] allowed planner objects: ['doorway', 'dresser', 'laptop', 'bed']
[Debug] allowed planner objects by place: {0: ['doorway', 'bed', 'dresser', 'laptop']}
The above is a description of different places in different angles in the environment.Your can get to any place described in the json data. Your goal is to find the chair. Based on the above json data, please choose one specific object to travel to as your target. If your goal is already in the description, please choose it as the target. You must choose an object only from this allowed list: doorway, dresser, laptop, bed. Do not output any object name that is not in the allowed list. Valid choosable objects by place are: Place 0: doorway, bed, dresser, laptop. The Objects field must contain exactly one object from the chosen place list.Note that you can travel to door or door frame to other spaces if there are no clear evidence to choose the target.  Return exactly one JSON object by referring to the following template.
            {"Place": x, "Angle": x, "Objects": ["xxxx"] }
            If your goal is already in the description, please choose it as the target. You should not output any explanation, markdown, prose, examples, or extra text before or after the JSON. Note that your should choose only one object in one angle of one place in the json data as the target.
{"Place": 0, "Angle": 0, "Objects": ["laptop"]}
[Timing] planning mode=kv elapsed=1.156s
{"Place": 0, "Angle": 0, "Objects": ["laptop"]}
[Debug] planner selected: place=0, angle=0, objects=['laptop']
last_key:[]
[Debug] allowed_targets_by_place[0] candidates: [('doorway', 0, 12, 1.0, 'doorway', array([5.323    , 1.0517943, 4.357685 ], dtype=float32)), ('bed', 180, 4, 1.0, 'bed', array([4.4675746 , 0.41503024, 1.1446434 ], dtype=float32)), ('dresser', 180, 17, 0.6982331275939941, 'dresser', array([2.1483593 , 0.3349687 , 0.39855504], dtype=float32)), ('laptop', 180, 25, 0.5926035642623901, 'laptop', array([4.0820193, 0.7397289, 1.6695709], dtype=float32))]
[Debug] resolved target tuple: ('laptop', 180, 25, 0.5926035642623901, 'laptop', array([4.0820193, 0.7397289, 1.6695709], dtype=float32)) from representative place 0
[Debug] resolved source place: 0 for representative place 0
0
final_goal:chair,sub_goal:laptop,place:0,trajectory: laptop in Place 0.
sub_target_id:25
target:laptop
final_goal:chair
final_length:0
[Timing] pathfinder to-subgoal elapsed=0.012s found=True
[Debug] sub-goal visible on screen: label=laptop ratio=0.008504 bbox=182x98
[Debug] calling detection service: position_id=goal-visible-1-0-1 angle=224 prompt='chair .'
[Debug] received detection service result: position_id=goal-visible-1-0-1 angle=224
[Debug] semantic goal candidate rejected by RGB detector: label=chair ratio=0.039161 semantic_bbox=242x233
[Debug] calling detection service: position_id=goal-visible-1-0-5 angle=225 prompt='chair .'
[Debug] received detection service result: position_id=goal-visible-1-0-5 angle=225
[Debug] semantic goal candidate rejected by RGB detector: label=chair ratio=0.070325 semantic_bbox=303x347
[Debug] calling detection service: position_id=goal-visible-1-0-6 angle=224 prompt='chair .'
[Debug] received detection service result: position_id=goal-visible-1-0-6 angle=224
[Debug] semantic goal candidate rejected by RGB detector: label=chair ratio=0.070758 semantic_bbox=280x347
[Debug] calling detection service: position_id=goal-visible-1-0-7 angle=224 prompt='chair .'
[Debug] received detection service result: position_id=goal-visible-1-0-7 angle=224
[Debug] semantic goal candidate rejected by RGB detector: label=chair ratio=0.068780 semantic_bbox=268x340
[Debug] observation rotation: angle=0 pause=0.25s
[Debug] observation rotation: angle=90 pause=0.25s
[Debug] observation rotation: angle=180 pause=0.25s
[Debug] observation rotation: angle=270 pause=0.25s
[Debug] calling detection service: position_id=big+1+1 angle=0 prompt='chair . doorway . trash can .'
[Debug] received detection service result: position_id=big+1+1 angle=0
[Debug] calling detection service: position_id=big+1+1 angle=90 prompt='chair . bed . wall .'
[Debug] received detection service result: position_id=big+1+1 angle=90
Setting `pad_token_id` to `eos_token_id`:151645 for open-end generation.
Setting `pad_token_id` to `eos_token_id`:151645 for open-end generation.
Setting `pad_token_id` to `eos_token_id`:151645 for open-end generation.
Setting `pad_token_id` to `eos_token_id`:151645 for open-end generation.
[Debug] calling detection service: position_id=big+1+1 angle=180 prompt='chair . box . picture . bed .'
[Debug] received detection service result: position_id=big+1+1 angle=180
[Debug] calling detection service: position_id=big+1+1 angle=270 prompt='chair . sofa . lamp . window .'
[Debug] received detection service result: position_id=big+1+1 angle=270
[Debug] box_info_list_sum: [[{'label': 'doorway', 'box': [366, 240, 900, 1022]}, {'label': 'chair', 'box': [18, 974, 199, 1023]}], [{'label': 'wall', 'box': [1, 1, 1022, 1022]}, {'label': 'bed', 'box': [605, 881, 1023, 1023]}], [{'label': 'picture', 'box': [415, 346, 553, 448]}, {'label': 'bed', 'box': [0, 667, 716, 1023]}, {'label': 'box', 'box': [337, 725, 481, 839]}], [{'label': 'window', 'box': [116, 420, 705, 630]}, {'label': 'sofa', 'box': [330, 657, 574, 914]}, {'label': 'lamp', 'box': [441, 461, 516, 659]}]]
doorway
[Debug] dropped verified goal candidate: label=chair angle=0 box=[18, 974, 199, 1023] overlaps=baseballbat#3:0.487, wall#39:0.476, vase#36:0.026, desk#10:0.011
wall
wall
painting
box
window
chair
floorlamp
[Debug] max_similar_objs_list: [[('doorway', 0, 13, 1.0, 'doorway', array([4.2099886, 1.0534253, 3.9862924], dtype=float32))], [('wall', 0, 39, 0.5325323939323425, 'wall', array([1.7744998, 2.5439386, 1.7745001], dtype=float32))], [('wall', 90, 40, 1.0, 'wall', array([2.6614997, 2.5439386, 1.7745001], dtype=float32))], [('painting', 180, 29, 0.7150622606277466, 'painting', array([4.134304  , 2.1298535 , 0.02087049], dtype=float32))], [('box', 180, 8, 1.0, 'box', array([4.274284 , 0.8245244, 1.0644205], dtype=float32))], [('window', 270, 58, 1.0, 'window', array([1.7740002, 1.4992814, 1.289945 ], dtype=float32))], [('chair', 270, 2, 0.6756638288497925, 'chair', array([1.4889151 , 0.36114725, 2.2694318 ], dtype=float32))], [('floorlamp', 270, 21, 0.7215485572814941, 'floorlamp', array([0.3397994, 0.9505808, 2.3141217], dtype=float32))]]
[Debug] empty_position: []
 {
    "Place": 0,
    "Angle": 0,
    "Objects": [
        "cylindrical trash can",
        "doorway"
    ]
}{
    "Place": 0,
    "Angle": 270,
    "Objects": [
        "doorway",
        "mirror"
    ]
} {
    "Place": 1,
    "Angle": 0,
    "Objects": [
        "trash can",
        "doorway"
    ]
}{
    "Place": 1,
    "Angle": 180,
    "Objects": [
        "box",
        "nightstand",
        "painting"
    ]
}{
    "Place": 1,
    "Angle": 270,
    "Objects": [
        "floorlamp",
        "remote control",
        "chair",
        "window"
    ]
}
[Debug] resolver candidates place=0: exact=1 relaxed_or_synthesized=2
[Debug] allowed planner objects: ['chair', 'doorway', 'window', 'box', 'painting', 'floorlamp']
[Debug] allowed planner objects by place: {0: [], 1: ['chair', 'doorway', 'window', 'box', 'floorlamp', 'painting']}
[Debug] bypassing planner because goal is already observed: {"Place": 1, "Angle": 270, "Objects": ["chair"]}
{"Place": 1, "Angle": 270, "Objects": ["chair"]}
[Debug] planner selected: place=1, angle=270, objects=['chair']
last_key:['Place 0']
[Debug] allowed_targets_by_place[1] candidates: [('chair', 270, 2, 0.6756638288497925, 'chair', array([1.4889151 , 0.36114725, 2.2694318 ], dtype=float32)), ('doorway', 0, 13, 1.0, 'doorway', array([4.2099886, 1.0534253, 3.9862924], dtype=float32)), ('window', 270, 58, 1.0, 'window', array([1.7740002, 1.4992814, 1.289945 ], dtype=float32)), ('box', 180, 8, 1.0, 'box', array([4.274284 , 0.8245244, 1.0644205], dtype=float32)), ('floorlamp', 270, 21, 0.7215485572814941, 'floorlamp', array([0.3397994, 0.9505808, 2.3141217], dtype=float32)), ('painting', 180, 29, 0.7150622606277466, 'painting', array([4.134304  , 2.1298535 , 0.02087049], dtype=float32))]
[Debug] resolved target tuple: ('chair', 270, 2, 0.6756638288497925, 'chair', array([1.4889151 , 0.36114725, 2.2694318 ], dtype=float32)) from representative place 1
[Debug] resolved source place: 1 for representative place 1
1
final_goal:chair,sub_goal:chair,place:1,trajectory: laptop in Place 0.chair in Place 1.
sub_target_id:2
target:chair
final_goal:chair
final_length:1.4571068286895752
[Timing] pathfinder to-subgoal elapsed=0.018s found=True
[Debug] sub-goal visible on screen: label=chair ratio=0.008192 bbox=34x295
[Debug] calling detection service: position_id=goal-visible-2-1-2 angle=270 prompt='chair .'
[Debug] received detection service result: position_id=goal-visible-2-1-2 angle=270
[Debug] semantic goal candidate rejected by RGB detector: label=chair ratio=0.068345 semantic_bbox=280x298
[Debug] calling detection service: position_id=goal-visible-2-1-3 angle=270 prompt='chair .'
[Debug] received detection service result: position_id=goal-visible-2-1-3 angle=270
[Debug] semantic goal candidate rejected by RGB detector: label=chair ratio=0.089175 semantic_bbox=327x336
[Debug] calling detection service: position_id=goal-visible-2-1-4 angle=270 prompt='chair .'
[Debug] received detection service result: position_id=goal-visible-2-1-4 angle=270
[Debug] semantic goal candidate rejected by RGB detector: label=chair ratio=0.098937 semantic_bbox=395x317
[Debug] calling detection service: position_id=goal-visible-2-1-5 angle=270 prompt='chair .'
[Debug] received detection service result: position_id=goal-visible-2-1-5 angle=270
[Debug] semantic goal candidate rejected by RGB detector: label=chair ratio=0.106439 semantic_bbox=495x293
[Debug] calling detection service: position_id=goal-visible-2-1-6 angle=225 prompt='chair .'
[Debug] received detection service result: position_id=goal-visible-2-1-6 angle=225
[Debug] semantic goal candidate rejected by RGB detector: label=chair ratio=0.114800 semantic_bbox=574x277
[Debug] calling detection service: position_id=goal-visible-2-1-7 angle=225 prompt='chair .'
[Debug] received detection service result: position_id=goal-visible-2-1-7 angle=225
[Debug] semantic goal candidate rejected by RGB detector: label=chair ratio=0.091485 semantic_bbox=599x242
[Debug] calling detection service: position_id=goal-visible-2-1-8 angle=225 prompt='chair .'
[Debug] received detection service result: position_id=goal-visible-2-1-8 angle=225
[Debug] semantic goal candidate rejected by RGB detector: label=chair ratio=0.076547 semantic_bbox=569x224
[Debug] calling detection service: position_id=goal-visible-2-1-9 angle=225 prompt='chair .'
[Debug] received detection service result: position_id=goal-visible-2-1-9 angle=225
[Debug] semantic goal candidate rejected by RGB detector: label=chair ratio=0.040999 semantic_bbox=424x170
[Debug] calling detection service: position_id=goal-visible-2-1-10 angle=225 prompt='chair .'
[Debug] received detection service result: position_id=goal-visible-2-1-10 angle=225
[Debug] semantic goal candidate rejected by RGB detector: label=chair ratio=0.027332 semantic_bbox=363x141
[Debug] observation rotation: angle=0 pause=0.25s
[Debug] observation rotation: angle=90 pause=0.25s
[Debug] observation rotation: angle=180 pause=0.25s
[Debug] observation rotation: angle=270 pause=0.25s
[Debug] calling detection service: position_id=big+2+2 angle=0 prompt='chair . cup . frame . statue .'
[Debug] received detection service result: position_id=big+2+2 angle=0
[Debug] calling detection service: position_id=big+2+2 angle=90 prompt='chair . box . pillow . bed .'
[Debug] received detection service result: position_id=big+2+2 angle=90
[Debug] calling detection service: position_id=big+2+2 angle=180 prompt='chair . picture . bed . nightstand .'
[Debug] received detection service result: position_id=big+2+2 angle=180
[Debug] calling detection service: position_id=big+2+2 angle=270 prompt='chair . lamp . bed . window .'
[Debug] received detection service result: position_id=big+2+2 angle=270
Setting `pad_token_id` to `eos_token_id`:151645 for open-end generation.
Setting `pad_token_id` to `eos_token_id`:151645 for open-end generation.
Setting `pad_token_id` to `eos_token_id`:151645 for open-end generation.
Setting `pad_token_id` to `eos_token_id`:151645 for open-end generation.
[Debug] box_info_list_sum: [[{'label': 'cup', 'box': [494, 876, 542, 948]}, {'label': 'statue', 'box': [604, 810, 682, 977]}, {'label': 'frame', 'box': [0, 354, 113, 729]}], [{'label': 'pillow', 'box': [685, 651, 768, 689]}, {'label': 'box', 'box': [762, 669, 881, 740]}, {'label': 'bed', 'box': [448, 638, 1023, 1023]}], [{'label': 'bed', 'box': [0, 683, 190, 1023]}, {'label': 'picture', 'box': [1, 327, 158, 441]}, {'label': 'nightstand', 'box': [427, 713, 668, 1023]}], [{'label': 'window', 'box': [844, 354, 1023, 727]}, {'label': 'lamp', 'box': [444, 410, 590, 859]}]]
mug
statue
window
[Debug] max_similar_objs_list: [[('mug', 0, 26, 0.8248000144958496, 'mug', array([2.2712598, 0.6266395, 3.4649565], dtype=float32))], [('statue', 0, 34, 1.0, 'statue', array([2.5561695, 0.7539005, 3.3688228], dtype=float32))], [('window', 0, 57, 0.6653570532798767, 'window', array([0.7771386, 1.4992062, 3.549    ], dtype=float32))]]
[Debug] empty_position: []
 {
    "Place": 0,
    "Angle": 0,
    "Objects": [
        "cylindrical trash can",
        "doorway"
    ]
}{
    "Place": 0,
    "Angle": 270,
    "Objects": [
        "doorway",
        "mirror"
    ]
} {
    "Place": 1,
    "Angle": 0,
    "Objects": [
        "trash can",
        "doorway"
    ]
}{
    "Place": 1,
    "Angle": 180,
    "Objects": [
        "box",
        "nightstand",
        "painting"
    ]
} {
    "Place": 2,
    "Angle": 0,
    "Objects": [
        "statue",
        "mug",
        "wall",
        "window"
    ]
}{
    "Place": 2,
    "Angle": 90,
    "Objects": [
        "book"
    ]
}{
    "Place": 2,
    "Angle": 180,
    "Objects": [
        "window"
    ]
}{
    "Place": 2,
    "Angle": 270,
    "Objects": [
        "bed",
        "floor"
    ]
}
[Debug] resolver candidates place=0: exact=1 relaxed_or_synthesized=2
[Debug] resolver candidates place=1: exact=3 relaxed_or_synthesized=2
[Debug] allowed planner objects: ['window', 'mug', 'statue']
[Debug] allowed planner objects by place: {0: [], 1: [], 2: ['window', 'statue', 'mug']}
The above is a description of different places in different angles in the environment.Your can get to any place described in the json data. Your goal is to find the chair. Based on the above json data, please choose one specific object to travel to as your target. If your goal is already in the description, please choose it as the target. You must choose an object only from this allowed list: window, mug, statue. Do not output any object name that is not in the allowed list. Valid choosable objects by place are: Place 2: window, statue, mug. The Objects field must contain exactly one object from the chosen place list.Note that you can travel to door or door frame to other spaces if there are no clear evidence to choose the target.  Return exactly one JSON object by referring to the following template.
            {"Place": x, "Angle": x, "Objects": ["xxxx"] }
            If your goal is already in the description, please choose it as the target. You should not output any explanation, markdown, prose, examples, or extra text before or after the JSON. Note that your should choose only one object in one angle of one place in the json data as the target.
{"Place": 2, "Angle": 0, "Objects": ["window"]}
[Timing] planning mode=kv elapsed=1.173s
{"Place": 2, "Angle": 0, "Objects": ["window"]}
[Debug] planner selected: place=2, angle=0, objects=['window']
last_key:['Place 0', 'Place 1']
[Debug] allowed_targets_by_place[2] candidates: [('window', 0, 57, 0.6653570532798767, 'window', array([0.7771386, 1.4992062, 3.549    ], dtype=float32)), ('statue', 0, 34, 1.0, 'statue', array([2.5561695, 0.7539005, 3.3688228], dtype=float32)), ('mug', 0, 26, 0.8248000144958496, 'mug', array([2.2712598, 0.6266395, 3.4649565], dtype=float32))]
[Debug] resolved target tuple: ('window', 0, 57, 0.6653570532798767, 'window', array([0.7771386, 1.4992062, 3.549    ], dtype=float32)) from representative place 2
[Debug] resolved source place: 2 for representative place 2
2
final_goal:chair,sub_goal:window,place:2,trajectory: laptop in Place 0.chair in Place 1.window in Place 2.
sub_target_id:57
target:window
final_goal:chair
final_length:3.5177669525146484
[Timing] pathfinder to-subgoal elapsed=0.003s found=True
[Debug] sub-goal visible on screen: label=window ratio=0.033675 bbox=140x291
[Debug] calling detection service: position_id=goal-visible-3-2-2 angle=315 prompt='chair .'
[Debug] received detection service result: position_id=goal-visible-3-2-2 angle=315
[Debug] final goal visible on screen: label=chair ratio=0.018196 semantic_bbox=150x155 rgb_bbox=150x155
[Debug] saved final goal bbox: tmp/navigation_images/final_goal_visible_step_2.png
[Debug] final goal detected; approaching GT coordinates before stopping
[Timing] pathfinder final-approach elapsed=0.003s found=True
[Debug] close enough to final goal coordinates: label=chair distance=0.995
[Timing] episode elapsed=65.679s sr=1 spl=0.7417 final_length=3.8713
[Timing] val_auto episode total elapsed=65.679s goal=chair sr=1 spl=0.7417 completed_eval_episodes=4/10
[Debug] episode success: final_goal=chair sr=1 spl=0.7417 final_length=3.8713
[Debug] selectable goal names count=25 sample=['apple', 'bed', 'bottle', 'bowl', 'bread', 'cellphone', 'countertop', 'doorway', 'floor', 'microwave']
[Debug] requested EFFICIENTNAV_TARGET_OBJECT='chair' not found in current house; skipping house
[Debug] skipping house because no target object could be selected
[Debug] selectable goal names count=36 sample=['apple', 'bottle', 'bowl', 'butterknife', 'candle', 'cart', 'countertop', 'creditcard', 'desklamp', 'diningtable']
[Debug] requested EFFICIENTNAV_TARGET_OBJECT='chair' not found in current house; skipping house
[Debug] skipping house because no target object could be selected
[Debug] selectable goal names count=35 sample=['basketball', 'bed', 'bowl', 'cellphone', 'chair', 'creditcard', 'diningtable', 'dishsponge', 'doorway', 'drawer']
[Debug] using requested target object=chair
[Debug] reachable_positions=723 candidate_objects_for_chair=4
[Debug] starting independent environment episode=1/1
[Debug] experiment setup: seed=7 goal_instance_index=random start_index=random start_rotation=270.0 start_point=(2.750, 0.901, 5.750)
[Timing] pathfinder goal-distance elapsed=0.988s found=True
real_distance:4.078427124746191
[Debug] observation rotation: angle=0 pause=0.25s
[Debug] observation rotation: angle=90 pause=0.25s
[Debug] observation rotation: angle=180 pause=0.25s
[Debug] observation rotation: angle=270 pause=0.25s
[Debug] calling detection service: position_id=big+0+0 angle=0 prompt='chair . doorway . marble tiles . wall .'
[Debug] received detection service result: position_id=big+0+0 angle=0
[Debug] calling detection service: position_id=big+0+0 angle=90 prompt='chair . desk . tv . laptop .'
[Debug] received detection service result: position_id=big+0+0 angle=90
[Debug] calling detection service: position_id=big+0+0 angle=180 prompt='chair . toilet . broom .'
[Debug] received detection service result: position_id=big+0+0 angle=180
[Debug] calling detection service: position_id=big+0+0 angle=270 prompt='chair . sink . trash bin . wall .'
[Debug] received detection service result: position_id=big+0+0 angle=270
[Debug] box_info_list_sum: [[{'label': 'marble tiles', 'box': [1, 824, 696, 1022]}, {'label': 'wall', 'box': [1, 169, 626, 826]}], [{'label': 'laptop', 'box': [529, 581, 581, 621]}, {'label': 'chair', 'box': [582, 621, 693, 793]}, {'label': 'tv', 'box': [684, 511, 742, 579]}, {'label': 'desk', 'box': [205, 595, 742, 758]}], [{'label': 'toilet', 'box': [709, 554, 791, 678]}, {'label': 'broom', 'box': [544, 605, 555, 656]}], [{'label': 'trash bin', 'box': [493, 708, 577, 846]}, {'label': 'sink', 'box': [855, 620, 1023, 694]}, {'label': 'wall', 'box': [1, 187, 1022, 806]}]]
floor
wall
wall
[Debug] preserving goal candidate: label=chair angle=90 obj_id=8 visible_ratio=0.005986 bbox=110x171 box_match=0.3288 detection_bbox=111x172
[Debug] preserving goal candidate: label=chair angle=90 obj_id=10 visible_ratio=0.001443 bbox=61x127 box_match=0.0195 detection_bbox=111x172
chair
tv
floor
toilet
wall
garbagecan
sink
wall
Setting `pad_token_id` to `eos_token_id`:151645 for open-end generation.
Setting `pad_token_id` to `eos_token_id`:151645 for open-end generation.
Setting `pad_token_id` to `eos_token_id`:151645 for open-end generation.
Setting `pad_token_id` to `eos_token_id`:151645 for open-end generation.
[Debug] max_similar_objs_list: [[('floor', 0, 22, 0.5696637630462646, 'floor', array([1.663, 0.   , 4.157], dtype=float32))], [('wall', 0, 55, 1.0, 'wall', array([1.663    , 1.6391135, 4.157    ], dtype=float32))], [('wall', 90, 56, 0.5785917639732361, 'wall', array([4.157001 , 1.6391135, 4.157    ], dtype=float32))], [('chair', 90, 8, 1.0, 'chair', array([5.8587475, 0.4709327, 5.0080194], dtype=float32))], [('tv', 90, 48, 1.0, 'tv', array([8.27535 , 1.212923, 3.333195], dtype=float32))], [('floor', 90, 23, 0.6499540209770203, 'floor', array([4.157, 0.   , 4.157], dtype=float32))], [('toilet', 180, 50, 1.0, 'toilet', array([0.28974205, 0.51895654, 0.5114336 ], dtype=float32))], [('wall', 180, 66, 0.5597692131996155, 'wall', array([1.663    , 1.6391135, 0.       ], dtype=float32))], [('garbagecan', 270, 25, 0.6123936772346497, 'garbagecan', array([0.21869408, 0.26314768, 5.85911   ], dtype=float32))], [('sink', 270, 44, 1.0, 'sink', array([0.3461714, 0.4927994, 7.871542 ], dtype=float32))], [('wall', 270, 60, 1.0, 'wall', array([0.       , 1.6391134, 4.1569996], dtype=float32))]]
[Debug] empty_position: []
 {
    "Place": 0,
    "Angle": 0,
    "Objects": [
        "wall",
        "floor",
        "doorway"
    ]
}{
    "Place": 0,
    "Angle": 90,
    "Objects": [
        "floor",
        "tv",
        "wall",
        "chair"
    ]
}{
    "Place": 0,
    "Angle": 180,
    "Objects": [
        "wall",
        "toilet"
    ]
}{
    "Place": 0,
    "Angle": 270,
    "Objects": [
        "garbagecan",
        "sink",
        "wall"
    ]
}
[Debug] allowed planner objects: ['chair', 'tv', 'toilet', 'sink', 'garbagecan']
[Debug] allowed planner objects by place: {0: ['chair', 'tv', 'toilet', 'sink', 'garbagecan']}
[Debug] bypassing planner because goal is already observed: {"Place": 0, "Angle": 90, "Objects": ["chair"]}
{"Place": 0, "Angle": 90, "Objects": ["chair"]}
[Debug] planner selected: place=0, angle=90, objects=['chair']
last_key:[]
[Debug] allowed_targets_by_place[0] candidates: [('chair', 90, 8, 1.0, 'chair', array([5.8587475, 0.4709327, 5.0080194], dtype=float32)), ('tv', 90, 48, 1.0, 'tv', array([8.27535 , 1.212923, 3.333195], dtype=float32)), ('toilet', 180, 50, 1.0, 'toilet', array([0.28974205, 0.51895654, 0.5114336 ], dtype=float32)), ('sink', 270, 44, 1.0, 'sink', array([0.3461714, 0.4927994, 7.871542 ], dtype=float32)), ('garbagecan', 270, 25, 0.6123936772346497, 'garbagecan', array([0.21869408, 0.26314768, 5.85911   ], dtype=float32))]
[Debug] resolved target tuple: ('chair', 90, 8, 1.0, 'chair', array([5.8587475, 0.4709327, 5.0080194], dtype=float32)) from representative place 0
[Debug] resolved source place: 0 for representative place 0
0
final_goal:chair,sub_goal:chair,place:0,trajectory: chair in Place 0.
sub_target_id:8
target:chair
final_goal:chair
final_length:0
[Timing] pathfinder to-subgoal elapsed=0.920s found=True
[Debug] sub-goal visible on screen: label=chair ratio=0.010779 bbox=160x236
[Debug] calling detection service: position_id=goal-visible-1-0-1 angle=134 prompt='chair .'
[Debug] received detection service result: position_id=goal-visible-1-0-1 angle=134
[Debug] final goal visible on screen: label=chair ratio=0.010779 semantic_bbox=160x236 rgb_bbox=170x238
[Debug] saved final goal bbox: tmp/navigation_images/final_goal_visible_step_1.png
[Debug] final goal detected; approaching GT coordinates before stopping
[Timing] pathfinder final-approach elapsed=0.869s found=True
[Debug] close enough to final goal coordinates: label=chair distance=1.287
[Timing] episode elapsed=19.472s sr=1 spl=1.0000 final_length=1.8314
[Timing] val_auto episode total elapsed=19.472s goal=chair sr=1 spl=1.0000 completed_eval_episodes=5/10
[Debug] episode success: final_goal=chair sr=1 spl=1.0000 final_length=1.8314
[Debug] selectable goal names count=28 sample=['cart', 'cellphone', 'chair', 'coffeemachine', 'countertop', 'creditcard', 'desklamp', 'diningtable', 'dogbed', 'doorway']
[Debug] using requested target object=chair
[Debug] reachable_positions=375 candidate_objects_for_chair=1
[Debug] starting independent environment episode=1/1
[Debug] experiment setup: seed=7 goal_instance_index=random start_index=random start_rotation=270.0 start_point=(2.500, 0.901, 0.750)
[Timing] pathfinder goal-distance elapsed=0.443s found=True
real_distance:7.571067811865478
[Debug] observation rotation: angle=0 pause=0.25s
[Debug] observation rotation: angle=90 pause=0.25s
[Debug] observation rotation: angle=180 pause=0.25s
[Debug] observation rotation: angle=270 pause=0.25s
[Debug] calling detection service: position_id=big+0+0 angle=0 prompt='chair . sofa . tv . lamp .'
[Debug] received detection service result: position_id=big+0+0 angle=0
[Debug] calling detection service: position_id=big+0+0 angle=90 prompt='chair . window . wall .'
[Debug] received detection service result: position_id=big+0+0 angle=90
[Debug] calling detection service: position_id=big+0+0 angle=180 prompt='chair . trees . window . sun .'
[Debug] received detection service result: position_id=big+0+0 angle=180
[Debug] calling detection service: position_id=big+0+0 angle=270 prompt='chair . doorway . light fixture . wall .'
[Debug] received detection service result: position_id=big+0+0 angle=270
[Debug] box_info_list_sum: [[{'label': 'sofa', 'box': [448, 576, 706, 681]}, {'label': 'tv', 'box': [273, 475, 437, 590]}, {'label': 'lamp', 'box': [183, 523, 270, 661]}], [], [{'label': 'window', 'box': [43, 277, 1022, 878]}], [{'label': 'doorway', 'box': [56, 203, 671, 1021]}, {'label': 'wall', 'box': [43, 1, 1004, 1021]}]]
sofa
tv
desklamp
window
doorway
wall
[Debug] max_similar_objs_list: [[('sofa', 0, 33, 1.0, 'sofa', array([3.1042576, 0.4549118, 5.9278355], dtype=float32))], [('tv', 0, 35, 1.0, 'tv', array([0.87649107, 1.3574086 , 6.090242  ], dtype=float32))], [('desklamp', 0, 7, 0.7352255582809448, 'desklamp', array([0.64783174, 1.0595851 , 4.088041  ], dtype=float32))], [('window', 180, 59, 1.0, 'window', array([2.4305038, 1.5      , 0.       ], dtype=float32))], [('doorway', 270, 10, 1.0, 'doorway', array([1.6039999, 1.0371888, 0.5069809], dtype=float32))], [('wall', 270, 39, 1.0, 'wall', array([0.8019998 , 1.6639733 , 0.80199987], dtype=float32))]]
[Debug] empty_position: []
 {
    "Place": 0,
    "Angle": 0,
    "Objects": [
        "tv",
        "sofa",
        "rack",
        "desklamp"
    ]
}{
    "Place": 0,
    "Angle": 90,
    "Objects": [
        "window",
        "wall"
    ]
}{
    "Place": 0,
    "Angle": 180,
    "Objects": [
        "sun",
        "tiles",
        "trees",
        "window"
    ]
}{
    "Place": 0,
    "Angle": 270,
    "Objects": [
        "light fixture",
        "wall",
        "doorway"
    ]
}
[Debug] allowed planner objects: ['doorway', 'window', 'sofa', 'tv', 'desklamp']
[Debug] allowed planner objects by place: {0: ['doorway', 'window', 'sofa', 'tv', 'desklamp']}
The above is a description of different places in different angles in the environment.Your can get to any place described in the json data. Your goal is to find the chair. Based on the above json data, please choose one specific object to travel to as your target. If your goal is already in the description, please choose it as the target. You must choose an object only from this allowed list: doorway, window, sofa, tv, desklamp. Do not output any object name that is not in the allowed list. Valid choosable objects by place are: Place 0: doorway, window, sofa, tv, desklamp. The Objects field must contain exactly one object from the chosen place list.Note that you can travel to door or door frame to other spaces if there are no clear evidence to choose the target.  Return exactly one JSON object by referring to the following template.
            {"Place": x, "Angle": x, "Objects": ["xxxx"] }
            If your goal is already in the description, please choose it as the target. You should not output any explanation, markdown, prose, examples, or extra text before or after the JSON. Note that your should choose only one object in one angle of one place in the json data as the target.
{"Place": 0, "Angle": 0, "Objects": ["tv"]}
[Timing] planning mode=kv elapsed=1.167s
Setting `pad_token_id` to `eos_token_id`:151645 for open-end generation.
Setting `pad_token_id` to `eos_token_id`:151645 for open-end generation.
Setting `pad_token_id` to `eos_token_id`:151645 for open-end generation.
Setting `pad_token_id` to `eos_token_id`:151645 for open-end generation.
Setting `pad_token_id` to `eos_token_id`:151645 for open-end generation.
Setting `pad_token_id` to `eos_token_id`:151645 for open-end generation.
Setting `pad_token_id` to `eos_token_id`:151645 for open-end generation.
Setting `pad_token_id` to `eos_token_id`:151645 for open-end generation.
{"Place": 0, "Angle": 0, "Objects": ["tv"]}
[Debug] planner selected: place=0, angle=0, objects=['tv']
last_key:[]
[Debug] allowed_targets_by_place[0] candidates: [('doorway', 270, 10, 1.0, 'doorway', array([1.6039999, 1.0371888, 0.5069809], dtype=float32)), ('window', 180, 59, 1.0, 'window', array([2.4305038, 1.5      , 0.       ], dtype=float32)), ('sofa', 0, 33, 1.0, 'sofa', array([3.1042576, 0.4549118, 5.9278355], dtype=float32)), ('tv', 0, 35, 1.0, 'tv', array([0.87649107, 1.3574086 , 6.090242  ], dtype=float32)), ('desklamp', 0, 7, 0.7352255582809448, 'desklamp', array([0.64783174, 1.0595851 , 4.088041  ], dtype=float32))]
[Debug] resolved target tuple: ('tv', 0, 35, 1.0, 'tv', array([0.87649107, 1.3574086 , 6.090242  ], dtype=float32)) from representative place 0
[Debug] resolved source place: 0 for representative place 0
0
final_goal:chair,sub_goal:tv,place:0,trajectory: tv in Place 0.
sub_target_id:35
target:tv
final_goal:chair
final_length:0
[Timing] pathfinder to-subgoal elapsed=0.428s found=True
[Debug] sub-goal visible on screen: label=tv ratio=0.026565 bbox=209x150
[Debug] observation rotation: angle=0 pause=0.25s
[Debug] observation rotation: angle=90 pause=0.25s
[Debug] observation rotation: angle=180 pause=0.25s
[Debug] observation rotation: angle=270 pause=0.25s
[Debug] calling detection service: position_id=big+1+1 angle=0 prompt='chair . landscape . tile .'
[Debug] received detection service result: position_id=big+1+1 angle=0
[Debug] calling detection service: position_id=big+1+1 angle=90 prompt='chair . desk . sofa . refrigerator .'
[Debug] received detection service result: position_id=big+1+1 angle=90
[Debug] calling detection service: position_id=big+1+1 angle=180 prompt='chair . table . lamp .'
[Debug] received detection service result: position_id=big+1+1 angle=180
[Debug] calling detection service: position_id=big+1+1 angle=270 prompt='chair . window . wall .'
[Debug] received detection service result: position_id=big+1+1 angle=270
[Debug] box_info_list_sum: [[{'label': 'tile', 'box': [0, 0, 1023, 157]}, {'label': 'landscape', 'box': [0, 492, 1024, 981]}], [{'label': 'sofa', 'box': [118, 625, 535, 1022]}, {'label': 'refrigerator', 'box': [406, 478, 487, 648]}, {'label': 'desk', 'box': [571, 556, 838, 644]}], [{'label': 'lamp', 'box': [549, 539, 738, 880]}, {'label': 'table', 'box': [502, 635, 976, 1023]}, {'label': 'chair', 'box': [0, 562, 131, 855]}], [{'label': 'window', 'box': [800, 154, 1023, 1022]}, {'label': 'wall', 'box': [1, 1, 1016, 1021]}]]
wall
fridge
countertop
floor
[Debug] dropped verified goal candidate: label=chair angle=180 box=[0, 562, 131, 855] overlaps=wall#45:0.335, floor#11:0.319, cart#1:0.314, wall#42:0.032, floor#13:0.000
cart
wall
[Debug] max_similar_objs_list: [[('wall', 0, 44, 0.6691679954528809, 'wall', array([2.4065   , 1.6639732, 3.2085   ], dtype=float32))], [('fridge', 90, 14, 0.9570007920265198, 'fridge', array([5.7898664 , 0.93250525, 6.0596185 ], dtype=float32))], [('countertop', 90, 5, 0.6678004264831543, 'countertop', array([7.5366735, 0.4709986, 3.154764 ], dtype=float32))], [('floor', 180, 11, 0.6794582009315491, 'floor', array([2.4065, 0.    , 3.2085], dtype=float32))], [('cart', 180, 1, 0.6911919116973877, 'cart', array([3.5062046, 0.6413502, 2.8151784], dtype=float32))], [('wall', 270, 43, 1.0, 'wall', array([0.       , 1.6639731, 3.2085   ], dtype=float32))]]
[Debug] empty_position: []
 {
    "Place": 0,
    "Angle": 90,
    "Objects": [
        "window",
        "wall"
    ]
}{
    "Place": 0,
    "Angle": 180,
    "Objects": [
        "sun",
        "tiles",
        "trees",
        "window"
    ]
}{
    "Place": 0,
    "Angle": 270,
    "Objects": [
        "light fixture",
        "wall",
        "doorway"
    ]
} {
    "Place": 1,
    "Angle": 90,
    "Objects": [
        "countertop",
        "potted plant",
        "fridge"
    ]
}
[Debug] resolver candidates place=0: exact=2 relaxed_or_synthesized=2
[Debug] allowed planner objects: ['fridge', 'countertop']
[Debug] allowed planner objects by place: {0: [], 1: ['fridge', 'countertop']}
The above is a description of different places in different angles in the environment.Your can get to any place described in the json data. Your goal is to find the chair. Based on the above json data, please choose one specific object to travel to as your target. If your goal is already in the description, please choose it as the target. You must choose an object only from this allowed list: fridge, countertop. Do not output any object name that is not in the allowed list. Valid choosable objects by place are: Place 1: fridge, countertop. The Objects field must contain exactly one object from the chosen place list.Note that you can travel to door or door frame to other spaces if there are no clear evidence to choose the target.  Return exactly one JSON object by referring to the following template.
            {"Place": x, "Angle": x, "Objects": ["xxxx"] }
            If your goal is already in the description, please choose it as the target. You should not output any explanation, markdown, prose, examples, or extra text before or after the JSON. Note that your should choose only one object in one angle of one place in the json data as the target.
{"Place": 1, "Angle": 90, "Objects": ["fridge"]}
[Timing] planning mode=kv elapsed=1.341s
{"Place": 1, "Angle": 90, "Objects": ["fridge"]}
[Debug] planner selected: place=1, angle=90, objects=['fridge']
last_key:['Place 0']
[Debug] allowed_targets_by_place[1] candidates: [('fridge', 90, 14, 0.9570007920265198, 'fridge', array([5.7898664 , 0.93250525, 6.0596185 ], dtype=float32)), ('countertop', 90, 5, 0.6678004264831543, 'countertop', array([7.5366735, 0.4709986, 3.154764 ], dtype=float32))]
[Debug] resolved target tuple: ('fridge', 90, 14, 0.9570007920265198, 'fridge', array([5.7898664 , 0.93250525, 6.0596185 ], dtype=float32)) from representative place 1
[Debug] resolved source place: 1 for representative place 1
1
final_goal:chair,sub_goal:fridge,place:1,trajectory: tv in Place 0.fridge in Place 1.
sub_target_id:14
target:fridge
final_goal:chair
final_length:5.371319770812988
[Timing] pathfinder to-subgoal elapsed=0.401s found=True
[Debug] sub-goal visible on screen: label=fridge ratio=0.049212 bbox=148x397
[Debug] calling detection service: position_id=goal-visible-2-1-34 angle=45 prompt='chair .'
[Debug] received detection service result: position_id=goal-visible-2-1-34 angle=45
[Debug] final goal visible on screen: label=chair ratio=0.013181 semantic_bbox=155x282 rgb_bbox=157x283
[Debug] saved final goal bbox: tmp/navigation_images/final_goal_visible_step_34.png
[Debug] final goal detected; approaching GT coordinates before stopping
[Timing] pathfinder final-approach elapsed=0.138s found=True
[Debug] close enough to final goal coordinates: label=chair distance=1.415
[Timing] episode elapsed=67.005s sr=1 spl=0.5778 final_length=13.1037
[Timing] val_auto episode total elapsed=67.006s goal=chair sr=1 spl=0.5778 completed_eval_episodes=6/10
[Debug] episode success: final_goal=chair sr=1 spl=0.5778 final_length=13.1037
[Debug] selectable goal names count=16 sample=['book', 'candle', 'cellphone', 'diningtable', 'doorway', 'floor', 'floorlamp', 'painting', 'pillow', 'plant']
[Debug] requested EFFICIENTNAV_TARGET_OBJECT='chair' not found in current house; skipping house
[Debug] skipping house because no target object could be selected
[Debug] selectable goal names count=21 sample=['baseballbat', 'basketball', 'bed', 'book', 'box', 'cellphone', 'chair', 'desklamp', 'diningtable', 'doorway']
[Debug] using requested target object=chair
[Debug] reachable_positions=260 candidate_objects_for_chair=4
[Debug] starting independent environment episode=1/1
[Debug] experiment setup: seed=7 goal_instance_index=random start_index=random start_rotation=270.0 start_point=(2.000, 0.901, 2.750)
[Timing] pathfinder goal-distance elapsed=0.202s found=True
real_distance:6.535533905932739
[Debug] observation rotation: angle=0 pause=0.25s
[Debug] observation rotation: angle=90 pause=0.25s
[Debug] observation rotation: angle=180 pause=0.25s
[Debug] observation rotation: angle=270 pause=0.25s
Setting `pad_token_id` to `eos_token_id`:151645 for open-end generation.
Setting `pad_token_id` to `eos_token_id`:151645 for open-end generation.
Setting `pad_token_id` to `eos_token_id`:151645 for open-end generation.
Setting `pad_token_id` to `eos_token_id`:151645 for open-end generation.
[Debug] calling detection service: position_id=big+0+0 angle=0 prompt='chair . plant .'
[Debug] received detection service result: position_id=big+0+0 angle=0
[Debug] calling detection service: position_id=big+0+0 angle=90 prompt='chair . dining table . lamp . basketball .'
[Debug] received detection service result: position_id=big+0+0 angle=90
[Debug] calling detection service: position_id=big+0+0 angle=180 prompt='chair . pillow . bed . window .'
[Debug] received detection service result: position_id=big+0+0 angle=180
[Debug] calling detection service: position_id=big+0+0 angle=270 prompt='chair . pillow . bed . picture frame .'
[Debug] received detection service result: position_id=big+0+0 angle=270
[Debug] box_info_list_sum: [[], [{'label': 'lamp', 'box': [466, 546, 495, 622]}, {'label': 'basketball', 'box': [946, 904, 1023, 998]}, {'label': 'chair', 'box': [447, 632, 551, 862]}], [{'label': 'bed', 'box': [571, 651, 1023, 1023]}, {'label': 'window', 'box': [246, 462, 493, 590]}], [{'label': 'picture frame', 'box': [0, 338, 93, 485]}, {'label': 'bed', 'box': [0, 751, 387, 1023]}, {'label': 'pillow', 'box': [0, 732, 151, 826]}]]
wall
basketball
[Debug] preserving goal candidate: label=chair angle=90 obj_id=11 visible_ratio=0.004001 bbox=94x191 box_match=0.0170 detection_bbox=104x230
[Debug] preserving goal candidate: label=chair angle=90 obj_id=13 visible_ratio=0.007892 bbox=102x231 box_match=0.3457 detection_bbox=104x230
chair
bed
window
painting
pillow
[Debug] max_similar_objs_list: [[('wall', 90, 41, 0.579981803894043, 'wall', array([3.8519986, 1.6345184, 1.926    ], dtype=float32))], [('basketball', 90, 2, 1.0, 'basketball', array([3.700366  , 0.11968713, 1.1546965 ], dtype=float32))], [('chair', 90, 13, 1.0, 'chair', array([4.538026  , 0.52165073, 2.8268557 ], dtype=float32))], [('bed', 180, 3, 1.0, 'bed', array([0.8554251 , 0.41503024, 1.1446434 ], dtype=float32))], [('window', 180, 47, 1.0, 'window', array([2.7296376, 1.4987712, 0.       ], dtype=float32))], [('painting', 270, 33, 0.5644656419754028, 'painting', array([0.02087049, 1.9602091 , 0.686202  ], dtype=float32))], [('pillow', 270, 35, 1.0, 'pillow', array([0.46988055, 0.7913363 , 1.400593  ], dtype=float32))]]
[Debug] empty_position: []
 {
    "Place": 0,
    "Angle": 0,
    "Objects": [
        "plant"
    ]
}{
    "Place": 0,
    "Angle": 90,
    "Objects": [
        "dining table",
        "wall",
        "basketball",
        "chair"
    ]
}{
    "Place": 0,
    "Angle": 180,
    "Objects": [
        "picture frame",
        "window",
        "bed",
        "pillow"
    ]
}{
    "Place": 0,
    "Angle": 270,
    "Objects": [
        "painting",
        "pillow"
    ]
}
[Debug] allowed planner objects: ['chair', 'window', 'pillow', 'bed', 'basketball', 'painting']
[Debug] allowed planner objects by place: {0: ['chair', 'window', 'pillow', 'bed', 'basketball', 'painting']}
[Debug] bypassing planner because goal is already observed: {"Place": 0, "Angle": 90, "Objects": ["chair"]}
{"Place": 0, "Angle": 90, "Objects": ["chair"]}
[Debug] planner selected: place=0, angle=90, objects=['chair']
last_key:[]
[Debug] allowed_targets_by_place[0] candidates: [('chair', 90, 13, 1.0, 'chair', array([4.538026  , 0.52165073, 2.8268557 ], dtype=float32)), ('window', 180, 47, 1.0, 'window', array([2.7296376, 1.4987712, 0.       ], dtype=float32)), ('pillow', 270, 35, 1.0, 'pillow', array([0.46988055, 0.7913363 , 1.400593  ], dtype=float32)), ('bed', 180, 3, 1.0, 'bed', array([0.8554251 , 0.41503024, 1.1446434 ], dtype=float32)), ('basketball', 90, 2, 1.0, 'basketball', array([3.700366  , 0.11968713, 1.1546965 ], dtype=float32)), ('painting', 270, 33, 0.5644656419754028, 'painting', array([0.02087049, 1.9602091 , 0.686202  ], dtype=float32))]
[Debug] resolved target tuple: ('chair', 90, 13, 1.0, 'chair', array([4.538026  , 0.52165073, 2.8268557 ], dtype=float32)) from representative place 0
[Debug] resolved source place: 0 for representative place 0
0
final_goal:chair,sub_goal:chair,place:0,trajectory: chair in Place 0.
sub_target_id:13
target:chair
final_goal:chair
final_length:0
[Timing] pathfinder to-subgoal elapsed=0.123s found=True
[Debug] sub-goal visible on screen: label=chair ratio=0.020144 bbox=176x334
[Debug] calling detection service: position_id=goal-visible-1-0-6 angle=90 prompt='chair .'
[Debug] received detection service result: position_id=goal-visible-1-0-6 angle=90
[Debug] final goal visible on screen: label=chair ratio=0.020144 semantic_bbox=176x334 rgb_bbox=179x333
[Debug] saved final goal bbox: tmp/navigation_images/final_goal_visible_step_6.png
[Debug] final goal detected; approaching GT coordinates before stopping
[Timing] pathfinder final-approach elapsed=0.110s found=True
[Debug] close enough to final goal coordinates: label=chair distance=1.461
[Timing] episode elapsed=15.374s sr=1 spl=1.0000 final_length=1.5607
[Timing] val_auto episode total elapsed=15.375s goal=chair sr=1 spl=1.0000 completed_eval_episodes=7/10
[Debug] episode success: final_goal=chair sr=1 spl=1.0000 final_length=1.5607
[Debug] selectable goal names count=40 sample=['apple', 'baseballbat', 'bed', 'book', 'box', 'cd', 'chair', 'countertop', 'creditcard', 'desk']
[Debug] using requested target object=chair
[Debug] reachable_positions=473 candidate_objects_for_chair=1
[Debug] starting independent environment episode=1/1
[Debug] experiment setup: seed=7 goal_instance_index=random start_index=random start_rotation=270.0 start_point=(4.500, 0.901, 2.250)
[Timing] pathfinder goal-distance elapsed=0.617s found=True
real_distance:7.285533905932739
[Debug] observation rotation: angle=0 pause=0.25s
[Debug] observation rotation: angle=90 pause=0.25s
[Debug] observation rotation: angle=180 pause=0.25s
[Debug] observation rotation: angle=270 pause=0.25s
[Debug] calling detection service: position_id=big+0+0 angle=0 prompt='chair . doorway . tv . shelf .'
[Debug] received detection service result: position_id=big+0+0 angle=0
[Debug] calling detection service: position_id=big+0+0 angle=90 prompt='chair . window . building .'
[Debug] received detection service result: position_id=big+0+0 angle=90
[Debug] calling detection service: position_id=big+0+0 angle=180 prompt='chair . wooden surface .'
[Debug] received detection service result: position_id=big+0+0 angle=180
[Debug] calling detection service: position_id=big+0+0 angle=270 prompt='chair . window . picture frame .'
[Debug] received detection service result: position_id=big+0+0 angle=270
[Debug] box_info_list_sum: [[{'label': 'tv', 'box': [558, 469, 660, 525]}, {'label': 'chair', 'box': [451, 567, 498, 636]}, {'label': 'shelf', 'box': [778, 521, 885, 728]}], [{'label': 'window', 'box': [0, 227, 591, 856]}], [{'label': 'wooden surface', 'box': [0, 0, 1024, 1024]}], [{'label': 'picture frame', 'box': [449, 404, 883, 646]}, {'label': 'window', 'box': [449, 404, 690, 646]}]]
tv
[Debug] preserving goal candidate: label=chair angle=0 obj_id=8 visible_ratio=0.000939 bbox=47x69 box_match=0.3037 detection_bbox=47x69
chair
wall
window
doorway
window
[Debug] max_similar_objs_list: [[('tv', 0, 59, 1.0, 'tv', array([5.816752 , 1.7950464, 9.170624 ], dtype=float32))], [('chair', 0, 8, 1.0, 'chair', array([4.0198054, 0.4184259, 8.974543 ], dtype=float32))], [('wall', 0, 69, 0.6527454257011414, 'wall', array([3.704    , 1.605806 , 4.6299996], dtype=float32))], [('window', 90, 90, 1.0, 'window', array([5.5560007, 1.499283 , 2.7237453], dtype=float32))], [('doorway', 180, 14, 0.4618483781814575, 'doorway', array([4.1291914, 1.0651137, 1.852    ], dtype=float32))], [('window', 270, 91, 0.5928632020950317, 'window', array([1.8519999, 1.497977 , 2.5457134], dtype=float32))]]
[Debug] empty_position: [3]
 {
    "Place": 0,
    "Angle": 0,
    "Objects": [
        "tv",
        "doorway",
        "chair",
        "wall"
    ]
}{
    "Place": 0,
    "Angle": 90,
    "Objects": [
        "window",
        "building"
    ]
}{
    "Place": 0,
    "Angle": 180,
    "Objects": [
        "shadow",
        "doorway"
    ]
}{
    "Place": 0,
    "Angle": 270,
    "Objects": [
        "window",
        "window"
    ]
}
Setting `pad_token_id` to `eos_token_id`:151645 for open-end generation.
Setting `pad_token_id` to `eos_token_id`:151645 for open-end generation.
Setting `pad_token_id` to `eos_token_id`:151645 for open-end generation.
Setting `pad_token_id` to `eos_token_id`:151645 for open-end generation.
Setting `pad_token_id` to `eos_token_id`:151645 for open-end generation.
Setting `pad_token_id` to `eos_token_id`:151645 for open-end generation.
Setting `pad_token_id` to `eos_token_id`:151645 for open-end generation.
Setting `pad_token_id` to `eos_token_id`:151645 for open-end generation.
[Debug] allowed planner objects: ['chair', 'doorway', 'window', 'tv']
[Debug] allowed planner objects by place: {0: ['chair', 'window', 'tv', 'doorway']}
[Debug] bypassing planner because goal is already observed: {"Place": 0, "Angle": 0, "Objects": ["chair"]}
{"Place": 0, "Angle": 0, "Objects": ["chair"]}
[Debug] planner selected: place=0, angle=0, objects=['chair']
last_key:[]
[Debug] allowed_targets_by_place[0] candidates: [('chair', 0, 8, 1.0, 'chair', array([4.0198054, 0.4184259, 8.974543 ], dtype=float32)), ('window', 90, 90, 1.0, 'window', array([5.5560007, 1.499283 , 2.7237453], dtype=float32)), ('window', 270, 91, 0.5928632020950317, 'window', array([1.8519999, 1.497977 , 2.5457134], dtype=float32)), ('tv', 0, 59, 1.0, 'tv', array([5.816752 , 1.7950464, 9.170624 ], dtype=float32)), ('doorway', 180, 14, 0.4618483781814575, 'doorway', array([4.1291914, 1.0651137, 1.852    ], dtype=float32))]
[Debug] resolved target tuple: ('chair', 0, 8, 1.0, 'chair', array([4.0198054, 0.4184259, 8.974543 ], dtype=float32)) from representative place 0
[Debug] resolved source place: 0 for representative place 0
0
final_goal:chair,sub_goal:chair,place:0,trajectory: chair in Place 0.
sub_target_id:8
target:chair
final_goal:chair
final_length:0
[Timing] pathfinder to-subgoal elapsed=0.604s found=True
[Debug] sub-goal visible on screen: label=chair ratio=0.002378 bbox=86x105
[Debug] calling detection service: position_id=goal-visible-1-0-25 angle=0 prompt='chair .'
[Debug] received detection service result: position_id=goal-visible-1-0-25 angle=0
[Debug] final goal visible on screen: label=chair ratio=0.012161 semantic_bbox=138x220 rgb_bbox=138x221
[Debug] saved final goal bbox: tmp/navigation_images/final_goal_visible_step_25.png
[Debug] final goal detected; approaching GT coordinates before stopping
[Timing] pathfinder final-approach elapsed=0.300s found=True
[Debug] close enough to final goal coordinates: label=chair distance=1.401
[Timing] episode elapsed=24.932s sr=1 spl=1.0000 final_length=6.0784
[Timing] val_auto episode total elapsed=24.933s goal=chair sr=1 spl=1.0000 completed_eval_episodes=8/10
[Debug] episode success: final_goal=chair sr=1 spl=1.0000 final_length=6.0784
[Debug] selectable goal names count=43 sample=['baseballbat', 'bed', 'book', 'boots', 'bowl', 'box', 'chair', 'countertop', 'desk', 'desklamp']
[Debug] using requested target object=chair
[Debug] reachable_positions=347 candidate_objects_for_chair=1
[Debug] starting independent environment episode=1/1
[Debug] experiment setup: seed=7 goal_instance_index=random start_index=random start_rotation=270.0 start_point=(1.250, 0.901, 2.000)
[Timing] pathfinder goal-distance elapsed=0.166s found=True
real_distance:3.4319805153394647
[Debug] observation rotation: angle=0 pause=0.25s
[Debug] observation rotation: angle=90 pause=0.25s
[Debug] observation rotation: angle=180 pause=0.25s
[Debug] observation rotation: angle=270 pause=0.25s
[Debug] calling detection service: position_id=big+0+0 angle=0 prompt='chair . table . sofa . lamp .'
[Debug] received detection service result: position_id=big+0+0 angle=0
[Debug] calling detection service: position_id=big+0+0 angle=90 prompt='chair . table . bowl . apple .'
[Debug] received detection service result: position_id=big+0+0 angle=90
[Debug] calling detection service: position_id=big+0+0 angle=180 prompt='chair . doorway . counter . toaster .'
[Debug] received detection service result: position_id=big+0+0 angle=180
[Debug] calling detection service: position_id=big+0+0 angle=270 prompt='chair . cave . wall .'
[Debug] received detection service result: position_id=big+0+0 angle=270
[Debug] box_info_list_sum: [[{'label': 'lamp', 'box': [931, 455, 1023, 811]}, {'label': 'sofa', 'box': [593, 629, 974, 842]}, {'label': 'table', 'box': [251, 658, 476, 849]}], [{'label': 'chair', 'box': [361, 726, 442, 1009]}, {'label': 'table', 'box': [416, 657, 926, 1022]}, {'label': 'apple', 'box': [679, 699, 715, 731]}], [{'label': 'doorway', 'box': [293, 372, 570, 931]}, {'label': 'counter', 'box': [620, 735, 1023, 1023]}], [{'label': 'wall', 'box': [1, 0, 1022, 830]}]]
floorlamp
sofa
floor
[Debug] preserving goal candidate: label=chair angle=90 obj_id=11 visible_ratio=0.007940 bbox=143x282 box_match=0.3589 detection_bbox=81x283
chair
floor
diningtable
doorway
countertop
wall
[Debug] max_similar_objs_list: [[('floorlamp', 0, 32, 0.7215485572814941, 'floorlamp', array([3.8608205 , 0.93425405, 4.837762  ], dtype=float32))], [('sofa', 0, 75, 1.0, 'sofa', array([2.5741389, 0.4475542, 4.7152805], dtype=float32))], [('floor', 0, 30, 0.6794582009315491, 'floor', array([2.54, 0.  , 2.54], dtype=float32))], [('chair', 90, 11, 1.0, 'chair', array([3.1250348, 0.3868456, 2.290052 ], dtype=float32))], [('floor', 90, 28, 0.6794582009315491, 'floor', array([2.54  , 0.    , 1.6935], dtype=float32))], [('diningtable', 90, 15, 0.4127134680747986, 'diningtable', array([3.1220288, 0.3906947, 1.6924254], dtype=float32))], [('doorway', 180, 19, 1.0, 'doorway', array([1.5510572, 1.0500227, 0.       ], dtype=float32))], [('countertop', 180, 12, 0.8331171870231628, 'countertop', array([0.48542398, 0.4709986 , 1.7771144 ], dtype=float32))], [('wall', 270, 84, 1.0, 'wall', array([0.       , 2.0083504, 1.6935   ], dtype=float32))]]
[Debug] empty_position: []
 {
    "Place": 0,
    "Angle": 0,
    "Objects": [
        "sofa",
        "floor",
        "floorlamp",
        "floor lamp"
    ]
}{
    "Place": 0,
    "Angle": 90,
    "Objects": [
        "bowl",
        "floor",
        "diningtable",
        "chair"
    ]
}{
    "Place": 0,
    "Angle": 180,
    "Objects": [
        "toaster",
        "countertop",
        "doorway"
    ]
}{
    "Place": 0,
    "Angle": 270,
    "Objects": [
        "cave",
        "wall"
    ]
}
[Debug] allowed planner objects: ['chair', 'doorway', 'sofa', 'floorlamp', 'countertop', 'diningtable']
[Debug] allowed planner objects by place: {0: ['chair', 'doorway', 'sofa', 'countertop', 'floorlamp', 'diningtable']}
[Debug] bypassing planner because goal is already observed: {"Place": 0, "Angle": 90, "Objects": ["chair"]}
{"Place": 0, "Angle": 90, "Objects": ["chair"]}
[Debug] planner selected: place=0, angle=90, objects=['chair']
last_key:[]
[Debug] allowed_targets_by_place[0] candidates: [('chair', 90, 11, 1.0, 'chair', array([3.1250348, 0.3868456, 2.290052 ], dtype=float32)), ('doorway', 180, 19, 1.0, 'doorway', array([1.5510572, 1.0500227, 0.       ], dtype=float32)), ('sofa', 0, 75, 1.0, 'sofa', array([2.5741389, 0.4475542, 4.7152805], dtype=float32)), ('countertop', 180, 12, 0.8331171870231628, 'countertop', array([0.48542398, 0.4709986 , 1.7771144 ], dtype=float32)), ('floorlamp', 0, 32, 0.7215485572814941, 'floorlamp', array([3.8608205 , 0.93425405, 4.837762  ], dtype=float32)), ('diningtable', 90, 15, 0.4127134680747986, 'diningtable', array([3.1220288, 0.3906947, 1.6924254], dtype=float32))]
[Debug] resolved target tuple: ('chair', 90, 11, 1.0, 'chair', array([3.1250348, 0.3868456, 2.290052 ], dtype=float32)) from representative place 0
[Debug] resolved source place: 0 for representative place 0
0
final_goal:chair,sub_goal:chair,place:0,trajectory: chair in Place 0.
sub_target_id:11
target:chair
final_goal:chair
final_length:0
[Timing] pathfinder to-subgoal elapsed=0.149s found=True
[Debug] sub-goal visible on screen: label=chair ratio=0.016765 bbox=175x233
[Debug] calling detection service: position_id=goal-visible-1-0-1 angle=45 prompt='chair .'
[Debug] received detection service result: position_id=goal-visible-1-0-1 angle=45
[Debug] semantic goal candidate rejected by RGB detector: label=chair ratio=0.016765 semantic_bbox=175x233
[Debug] calling detection service: position_id=goal-visible-1-0-2 angle=45 prompt='chair .'
[Debug] received detection service result: position_id=goal-visible-1-0-2 angle=45
[Debug] semantic goal candidate rejected by RGB detector: label=chair ratio=0.012277 semantic_bbox=157x212
[Debug] observation rotation: angle=0 pause=0.25s
[Debug] observation rotation: angle=90 pause=0.25s
[Debug] observation rotation: angle=180 pause=0.25s
[Debug] observation rotation: angle=270 pause=0.25s
Setting `pad_token_id` to `eos_token_id`:151645 for open-end generation.
Setting `pad_token_id` to `eos_token_id`:151645 for open-end generation.
Setting `pad_token_id` to `eos_token_id`:151645 for open-end generation.
Setting `pad_token_id` to `eos_token_id`:151645 for open-end generation.
[Debug] calling detection service: position_id=big+1+1 angle=0 prompt='chair . sofa . box . lamp .'
[Debug] received detection service result: position_id=big+1+1 angle=0
[Debug] calling detection service: position_id=big+1+1 angle=90 prompt='chair . doorway . window .'
[Debug] received detection service result: position_id=big+1+1 angle=90
[Debug] calling detection service: position_id=big+1+1 angle=180 prompt='chair . table . shelf .'
[Debug] received detection service result: position_id=big+1+1 angle=180
[Debug] calling detection service: position_id=big+1+1 angle=270 prompt='chair . counter . laptop . lamp .'
[Debug] received detection service result: position_id=big+1+1 angle=270
[Debug] box_info_list_sum: [[{'label': 'lamp', 'box': [542, 441, 642, 880]}, {'label': 'box', 'box': [633, 780, 766, 898]}, {'label': 'sofa', 'box': [35, 653, 493, 929]}], [{'label': 'window', 'box': [204, 272, 505, 809]}, {'label': 'doorway', 'box': [0, 335, 179, 1022]}], [{'label': 'shelf', 'box': [163, 711, 757, 863]}, {'label': 'table', 'box': [187, 823, 1023, 1023]}], [{'label': 'lamp', 'box': [867, 601, 913, 674]}, {'label': 'counter', 'box': [0, 602, 610, 1023]}, {'label': 'chair', 'box': [0, 801, 170, 929]}]]
box
window
doorway
wall
desklamp
[Debug] dropped verified goal candidate: label=chair angle=270 box=[0, 801, 170, 929] overlaps=pot#52:0.456, diningtable#15:0.437, floor#28:0.068, countertop#12:0.035, wall#103:0.003
pot
[Debug] max_similar_objs_list: [[('box', 0, 10, 1.0, 'box', array([4.3102436 , 0.12692167, 4.7781076 ], dtype=float32))], [('window', 90, 112, 1.0, 'window', array([5.08     , 1.4987931, 2.94943  ], dtype=float32))], [('doorway', 90, 20, 1.0, 'doorway', array([5.5172925, 1.0534256, 4.079417 ], dtype=float32))], [('wall', 180, 103, 0.6527454257011414, 'wall', array([2.5400000e+00, 2.0083501e+00, 2.8421709e-14], dtype=float32))], [('desklamp', 270, 14, 0.7352255582809448, 'desklamp', array([0.6672951, 0.8798679, 4.594844 ], dtype=float32))], [('pot', 270, 52, 0.5783893465995789, 'pot', array([2.4571881 , 0.85665584, 1.5541527 ], dtype=float32))]]
[Debug] empty_position: []
 {
    "Place": 0,
    "Angle": 0,
    "Objects": [
        "sofa",
        "floor",
        "floorlamp",
        "floor lamp"
    ]
}{
    "Place": 0,
    "Angle": 180,
    "Objects": [
        "toaster",
        "countertop",
        "doorway"
    ]
}{
    "Place": 0,
    "Angle": 270,
    "Objects": [
        "cave",
        "wall"
    ]
} {
    "Place": 1,
    "Angle": 0,
    "Objects": [
        "box"
    ]
}{
    "Place": 1,
    "Angle": 90,
    "Objects": [
        "window",
        "doorway"
    ]
}{
    "Place": 1,
    "Angle": 270,
    "Objects": [
        "laptop",
        "desklamp",
        "apple"
    ]
}
[Debug] resolver candidates place=0: exact=4 relaxed_or_synthesized=1
[Debug] allowed planner objects: ['doorway', 'window', 'box', 'desklamp']
[Debug] allowed planner objects by place: {0: [], 1: ['doorway', 'window', 'box', 'desklamp']}
The above is a description of different places in different angles in the environment.Your can get to any place described in the json data. Your goal is to find the chair. Based on the above json data, please choose one specific object to travel to as your target. If your goal is already in the description, please choose it as the target. You must choose an object only from this allowed list: doorway, window, box, desklamp. Do not output any object name that is not in the allowed list. Valid choosable objects by place are: Place 1: doorway, window, box, desklamp. The Objects field must contain exactly one object from the chosen place list.Note that you can travel to door or door frame to other spaces if there are no clear evidence to choose the target.  Return exactly one JSON object by referring to the following template.
            {"Place": x, "Angle": x, "Objects": ["xxxx"] }
            If your goal is already in the description, please choose it as the target. You should not output any explanation, markdown, prose, examples, or extra text before or after the JSON. Note that your should choose only one object in one angle of one place in the json data as the target.
{"Place": 1, "Angle": 270, "Objects": ["desklamp"]}
[Timing] planning mode=kv elapsed=1.236s
{"Place": 1, "Angle": 270, "Objects": ["desklamp"]}
[Debug] planner selected: place=1, angle=270, objects=['desklamp']
last_key:['Place 0']
[Debug] allowed_targets_by_place[1] candidates: [('doorway', 90, 20, 1.0, 'doorway', array([5.5172925, 1.0534256, 4.079417 ], dtype=float32)), ('window', 90, 112, 1.0, 'window', array([5.08     , 1.4987931, 2.94943  ], dtype=float32)), ('box', 0, 10, 1.0, 'box', array([4.3102436 , 0.12692167, 4.7781076 ], dtype=float32)), ('desklamp', 270, 14, 0.7352255582809448, 'desklamp', array([0.6672951, 0.8798679, 4.594844 ], dtype=float32))]
[Debug] resolved target tuple: ('desklamp', 270, 14, 0.7352255582809448, 'desklamp', array([0.6672951, 0.8798679, 4.594844 ], dtype=float32)) from representative place 1
[Debug] resolved source place: 1 for representative place 1
1
final_goal:chair,sub_goal:desklamp,place:1,trajectory: chair in Place 0.desklamp in Place 1.
sub_target_id:14
target:desklamp
final_goal:chair
final_length:3.431980848312378
[Timing] pathfinder to-subgoal elapsed=0.176s found=True
[Debug] sub-goal visible on screen: label=desklamp ratio=0.002169 bbox=40x79
[Debug] observation rotation: angle=0 pause=0.25s
[Debug] observation rotation: angle=90 pause=0.25s
[Debug] observation rotation: angle=180 pause=0.25s
[Debug] observation rotation: angle=270 pause=0.25s
[Debug] calling detection service: position_id=big+2+2 angle=0 prompt='chair . sofa . picture . lamp .'
[Debug] received detection service result: position_id=big+2+2 angle=0
[Debug] calling detection service: position_id=big+2+2 angle=90 prompt='chair . sofa . lamp . window .'
[Debug] received detection service result: position_id=big+2+2 angle=90
[Debug] calling detection service: position_id=big+2+2 angle=180 prompt='chair . table . counter . fruit .'
[Debug] received detection service result: position_id=big+2+2 angle=180
[Debug] calling detection service: position_id=big+2+2 angle=270 prompt='chair . table . basket .'
[Debug] received detection service result: position_id=big+2+2 angle=270
[Debug] box_info_list_sum: [[{'label': 'picture', 'box': [201, 370, 592, 650]}], [{'label': 'lamp', 'box': [299, 449, 392, 741]}, {'label': 'window', 'box': [596, 414, 711, 628]}, {'label': 'sofa', 'box': [0, 702, 422, 1023]}, {'label': 'chair', 'box': [887, 723, 1023, 1009]}], [{'label': 'fruit', 'box': [139, 639, 235, 672]}, {'label': 'table', 'box': [0, 649, 331, 942]}, {'label': 'chair', 'box': [0, 826, 52, 923]}], [{'label': 'table', 'box': [535, 876, 926, 1023]}, {'label': 'chair', 'box': [853, 903, 1023, 1023]}]]
painting
[Debug] preserving goal candidate: label=chair angle=90 obj_id=11 visible_ratio=0.013994 bbox=136x282 box_match=0.3753 detection_bbox=136x286
[Debug] preserving goal candidate: label=chair angle=180 obj_id=11 visible_ratio=0.002769 bbox=52x98 box_match=0.5745 detection_bbox=52x97
box
[Debug] dropped verified goal candidate: label=chair angle=270 box=[853, 903, 1023, 1023] overlaps=desklamp#14:0.548, diningtable#16:0.316, newspaper#37:0.081, wall#97:0.036, wall#110:0.019
[Debug] max_similar_objs_list: [[('painting', 0, 41, 0.7150622606277466, 'painting', array([1.0122879, 1.5779803, 5.0591297], dtype=float32))], [('box', 270, 9, 0.661896288394928, 'box', array([0.5544365 , 0.81227887, 4.170649  ], dtype=float32))]]
[Debug] empty_position: []
Setting `pad_token_id` to `eos_token_id`:151645 for open-end generation.
Setting `pad_token_id` to `eos_token_id`:151645 for open-end generation.
Setting `pad_token_id` to `eos_token_id`:151645 for open-end generation.
Setting `pad_token_id` to `eos_token_id`:151645 for open-end generation.
 {
    "Place": 0,
    "Angle": 0,
    "Objects": [
        "sofa",
        "floor",
        "floorlamp",
        "floor lamp"
    ]
}{
    "Place": 0,
    "Angle": 180,
    "Objects": [
        "toaster",
        "countertop",
        "doorway"
    ]
}{
    "Place": 0,
    "Angle": 270,
    "Objects": [
        "cave",
        "wall"
    ]
} {
    "Place": 1,
    "Angle": 0,
    "Objects": [
        "box"
    ]
}{
    "Place": 1,
    "Angle": 90,
    "Objects": [
        "window",
        "doorway"
    ]
} {
    "Place": 2,
    "Angle": 0,
    "Objects": [
        "sofa",
        "lamp",
        "painting"
    ]
}{
    "Place": 2,
    "Angle": 90,
    "Objects": [
        "mirror"
    ]
}{
    "Place": 2,
    "Angle": 180,
    "Objects": [
        "counter"
    ]
}{
    "Place": 2,
    "Angle": 270,
    "Objects": [
        "basket",
        "box"
    ]
}
[Debug] resolver candidates place=0: exact=4 relaxed_or_synthesized=1
[Debug] allowed planner objects: ['box', 'painting']
[Debug] allowed planner objects by place: {0: [], 1: [], 2: ['painting', 'box']}
The above is a description of different places in different angles in the environment.Your can get to any place described in the json data. Your goal is to find the chair. Based on the above json data, please choose one specific object to travel to as your target. If your goal is already in the description, please choose it as the target. You must choose an object only from this allowed list: box, painting. Do not output any object name that is not in the allowed list. Valid choosable objects by place are: Place 2: painting, box. The Objects field must contain exactly one object from the chosen place list.Note that you can travel to door or door frame to other spaces if there are no clear evidence to choose the target.  Return exactly one JSON object by referring to the following template.
            {"Place": x, "Angle": x, "Objects": ["xxxx"] }
            If your goal is already in the description, please choose it as the target. You should not output any explanation, markdown, prose, examples, or extra text before or after the JSON. Note that your should choose only one object in one angle of one place in the json data as the target.
{"Place": 2, "Angle": 90, "Objects": ["box"]}
[Timing] planning mode=kv elapsed=1.176s
{"Place": 2, "Angle": 90, "Objects": ["box"]}
[Debug] planner selected: place=2, angle=90, objects=['box']
last_key:['Place 0', 'Place 1']
[Debug] allowed_targets_by_place[2] candidates: [('painting', 0, 41, 0.7150622606277466, 'painting', array([1.0122879, 1.5779803, 5.0591297], dtype=float32)), ('box', 270, 9, 0.661896288394928, 'box', array([0.5544365 , 0.81227887, 4.170649  ], dtype=float32))]
[Debug] resolved target tuple: ('box', 270, 9, 0.661896288394928, 'box', array([0.5544365 , 0.81227887, 4.170649  ], dtype=float32)) from representative place 2
[Debug] resolved source place: 2 for representative place 2
2
final_goal:chair,sub_goal:box,place:2,trajectory: chair in Place 0.desklamp in Place 1.box in Place 2.
sub_target_id:9
target:box
final_goal:chair
final_length:6.656854152679443
[Timing] pathfinder to-subgoal elapsed=0.035s found=True
[Debug] observation rotation: angle=0 pause=0.25s
[Debug] observation rotation: angle=90 pause=0.25s
[Debug] observation rotation: angle=180 pause=0.25s
[Debug] observation rotation: angle=270 pause=0.25s
[Debug] calling detection service: position_id=big+3+3 angle=0 prompt='chair . table . picture . lamp .'
[Debug] received detection service result: position_id=big+3+3 angle=0
[Debug] calling detection service: position_id=big+3+3 angle=90 prompt='chair . desk . sofa . lamp .'
[Debug] received detection service result: position_id=big+3+3 angle=90
[Debug] calling detection service: position_id=big+3+3 angle=180 prompt='chair . counter . shelf . picture frame .'
[Debug] received detection service result: position_id=big+3+3 angle=180
[Debug] calling detection service: position_id=big+3+3 angle=270 prompt='chair . feet .'
[Debug] received detection service result: position_id=big+3+3 angle=270
[Debug] box_info_list_sum: [[{'label': 'picture', 'box': [554, 397, 871, 623]}, {'label': 'lamp', 'box': [539, 794, 678, 1023]}, {'label': 'table', 'box': [240, 855, 838, 1023]}], [{'label': 'lamp', 'box': [309, 463, 381, 683]}, {'label': 'chair', 'box': [735, 667, 863, 852]}, {'label': 'desk', 'box': [739, 624, 1023, 960]}], [{'label': 'picture frame', 'box': [677, 91, 832, 456]}, {'label': 'shelf', 'box': [82, 645, 250, 740]}], [{'label': 'feet', 'box': [168, 651, 614, 1023]}]]
diningtable
[Debug] preserving goal candidate: label=chair angle=90 obj_id=11 visible_ratio=0.007148 bbox=127x186 box_match=0.3163 detection_bbox=128x185
painting
shelf
wall
[Debug] max_similar_objs_list: [[('diningtable', 0, 16, 0.6230829358100891, 'diningtable', array([0.5476556, 0.3513229, 4.532344 ], dtype=float32))], [('painting', 180, 40, 0.5644656419754028, 'painting', array([0.02087049, 1.9815652 , 2.621764  ], dtype=float32))], [('shelf', 180, 56, 1.0, 'shelf', array([2.6667285 , 0.45092985, 0.12104821], dtype=float32))], [('wall', 270, 97, 0.5582776069641113, 'wall', array([0.       , 2.0083504, 2.5399997], dtype=float32))]]
[Debug] empty_position: []
 {
    "Place": 0,
    "Angle": 0,
    "Objects": [
        "sofa",
        "floor",
        "floorlamp",
        "floor lamp"
    ]
}{
    "Place": 0,
    "Angle": 180,
    "Objects": [
        "toaster",
        "countertop",
        "doorway"
    ]
}{
    "Place": 0,
    "Angle": 270,
    "Objects": [
        "cave",
        "wall"
    ]
} {
    "Place": 1,
    "Angle": 0,
    "Objects": [
        "box"
    ]
}{
    "Place": 1,
    "Angle": 90,
    "Objects": [
        "window",
        "doorway"
    ]
} {
    "Place": 2,
    "Angle": 0,
    "Objects": [
        "sofa",
        "lamp",
        "painting"
    ]
}{
    "Place": 2,
    "Angle": 90,
    "Objects": [
        "mirror"
    ]
}{
    "Place": 2,
    "Angle": 180,
    "Objects": [
        "counter"
    ]
} {
    "Place": 3,
    "Angle": 0,
    "Objects": [
        "candle",
        "diningtable"
    ]
}{
    "Place": 3,
    "Angle": 90,
    "Objects": [
        "window",
        "sofa"
    ]
}{
    "Place": 3,
    "Angle": 180,
    "Objects": [
        "grater",
        "painting",
        "counter",
        "shelf"
    ]
}{
    "Place": 3,
    "Angle": 270,
    "Objects": [
        "shadow",
        "wall"
    ]
}
[Debug] resolver candidates place=0: exact=4 relaxed_or_synthesized=1
[Debug] allowed planner objects: ['shelf', 'painting', 'diningtable']
[Debug] allowed planner objects by place: {0: [], 1: [], 2: [], 3: ['shelf', 'diningtable', 'painting']}
The above is a description of different places in different angles in the environment.Your can get to any place described in the json data. Your goal is to find the chair. Based on the above json data, please choose one specific object to travel to as your target. If your goal is already in the description, please choose it as the target. You must choose an object only from this allowed list: shelf, painting, diningtable. Do not output any object name that is not in the allowed list. Valid choosable objects by place are: Place 3: shelf, diningtable, painting. The Objects field must contain exactly one object from the chosen place list.Note that you can travel to door or door frame to other spaces if there are no clear evidence to choose the target.  Return exactly one JSON object by referring to the following template.
            {"Place": x, "Angle": x, "Objects": ["xxxx"] }
            If your goal is already in the description, please choose it as the target. You should not output any explanation, markdown, prose, examples, or extra text before or after the JSON. Note that your should choose only one object in one angle of one place in the json data as the target.
{"Place": 3, "Angle": 0, "Objects": ["shelf"]}
[Timing] planning mode=kv elapsed=1.170s
{"Place": 3, "Angle": 0, "Objects": ["shelf"]}
[Debug] planner selected: place=3, angle=0, objects=['shelf']
last_key:['Place 0', 'Place 1', 'Place 2']
/home/min/test/EfficientNav/efficientnav.py:2118: RuntimeWarning: More than 20 figures have been opened. Figures created through the pyplot interface (`matplotlib.pyplot.figure`) are retained until explicitly closed and may consume too much memory. (To control this warning, see the rcParam `figure.max_open_warning`). Consider using `matplotlib.pyplot.close()`.
  fig, axes = plt.subplots(ceil(360 / 90 / images_per_row), images_per_row, figsize=(15, 15))
Setting `pad_token_id` to `eos_token_id`:151645 for open-end generation.
Setting `pad_token_id` to `eos_token_id`:151645 for open-end generation.
Setting `pad_token_id` to `eos_token_id`:151645 for open-end generation.
Setting `pad_token_id` to `eos_token_id`:151645 for open-end generation.
[Debug] allowed_targets_by_place[3] candidates: [('shelf', 180, 56, 1.0, 'shelf', array([2.6667285 , 0.45092985, 0.12104821], dtype=float32)), ('diningtable', 0, 16, 0.6230829358100891, 'diningtable', array([0.5476556, 0.3513229, 4.532344 ], dtype=float32)), ('painting', 180, 40, 0.5644656419754028, 'painting', array([0.02087049, 1.9815652 , 2.621764  ], dtype=float32))]
[Debug] resolved target tuple: ('shelf', 180, 56, 1.0, 'shelf', array([2.6667285 , 0.45092985, 0.12104821], dtype=float32)) from representative place 3
[Debug] resolved source place: 3 for representative place 3
3
final_goal:chair,sub_goal:shelf,place:3,trajectory: chair in Place 0.desklamp in Place 1.box in Place 2.shelf in Place 3.
sub_target_id:56
target:shelf
final_goal:chair
final_length:7.510407447814941
[Timing] pathfinder to-subgoal elapsed=0.164s found=True
[Debug] sub-goal visible on screen: label=shelf ratio=0.002073 bbox=64x53
[Debug] calling detection service: position_id=goal-visible-4-3-4 angle=135 prompt='chair .'
[Debug] received detection service result: position_id=goal-visible-4-3-4 angle=135
[Debug] final goal visible on screen: label=chair ratio=0.011081 semantic_bbox=145x220 rgb_bbox=145x219
[Debug] saved final goal bbox: tmp/navigation_images/final_goal_visible_step_4.png
[Debug] final goal detected; approaching GT coordinates before stopping
[Timing] pathfinder final-approach elapsed=0.149s found=True
[Debug] close enough to final goal coordinates: label=chair distance=1.453
[Timing] episode elapsed=72.097s sr=1 spl=0.3387 final_length=10.1317
[Timing] val_auto episode total elapsed=72.097s goal=chair sr=1 spl=0.3387 completed_eval_episodes=9/10
[Debug] episode success: final_goal=chair sr=1 spl=0.3387 final_length=10.1317
[Debug] selectable goal names count=31 sample=['apple', 'butterknife', 'cellphone', 'chair', 'countertop', 'cup', 'diningtable', 'doorway', 'egg', 'floor']
[Debug] using requested target object=chair
[Debug] reachable_positions=931 candidate_objects_for_chair=6
[Debug] starting independent environment episode=1/1
[Debug] experiment setup: seed=7 goal_instance_index=random start_index=random start_rotation=270.0 start_point=(2.750, 0.901, 2.750)
[Timing] pathfinder goal-distance elapsed=0.808s found=True
real_distance:2.871320343559643
[Debug] observation rotation: angle=0 pause=0.25s
[Debug] observation rotation: angle=90 pause=0.25s
[Debug] observation rotation: angle=180 pause=0.25s
[Debug] observation rotation: angle=270 pause=0.25s
[Debug] calling detection service: position_id=big+0+0 angle=0 prompt='chair . table . cup . kettle .'
[Debug] received detection service result: position_id=big+0+0 angle=0
[Debug] calling detection service: position_id=big+0+0 angle=90 prompt='chair . shelf . refrigerator . window .'
[Debug] received detection service result: position_id=big+0+0 angle=90
[Debug] calling detection service: position_id=big+0+0 angle=180 prompt='chair . floor . wall .'
[Debug] received detection service result: position_id=big+0+0 angle=180
[Debug] calling detection service: position_id=big+0+0 angle=270 prompt='chair . window . floor .'
[Debug] received detection service result: position_id=big+0+0 angle=270
[Debug] box_info_list_sum: [[{'label': 'cup', 'box': [352, 692, 690, 798]}, {'label': 'kettle', 'box': [162, 724, 246, 808]}, {'label': 'table', 'box': [2, 704, 828, 1021]}, {'label': 'chair', 'box': [0, 663, 930, 1023]}], [{'label': 'window', 'box': [399, 476, 483, 560]}, {'label': 'refrigerator', 'box': [0, 486, 89, 671]}, {'label': 'shelf', 'box': [105, 549, 204, 660]}], [{'label': 'wall', 'box': [0, 155, 1022, 805]}, {'label': 'floor', 'box': [0, 802, 1023, 1022]}], [{'label': 'floor', 'box': [0, 804, 1023, 1023]}, {'label': 'window', 'box': [647, 411, 1014, 810]}]]
floor
kettle
chair
[Debug] preserving goal candidate: label=chair angle=0 obj_id=5 visible_ratio=0.003401 bbox=125x266 box_match=0.0107 detection_bbox=930x360
[Debug] preserving goal candidate: label=chair angle=0 obj_id=6 visible_ratio=0.022289 bbox=236x307 box_match=0.0698 detection_bbox=930x360
[Debug] preserving goal candidate: label=chair angle=0 obj_id=7 visible_ratio=0.026088 bbox=242x281 box_match=0.0817 detection_bbox=930x360
[Debug] preserving goal candidate: label=chair angle=0 obj_id=8 visible_ratio=0.003941 bbox=90x276 box_match=0.0123 detection_bbox=930x360
[Debug] preserving goal candidate: label=chair angle=0 obj_id=9 visible_ratio=0.011694 bbox=331x76 box_match=0.0357 detection_bbox=930x360
[Debug] preserving goal candidate: label=chair angle=0 obj_id=10 visible_ratio=0.011451 bbox=326x78 box_match=0.0351 detection_bbox=930x360
chair
window
fridge
shelvingunit
wall
doorway
[Debug] max_similar_objs_list: [[('floor', 0, 19, 0.6476861834526062, 'floor', array([4.2295, 0.    , 4.2295], dtype=float32))], [('kettle', 0, 21, 1.0, 'kettle', array([1.8770919 , 0.87440926, 4.2121134 ], dtype=float32))], [('chair', 0, 6, 0.7113682627677917, 'chair', array([1.484453 , 0.4184959, 4.3294973], dtype=float32))], [('chair', 0, 9, 1.0, 'chair', array([2.9914734 , 0.41849566, 3.7353687 ], dtype=float32))], [('window', 90, 64, 1.0, 'window', array([8.459    , 1.4992062, 3.526647 ], dtype=float32))], [('fridge', 90, 20, 0.9570007920265198, 'fridge', array([8.072721 , 0.9009699, 7.931604 ], dtype=float32))], [('shelvingunit', 90, 51, 0.5709303617477417, 'shelvingunit', array([8.314962 , 0.5777352, 6.615087 ], dtype=float32))], [('wall', 180, 63, 1.0, 'wall', array([4.2295   , 1.7389138, 0.       ], dtype=float32))], [('doorway', 270, 16, 0.7156640887260437, 'doorway', array([-5.9604645e-08,  1.0479665e+00,  4.4426756e+00], dtype=float32))]]
[Debug] empty_position: []
 {
    "Place": 0,
    "Angle": 0,
    "Objects": [
        "spoon",
        "chair",
        "floor",
        "kettle"
    ]
}{
    "Place": 0,
    "Angle": 90,
    "Objects": [
        "window",
        "fridge",
        "shelvingunit"
    ]
}{
    "Place": 0,
    "Angle": 270,
    "Objects": [
        "doorway"
    ]
}
[Debug] allowed planner objects: ['chair', 'doorway', 'window', 'kettle', 'fridge', 'shelvingunit']
[Debug] allowed planner objects by place: {0: ['chair', 'doorway', 'window', 'kettle', 'fridge', 'shelvingunit']}
[Debug] bypassing planner because goal is already observed: {"Place": 0, "Angle": 0, "Objects": ["chair"]}
{"Place": 0, "Angle": 0, "Objects": ["chair"]}
[Debug] planner selected: place=0, angle=0, objects=['chair']
last_key:[]
[Debug] allowed_targets_by_place[0] candidates: [('chair', 0, 9, 1.0, 'chair', array([2.9914734 , 0.41849566, 3.7353687 ], dtype=float32)), ('chair', 0, 6, 0.7113682627677917, 'chair', array([1.484453 , 0.4184959, 4.3294973], dtype=float32)), ('doorway', 270, 16, 0.7156640887260437, 'doorway', array([-5.9604645e-08,  1.0479665e+00,  4.4426756e+00], dtype=float32)), ('window', 90, 64, 1.0, 'window', array([8.459    , 1.4992062, 3.526647 ], dtype=float32)), ('kettle', 0, 21, 1.0, 'kettle', array([1.8770919 , 0.87440926, 4.2121134 ], dtype=float32)), ('fridge', 90, 20, 0.9570007920265198, 'fridge', array([8.072721 , 0.9009699, 7.931604 ], dtype=float32)), ('shelvingunit', 90, 51, 0.5709303617477417, 'shelvingunit', array([8.314962 , 0.5777352, 6.615087 ], dtype=float32))]
[Debug] resolved target tuple: ('chair', 0, 9, 1.0, 'chair', array([2.9914734 , 0.41849566, 3.7353687 ], dtype=float32)) from representative place 0
[Debug] resolved source place: 0 for representative place 0
0
final_goal:chair,sub_goal:chair,place:0,trajectory: chair in Place 0.
sub_target_id:9
target:chair
final_goal:chair
final_length:0
[Timing] pathfinder to-subgoal elapsed=0.061s found=True
[Debug] calling detection service: position_id=goal-visible-1-0-1 angle=45 prompt='chair .'
[Debug] received detection service result: position_id=goal-visible-1-0-1 angle=45
[Debug] final goal visible on screen: label=chair ratio=0.022199 semantic_bbox=219x298 rgb_bbox=212x300
[Debug] saved final goal bbox: tmp/navigation_images/final_goal_visible_step_1.png
[Debug] final goal detected; approaching GT coordinates before stopping
[Timing] pathfinder final-approach elapsed=0.676s found=True
[Debug] close enough to final goal coordinates: label=chair distance=1.467
[Timing] episode elapsed=17.549s sr=1 spl=1.0000 final_length=0.5000
[Timing] val_auto episode total elapsed=17.549s goal=chair sr=1 spl=1.0000 completed_eval_episodes=10/10
[Debug] episode success: final_goal=chair sr=1 spl=1.0000 final_length=0.5000
